launching rebuild-from-jsonl --with-enrichment (WIPES ~/.wyrd/lexicon.db, backed up) at 05:13UTC
Bulk ingest (L1):
  slices ingested:   38
  lines_read                           2,006,152
  entries_parsed                       2,006,152
  entries_skipped_malformed                    0
  upward_edges                         1,275,811
  downward_edges                       1,340,046
  skipped_templates                      292,194
  unsupported_templates                   39,706
  forms_emitted                        8,163,418
  forms_skipped_metadata                 537,635
  forms_skipped_unemittable              598,694
  pronunciation_captured                 389,620
  original_script_captured                78,368
  transliteration_captured                39,990
  tags_added                              72,523
  entries_with_tags                       47,924
  applied                                     38

Rebuilt /home/devon/.wyrd/lexicon.db from 53 JSONL files
Inserted:
  source                                    53
  etymon                                  6318
  toponym                                21207
  citation                                8471
  etymon_descent                            14
  mining_run                               202
  etymology_element                       5998
  etymology_element_dupes_skipped           66
  citation_orphans                           0
  citation_orphan_refs                (0 samples)
  etymon_descent_orphans                     0
  etymon_descent_orphan_refs          (0 samples)
  etymology_element_orphans                  0
  etymology_element_orphan_refs       (0 samples)
  attestation                            23954
  attestation_orphans                        0
  attestation_orphan_refs             (0 samples)
  fantasy_morpheme                        1070
  fantasy_morpheme_orphans                 238
  fantasy_morpheme_orphan_refs        (50 samples)
  personal_name                              0
  personal_name_orphans                      0
  personal_name_orphan_refs           (0 samples)
  personal_name_toponym_attestation          0
  personal_name_attestation_orphans          0
  personal_name_attestation_orphan_refs (0 samples)

Cross-product cap (256) reached for toponym 'Aston Ingham' — capped per-word options (was [27, 18], now [16, 16]) so all combos stay full-length.
Cross-product cap (256) reached for toponym 'Berrington' — capped per-word options (was [287], now [256]) so all combos stay full-length.
Cross-product cap (256) reached for toponym "Canons' Barton" — capped per-word options (was [15, 70], now [15, 17]) so all combos stay full-length.
Cross-product cap (256) reached for toponym 'Evidently the Welsh Penarth' — capped per-word options (was [30, 4, 8, 36], now [4, 4, 4, 4]) so all combos stay full-length.
Cross-product cap (256) reached for toponym 'Newecastle-under-Lyme' — capped per-word options (was [640], now [256]) so all combos stay full-length.
Cross-product cap (256) reached for toponym 'Ogley Hay' — capped per-word options (was [60, 14], now [18, 14]) so all combos stay full-length.
Cross-product cap (256) reached for toponym 'Wolverhampton' — capped per-word options (was [405], now [256]) so all combos stay full-length.
Cross-product cap (256) reached for toponym 'Ashlack Hall' — capped per-word options (was [24, 17], now [16, 16]) so all combos stay full-length.
Cross-product cap (256) reached for toponym 'Ashton Hall' — capped per-word options (was [28, 17], now [16, 16]) so all combos stay full-length.
Cross-product cap (256) reached for toponym 'Bigland Hall' — capped per-word options (was [22, 17], now [16, 16]) so all combos stay full-length.
Cross-product cap (256) reached for toponym 'Burblethwaite Hall' — capped per-word options (was [48, 17], now [16, 16]) so all combos stay full-length.
Cross-product cap (256) reached for toponym 'Cockersand Abbey' — capped per-word options (was [28, 12], now [21, 12]) so all combos stay full-length.
Cross-product cap (256) reached for toponym 'Hart Carrs' — capped per-word options (was [23, 24], now [16, 16]) so all combos stay full-length.
Cross-product cap (256) reached for toponym 'Hartbarrow' — capped per-word options (was [828], now [256]) so all combos stay full-length.
Cross-product cap (256) reached for toponym 'Monk Coniston' — capped per-word options (was [8, 40], now [8, 32]) so all combos stay full-length.
Cross-product cap (256) reached for toponym 'Moorham Hill' — capped per-word options (was [32, 9], now [28, 9]) so all combos stay full-length.
Cross-product cap (256) reached for toponym 'New Chingle Hall' — capped per-word options (was [4, 4, 17], now [4, 4, 16]) so all combos stay full-length.
Cross-product cap (256) reached for toponym 'River-names in Lancashire' — capped per-word options (was [48, 3, 25], now [9, 3, 9]) so all combos stay full-length.
Cross-product cap (256) reached for toponym 'Sowerby Hall' — capped per-word options (was [90, 17], now [16, 16]) so all combos stay full-length.
Cross-product cap (256) reached for toponym 'Stable Harvey' — capped per-word options (was [3, 100], now [3, 85]) so all combos stay full-length.
Cross-product cap (256) reached for toponym 'Swaintley Hill' — capped per-word options (was [30, 9], now [28, 9]) so all combos stay full-length.
Cross-product cap (256) reached for toponym 'Thorfinsty Hall' — capped per-word options (was [24, 17], now [16, 16]) so all combos stay full-length.
Cross-product cap (256) reached for toponym 'Walton Hall' — capped per-word options (was [35, 17], now [16, 16]) so all combos stay full-length.
Cross-product cap (256) reached for toponym 'Whitestock Hall' — capped per-word options (was [44, 17], now [16, 16]) so all combos stay full-length.
Cross-product cap (256) reached for toponym 'ENGLISH RIVER-NAMES Ang' — capped per-word options (was [6, 48, 5], now [6, 8, 5]) so all combos stay full-length.
Cross-product cap (256) reached for toponym 'East and West Looe' — capped per-word options (was [6, 8, 14, 3], now [4, 4, 5, 3]) so all combos stay full-length.
Cross-product cap (256) reached for toponym 'Gariannonor' — capped per-word options (was [273], now [256]) so all combos stay full-length.
Cross-product cap (256) reached for toponym 'Morlas Brook Denb' — capped per-word options (was [32, 4, 4], now [16, 4, 4]) so all combos stay full-length.
Cross-product cap (256) reached for toponym 'Nantwhaynes Brookeside' — capped per-word options (was [144, 15], now [17, 15]) so all combos stay full-length.
Cross-product cap (256) reached for toponym 'Laimhrig and Fearann Laimhrige' — capped per-word options (was [4, 8, 13, 2], now [4, 5, 6, 2]) so all combos stay full-length.
Cross-product cap (256) reached for toponym 'RiNGINGLOW' — capped per-word options (was [364], now [256]) so all combos stay full-length.
Cross-product cap (256) reached for toponym 'Stainland and Stainton' — capped per-word options (was [66, 8, 42], now [6, 6, 7]) so all combos stay full-length.
Cross-product cap (256) reached for toponym 'Stannington' — capped per-word options (was [308], now [256]) so all combos stay full-length.
Cross-product cap (256) reached for toponym 'Strafford Sands' — capped per-word options (was [30, 9], now [28, 9]) so all combos stay full-length.
Cross-product cap (256) reached for toponym 'Whitley Beaumont' — capped per-word options (was [60, 12], now [21, 12]) so all combos stay full-length.
Cross-product cap (256) reached for toponym 'Warrington' — capped per-word options (was [420], now [256]) so all combos stay full-length.
Cross-product cap (256) reached for toponym 'Winstanley' — capped per-word options (was [630], now [256]) so all combos stay full-length.
Cross-product cap (256) reached for toponym 'ABBOTSGRANGE and ABBOTSHAUGH' — capped per-word options (was [30, 8, 24], now [6, 6, 7]) so all combos stay full-length.
Cross-product cap (256) reached for toponym 'BARRHEAD and BARRHILL' — capped per-word options (was [52, 8, 117], now [6, 6, 7]) so all combos stay full-length.
Cross-product cap (256) reached for toponym 'COULBEG and COULMORE' — capped per-word options (was [3, 8, 21], now [3, 8, 10]) so all combos stay full-length.
Cross-product cap (256) reached for toponym 'DENBURN and DENHEAD' — capped per-word options (was [12, 8, 16], now [6, 6, 7]) so all combos stay full-length.
Cross-product cap (256) reached for toponym 'LARGO and LARGO WARD' — capped per-word options (was [8, 8, 8, 12], now [4, 4, 4, 4]) so all combos stay full-length.
Cross-product cap (256) reached for toponym 'Lemannonius of Ptolemy' — capped per-word options (was [22, 3, 32], now [9, 3, 9]) so all combos stay full-length.
Cross-product cap (256) reached for toponym 'PITCAIEN and PITCAIRNGREEN' — capped per-word options (was [4, 8, 12], now [4, 8, 8]) so all combos stay full-length.
Cross-product cap (256) reached for toponym 'ROOE and ROOENESS VOE' — capped per-word options (was [9, 8, 21, 3], now [4, 4, 5, 3]) so all combos stay full-length.
Cross-product cap (256) reached for toponym 'WESTRAY and PAPA WESTRAY' — capped per-word options (was [55, 8, 2, 55], now [5, 5, 2, 5]) so all combos stay full-length.
Cross-product cap (256) reached for toponym 'Called in the English Nennius' — capped per-word options (was [27, 3, 4, 6, 4], now [3, 3, 3, 3, 3]) so all combos stay full-length.
Cross-product cap (256) reached for toponym 'Gartchorrachan' — capped per-word options (was [512], now [256]) so all combos stay full-length.
Cross-product cap (256) reached for toponym 'Wallacerigg and Wallacestone' — capped per-word options (was [20, 8, 90], now [6, 6, 7]) so all combos stay full-length.
Cross-product cap (256) reached for toponym 'GYTING and TEMPLE GUITING' — capped per-word options (was [8, 8, 5, 4], now [4, 4, 4, 4]) so all combos stay full-length.
Cross-product cap (256) reached for toponym 'HAMPTON and HAMPTON COURT' — capped per-word options (was [17, 8, 17, 4], now [4, 4, 4, 4]) so all combos stay full-length.
Cross-product cap (256) reached for toponym 'LOTHERSDALE and LOTHERSDEN' — capped per-word options (was [189, 8, 216], now [6, 6, 7]) so all combos stay full-length.
Cross-product cap (256) reached for toponym 'RAINFORD and RAINHILL' — capped per-word options (was [60, 8, 54], now [6, 6, 7]) so all combos stay full-length.
Cross-product cap (256) reached for toponym "SHENBORO' and SHENINGTON" — capped per-word options (was [15, 8, 140], now [6, 6, 7]) so all combos stay full-length.
Cross-product cap (256) reached for toponym 'STOCKWELL and STOCKWELLFLAT' — capped per-word options (was [15, 8, 9], now [6, 6, 7]) so all combos stay full-length.
Cross-product cap (256) reached for toponym 'WOOKEY and WOOKEY HOLE' — capped per-word options (was [5, 8, 5, 8], now [4, 4, 4, 4]) so all combos stay full-length.
Cross-product cap (256) reached for toponym 'Barnard Castle' — capped per-word options (was [77, 14], now [18, 14]) so all combos stay full-length.
Cross-product cap (256) reached for toponym 'Ants and Midges' — capped per-word options (was [4, 8, 12], now [4, 8, 8]) so all combos stay full-length.
Cross-product cap (256) reached for toponym 'Corcoge Mountain' — capped per-word options (was [12, 25], now [12, 21]) so all combos stay full-length.
Cross-product cap (256) reached for toponym 'Gortnagranagher' — capped per-word options (was [384], now [256]) so all combos stay full-length.
Cross-product cap (256) reached for toponym 'Rathnarovanagh' — capped per-word options (was [360], now [256]) so all combos stay full-length.
Cross-product cap (256) reached for toponym 'Corcoge Mountain' — capped per-word options (was [12, 25], now [12, 21]) so all combos stay full-length.
Cross-product cap (256) reached for toponym 'Farrangarre' — capped per-word options (was [264], now [256]) so all combos stay full-length.
Cross-product cap (256) reached for toponym 'Gortnagranagher' — capped per-word options (was [384], now [256]) so all combos stay full-length.
Cross-product cap (256) reached for toponym 'Port-deha in Aran' — capped per-word options (was [8, 3, 17], now [8, 3, 10]) so all combos stay full-length.
Cross-product cap (256) reached for toponym "Derryvilla in King's Co" — capped per-word options (was [14, 3, 22, 2], now [6, 3, 7, 2]) so all combos stay full-length.
Cross-product cap (256) reached for toponym 'Derryvinaan in Clare' — capped per-word options (was [105, 3, 6], now [14, 3, 6]) so all combos stay full-length.
Cross-product cap (256) reached for toponym "Derryweelan in King's Co" — capped per-word options (was [28, 3, 22, 2], now [6, 3, 7, 2]) so all combos stay full-length.
Cross-product cap (256) reached for toponym 'Dnimcorban in Fermanagh' — capped per-word options (was [72, 3, 117], now [9, 3, 9]) so all combos stay full-length.
Cross-product cap (256) reached for toponym "Dooary in Queen's Co" — capped per-word options (was [36, 3, 8, 2], now [6, 3, 7, 2]) so all combos stay full-length.
Cross-product cap (256) reached for toponym "Drimmo in Queen's Co" — capped per-word options (was [8, 3, 8, 2], now [6, 3, 7, 2]) so all combos stay full-length.
Cross-product cap (256) reached for toponym 'Dromacoosane in Cork' — capped per-word options (was [32, 3, 6], now [14, 3, 6]) so all combos stay full-length.
Cross-product cap (256) reached for toponym 'Dromreag in Kerry' — capped per-word options (was [6, 3, 18], now [6, 3, 14]) so all combos stay full-length.
Cross-product cap (256) reached for toponym "Droughill in Queen's Co" — capped per-word options (was [9, 3, 8, 2], now [6, 3, 7, 2]) so all combos stay full-length.
Cross-product cap (256) reached for toponym 'Druinchoe in Cavan' — capped per-word options (was [16, 3, 9], now [9, 3, 9]) so all combos stay full-length.
Cross-product cap (256) reached for toponym 'Drumaddarainy in Monaghan' — capped per-word options (was [336, 3, 90], now [9, 3, 9]) so all combos stay full-length.
Cross-product cap (256) reached for toponym 'Drumane in Cavan' — capped per-word options (was [38, 3, 9], now [9, 3, 9]) so all combos stay full-length.
Cross-product cap (256) reached for toponym 'Drumbad in Fermanagh' — capped per-word options (was [7, 3, 117], now [7, 3, 12]) so all combos stay full-length.
Cross-product cap (256) reached for toponym 'Drumbama in Fermanagh' — capped per-word options (was [14, 3, 117], now [9, 3, 9]) so all combos stay full-length.
Cross-product cap (256) reached for toponym 'Drumbristan in Fermanagh' — capped per-word options (was [149, 3, 117], now [9, 3, 9]) so all combos stay full-length.
Cross-product cap (256) reached for toponym 'Drumcam in Armagh' — capped per-word options (was [7, 3, 30], now [7, 3, 12]) so all combos stay full-length.
Cross-product cap (256) reached for toponym 'Drumcree in Armagh' — capped per-word options (was [28, 3, 30], now [9, 3, 9]) so all combos stay full-length.
Cross-product cap (256) reached for toponym 'Drumdreenagh in Down' — capped per-word options (was [56, 3, 2], now [42, 3, 2]) so all combos stay full-length.
Cross-product cap (256) reached for toponym 'Drumgavenny in Derry' — capped per-word options (was [84, 3, 18], now [9, 3, 9]) so all combos stay full-length.
Cross-product cap (256) reached for toponym 'Drumgor in Armagh' — capped per-word options (was [14, 3, 30], now [9, 3, 9]) so all combos stay full-length.
Cross-product cap (256) reached for toponym 'Drumhubbert in Tyrone' — capped per-word options (was [42, 3, 4], now [21, 3, 4]) so all combos stay full-length.
Cross-product cap (256) reached for toponym 'Druminshin in Clare' — capped per-word options (was [120, 3, 6], now [14, 3, 6]) so all combos stay full-length.
Cross-product cap (256) reached for toponym 'Drumlee in Antrim' — capped per-word options (was [28, 3, 4], now [21, 3, 4]) so all combos stay full-length.
Cross-product cap (256) reached for toponym 'Drumnakelly in Armagh' — capped per-word options (was [126, 3, 30], now [9, 3, 9]) so all combos stay full-length.
Cross-product cap (256) reached for toponym 'Drumod in Monaghan' — capped per-word options (was [7, 3, 90], now [7, 3, 12]) so all combos stay full-length.
Cross-product cap (256) reached for toponym 'Drumreask in Fermanagh' — capped per-word options (was [14, 3, 117], now [9, 3, 9]) so all combos stay full-length.
Cross-product cap (256) reached for toponym 'Dubber in Dublin Co' — capped per-word options (was [9, 3, 18, 2], now [6, 3, 7, 2]) so all combos stay full-length.
Cross-product cap (256) reached for toponym 'Dughlone in Wexford' — capped per-word options (was [6, 3, 20], now [6, 3, 14]) so all combos stay full-length.
Cross-product cap (256) reached for toponym "Dunard in King's Co" — capped per-word options (was [51, 3, 22, 2], now [6, 3, 7, 2]) so all combos stay full-length.
Cross-product cap (256) reached for toponym 'Dunbeggan in Longford' — capped per-word options (was [56, 3, 110], now [9, 3, 9]) so all combos stay full-length.
Cross-product cap (256) reached for toponym 'Dunlewy in Donegal' — capped per-word options (was [96, 3, 2], now [42, 3, 2]) so all combos stay full-length.
Cross-product cap (256) reached for toponym "Dysartbeagh in Queen's Co" — capped per-word options (was [24, 3, 8, 2], now [6, 3, 7, 2]) so all combos stay full-length.
Cross-product cap (256) reached for toponym 'Edennagully in Cavan' — capped per-word options (was [55, 3, 9], now [9, 3, 9]) so all combos stay full-length.
Cross-product cap (256) reached for toponym "Ejiockannagad in Queen's Co" — capped per-word options (was [6, 3, 8, 2], now [6, 3, 7, 2]) so all combos stay full-length.
Cross-product cap (256) reached for toponym "Fanbeg in King's Co" — capped per-word options (was [9, 3, 22, 2], now [6, 3, 7, 2]) so all combos stay full-length.
Cross-product cap (256) reached for toponym 'Farranlahassery' — capped per-word options (was [576], now [256]) so all combos stay full-length.
Cross-product cap (256) reached for toponym "Feargarrow in King's Co" — capped per-word options (was [288, 3, 22, 2], now [6, 3, 7, 2]) so all combos stay full-length.
Cross-product cap (256) reached for toponym 'Finnan in Kilkenny' — capped per-word options (was [31, 3, 64], now [9, 3, 9]) so all combos stay full-length.
Cross-product cap (256) reached for toponym 'Foxford in Mayo' — capped per-word options (was [10, 3, 12], now [9, 3, 9]) so all combos stay full-length.
Cross-product cap (256) reached for toponym 'Frevagh in Fermanagh' — capped per-word options (was [3, 3, 117], now [3, 3, 28]) so all combos stay full-length.
Cross-product cap (256) reached for toponym "Garragh in Queen's Co" — capped per-word options (was [52, 3, 8, 2], now [6, 3, 7, 2]) so all combos stay full-length.
Cross-product cap (256) reached for toponym 'Garrauncreen in Galway' — capped per-word options (was [26, 3, 6], now [14, 3, 6]) so all combos stay full-length.
Cross-product cap (256) reached for toponym 'Garryland in Galway' — capped per-word options (was [297, 3, 6], now [14, 3, 6]) so all combos stay full-length.
Cross-product cap (256) reached for toponym 'Garrynisk in Wexford' — capped per-word options (was [54, 3, 20], now [9, 3, 9]) so all combos stay full-length.
Cross-product cap (256) reached for toponym 'Garveross in Donegal' — capped per-word options (was [52, 3, 2], now [42, 3, 2]) so all combos stay full-length.
Cross-product cap (256) reached for toponym 'Glannan in Monaghan' — capped per-word options (was [25, 3, 90], now [9, 3, 9]) so all combos stay full-length.
Cross-product cap (256) reached for toponym "Glenacurragh in King's Co" — capped per-word options (was [40, 3, 22, 2], now [6, 3, 7, 2]) so all combos stay full-length.
Cross-product cap (256) reached for toponym 'Glenarn in Fermanagh' — capped per-word options (was [38, 3, 117], now [9, 3, 9]) so all combos stay full-length.
Cross-product cap (256) reached for toponym 'Glencrow in Donegal' — capped per-word options (was [63, 3, 2], now [42, 3, 2]) so all combos stay full-length.
Cross-product cap (256) reached for toponym "Glendossaun in King's Co" — capped per-word options (was [7, 3, 22, 2], now [6, 3, 7, 2]) so all combos stay full-length.
Cross-product cap (256) reached for toponym 'Gortaclare in Clare' — capped per-word options (was [20, 3, 6], now [14, 3, 6]) so all combos stay full-length.
Cross-product cap (256) reached for toponym 'Gortadrehid in Fermanagh' — capped per-word options (was [5, 3, 117], now [5, 3, 17]) so all combos stay full-length.
Cross-product cap (256) reached for toponym 'Gortagreenane in Kerry' — capped per-word options (was [60, 3, 18], now [9, 3, 9]) so all combos stay full-length.
Cross-product cap (256) reached for toponym 'Gortaloughan in Fermanagh' — capped per-word options (was [95, 3, 117], now [9, 3, 9]) so all combos stay full-length.
Cross-product cap (256) reached for toponym 'Gortanear in Westmeath' — capped per-word options (was [44, 3, 22], now [9, 3, 9]) so all combos stay full-length.
Cross-product cap (256) reached for toponym 'Gortaniska in Clare' — capped per-word options (was [26, 3, 6], now [14, 3, 6]) so all combos stay full-length.
Cross-product cap (256) reached for toponym 'Gortatlea in Kerry' — capped per-word options (was [40, 3, 18], now [9, 3, 9]) so all combos stay full-length.
Cross-product cap (256) reached for toponym "Gortcreen in King's Co" — capped per-word options (was [4, 3, 22, 2], now [4, 3, 10, 2]) so all combos stay full-length.
Cross-product cap (256) reached for toponym 'Gorteenatarriff in Cork' — capped per-word options (was [56, 3, 6], now [14, 3, 6]) so all combos stay full-length.
Cross-product cap (256) reached for toponym "Gorteennameale in Queen's Co" — capped per-word options (was [62, 3, 8, 2], now [6, 3, 7, 2]) so all combos stay full-length.
Cross-product cap (256) reached for toponym 'Gortermoan in Fermanagh' — capped per-word options (was [30, 3, 117], now [9, 3, 9]) so all combos stay full-length.
Cross-product cap (256) reached for toponym 'Gortgommon in Fermanagh' — capped per-word options (was [32, 3, 117], now [9, 3, 9]) so all combos stay full-length.
Cross-product cap (256) reached for toponym 'Gortnaboley in Tipperary' — capped per-word options (was [392, 3, 108], now [9, 3, 9]) so all combos stay full-length.
Cross-product cap (256) reached for toponym 'Gortnacargy in Cavan' — capped per-word options (was [224, 3, 9], now [9, 3, 9]) so all combos stay full-length.
Cross-product cap (256) reached for toponym "Gortnaclea in Queen's Co" — capped per-word options (was [64, 3, 8, 2], now [6, 3, 7, 2]) so all combos stay full-length.
Cross-product cap (256) reached for toponym "Gortnacrannagh in King's Co" — capped per-word options (was [160, 3, 22, 2], now [6, 3, 7, 2]) so all combos stay full-length.
Cross-product cap (256) reached for toponym 'Gortnageeragh in Cork' — capped per-word options (was [32, 3, 6], now [14, 3, 6]) so all combos stay full-length.
Cross-product cap (256) reached for toponym 'Gortnalougher in Leitrim' — capped per-word options (was [144, 3, 1], now [85, 3, 1]) so all combos stay full-length.
Cross-product cap (256) reached for toponym 'Gortnamuck in Clare' — capped per-word options (was [24, 3, 6], now [14, 3, 6]) so all combos stay full-length.
Cross-product cap (256) reached for toponym "Gortskeha in King's Co" — capped per-word options (was [8, 3, 22, 2], now [6, 3, 7, 2]) so all combos stay full-length.
Cross-product cap (256) reached for toponym "Graigueadrisly in Queen's Co" — capped per-word options (was [15, 3, 8, 2], now [6, 3, 7, 2]) so all combos stay full-length.
Cross-product cap (256) reached for toponym "Graiguenasmuttan in Queen's Co" — capped per-word options (was [192, 3, 8, 2], now [6, 3, 7, 2]) so all combos stay full-length.
Cross-product cap (256) reached for toponym 'Greaghnafarna in Cavan' — capped per-word options (was [52, 3, 9], now [9, 3, 9]) so all combos stay full-length.
Cross-product cap (256) reached for toponym "Inchacooly in Queen's Co" — capped per-word options (was [40, 3, 8, 2], now [6, 3, 7, 2]) so all combos stay full-length.
Cross-product cap (256) reached for toponym 'Kilberehert in Kerry' — capped per-word options (was [100, 3, 18], now [9, 3, 9]) so all combos stay full-length.
Cross-product cap (256) reached for toponym 'Kilbree in Waterford' — capped per-word options (was [16, 3, 50], now [9, 3, 9]) so all combos stay full-length.
Cross-product cap (256) reached for toponym "Kilcappagh in King's Co" — capped per-word options (was [12, 3, 22, 2], now [6, 3, 7, 2]) so all combos stay full-length.
Cross-product cap (256) reached for toponym 'Kilcavan in Wexford' — capped per-word options (was [12, 3, 20], now [9, 3, 9]) so all combos stay full-length.
Cross-product cap (256) reached for toponym 'Kilcloggan in Wexford' — capped per-word options (was [112, 3, 20], now [9, 3, 9]) so all combos stay full-length.
Cross-product cap (256) reached for toponym "Kilcoran in Queen's Co" — capped per-word options (was [80, 3, 8, 2], now [6, 3, 7, 2]) so all combos stay full-length.
Cross-product cap (256) reached for toponym "Kilcotton in Queen's Co" — capped per-word options (was [28, 3, 8, 2], now [6, 3, 7, 2]) so all combos stay full-length.
Cross-product cap (256) reached for toponym 'Kilfaughny in Westmeath' — capped per-word options (was [16, 3, 22], now [9, 3, 9]) so all combos stay full-length.
Cross-product cap (256) reached for toponym "Kilgolan in King's Co" — capped per-word options (was [40, 3, 22, 2], now [6, 3, 7, 2]) so all combos stay full-length.
Cross-product cap (256) reached for toponym "Kilkeeran in King's Co" — capped per-word options (was [16, 3, 22, 2], now [6, 3, 7, 2]) so all combos stay full-length.
Cross-product cap (256) reached for toponym "Killadooley in Queen's Co" — capped per-word options (was [170, 3, 8, 2], now [6, 3, 7, 2]) so all combos stay full-length.
Cross-product cap (256) reached for toponym "Killaghintober in King's Co" — capped per-word options (was [176, 3, 22, 2], now [6, 3, 7, 2]) so all combos stay full-length.
Cross-product cap (256) reached for toponym "Killananny in King's Co" — capped per-word options (was [308, 3, 22, 2], now [6, 3, 7, 2]) so all combos stay full-length.
Cross-product cap (256) reached for toponym 'Killarainy in Galway' — capped per-word options (was [160, 3, 6], now [14, 3, 6]) so all combos stay full-length.
Cross-product cap (256) reached for toponym 'Killaroo in Westmeath' — capped per-word options (was [45, 3, 22], now [9, 3, 9]) so all combos stay full-length.
Cross-product cap (256) reached for toponym "Killasmeestia in Queen's Co" — capped per-word options (was [30, 3, 8, 2], now [6, 3, 7, 2]) so all combos stay full-length.
Cross-product cap (256) reached for toponym 'Killeenan in Clare' — capped per-word options (was [150, 3, 6], now [14, 3, 6]) so all combos stay full-length.
Cross-product cap (256) reached for toponym "Killeenbraghan in King's Co" — capped per-word options (was [352, 3, 22, 2], now [6, 3, 7, 2]) so all combos stay full-length.
Cross-product cap (256) reached for toponym "Killeenlynagh in Queen's Co" — capped per-word options (was [416, 3, 8, 2], now [6, 3, 7, 2]) so all combos stay full-length.
Cross-product cap (256) reached for toponym 'Killerk in Wicklow' — capped per-word options (was [14, 3, 26], now [9, 3, 9]) so all combos stay full-length.
Cross-product cap (256) reached for toponym "Killeshil in King's Co" — capped per-word options (was [27, 3, 22, 2], now [6, 3, 7, 2]) so all combos stay full-length.
Cross-product cap (256) reached for toponym "Killimy in Queen's Co" — capped per-word options (was [40, 3, 8, 2], now [6, 3, 7, 2]) so all combos stay full-length.
Cross-product cap (256) reached for toponym 'Killiney in Dublin' — capped per-word options (was [111, 3, 18], now [9, 3, 9]) so all combos stay full-length.
Cross-product cap (256) reached for toponym 'Killougher in Co' — capped per-word options (was [66, 3, 2], now [42, 3, 2]) so all combos stay full-length.
Cross-product cap (256) reached for toponym 'Killycloony in Tyrone' — capped per-word options (was [160, 3, 4], now [21, 3, 4]) so all combos stay full-length.
Cross-product cap (256) reached for toponym 'Killycreeny in Cavan' — capped per-word options (was [80, 3, 9], now [9, 3, 9]) so all combos stay full-length.
Cross-product cap (256) reached for toponym 'Killycrone in Cavan' — capped per-word options (was [20, 3, 9], now [9, 3, 9]) so all combos stay full-length.
Cross-product cap (256) reached for toponym 'Killylea in Armagh' — capped per-word options (was [80, 3, 30], now [9, 3, 9]) so all combos stay full-length.
Cross-product cap (256) reached for toponym 'Killynure in Armagh' — capped per-word options (was [24, 3, 30], now [9, 3, 9]) so all combos stay full-length.
Cross-product cap (256) reached for toponym 'Killyroo in Fermanagh' — capped per-word options (was [30, 3, 117], now [9, 3, 9]) so all combos stay full-length.
Cross-product cap (256) reached for toponym 'Killyveagh in Fermanagh' — capped per-word options (was [30, 3, 117], now [9, 3, 9]) so all combos stay full-length.
Cross-product cap (256) reached for toponym 'Kilmacow in Cork' — capped per-word options (was [112, 3, 6], now [14, 3, 6]) so all combos stay full-length.
Cross-product cap (256) reached for toponym 'Kilmademoge in Kilkenny' — capped per-word options (was [32, 3, 64], now [9, 3, 9]) so all combos stay full-length.
Cross-product cap (256) reached for toponym "Kilmanaghan in King's Co" — capped per-word options (was [612, 3, 22, 2], now [6, 3, 7, 2]) so all combos stay full-length.
Cross-product cap (256) reached for toponym 'Kilnacarrow in Longford' — capped per-word options (was [504, 3, 110], now [9, 3, 9]) so all combos stay full-length.
Cross-product cap (256) reached for toponym "Kilnacash in Queen's Co" — capped per-word options (was [48, 3, 8, 2], now [6, 3, 7, 2]) so all combos stay full-length.
Cross-product cap (256) reached for toponym 'Kilnacloghy in Roscommon' — capped per-word options (was [160, 3, 81], now [9, 3, 9]) so all combos stay full-length.
Cross-product cap (256) reached for toponym "Kilnagamagh in King's Co" — capped per-word options (was [48, 3, 22, 2], now [6, 3, 7, 2]) so all combos stay full-length.
Cross-product cap (256) reached for toponym "Kilnagoolny in King's Co" — capped per-word options (was [32, 3, 22, 2], now [6, 3, 7, 2]) so all combos stay full-length.
Cross-product cap (256) reached for toponym 'Kilnalag in Galway' — capped per-word options (was [24, 3, 6], now [14, 3, 6]) so all combos stay full-length.
Cross-product cap (256) reached for toponym 'Kilniocomoge in Cork' — capped per-word options (was [16, 3, 6], now [14, 3, 6]) so all combos stay full-length.
Cross-product cap (256) reached for toponym 'Knockacroghera in Cork' — capped per-word options (was [16, 3, 6], now [14, 3, 6]) so all combos stay full-length.
Cross-product cap (256) reached for toponym 'Knockaneden in Clare' — capped per-word options (was [48, 3, 6], now [14, 3, 6]) so all combos stay full-length.
Cross-product cap (256) reached for toponym 'Knockaninane in Kerry' — capped per-word options (was [84, 3, 18], now [9, 3, 9]) so all combos stay full-length.
Cross-product cap (256) reached for toponym "Knockanowl in Queen's Co" — capped per-word options (was [6, 3, 8, 2], now [6, 3, 7, 2]) so all combos stay full-length.
Cross-product cap (256) reached for toponym 'Knockavanny in Galway' — capped per-word options (was [24, 3, 6], now [14, 3, 6]) so all combos stay full-length.
Cross-product cap (256) reached for toponym "Knockbarron in King's Co" — capped per-word options (was [16, 3, 22, 2], now [6, 3, 7, 2]) so all combos stay full-length.
Cross-product cap (256) reached for toponym "Knockdrin in King's Co" — capped per-word options (was [6, 3, 22, 2], now [6, 3, 7, 2]) so all combos stay full-length.
Cross-product cap (256) reached for toponym "Knocklead in Queen's Co" — capped per-word options (was [6, 3, 8, 2], now [6, 3, 7, 2]) so all combos stay full-length.
Cross-product cap (256) reached for toponym "Knockmay in Queen's Co" — capped per-word options (was [20, 3, 8, 2], now [6, 3, 7, 2]) so all combos stay full-length.
Cross-product cap (256) reached for toponym 'Knocknacarrow in Eoscommon' — capped per-word options (was [252, 3, 9], now [9, 3, 9]) so all combos stay full-length.
Cross-product cap (256) reached for toponym 'Knocknagallagh in Cork' — capped per-word options (was [28, 3, 6], now [14, 3, 6]) so all combos stay full-length.
Cross-product cap (256) reached for toponym "Knocknagrally in Queen's Co" — capped per-word options (was [20, 3, 8, 2], now [6, 3, 7, 2]) so all combos stay full-length.
Cross-product cap (256) reached for toponym 'Knocknahamey in Tipperary' — capped per-word options (was [154, 3, 108], now [9, 3, 9]) so all combos stay full-length.
Cross-product cap (256) reached for toponym 'Knocknalear in Fermanagh' — capped per-word options (was [42, 3, 117], now [9, 3, 9]) so all combos stay full-length.
Cross-product cap (256) reached for toponym 'Knocknalun in Monaghan' — capped per-word options (was [10, 3, 90], now [9, 3, 9]) so all combos stay full-length.
Cross-product cap (256) reached for toponym "Knocknamase in King's Co" — capped per-word options (was [12, 3, 22, 2], now [6, 3, 7, 2]) so all combos stay full-length.
Cross-product cap (256) reached for toponym 'Knocknamuclagh in Cork' — capped per-word options (was [84, 3, 6], now [14, 3, 6]) so all combos stay full-length.
Cross-product cap (256) reached for toponym 'Knockowen in Kerry' — capped per-word options (was [6, 3, 18], now [6, 3, 14]) so all combos stay full-length.
Cross-product cap (256) reached for toponym 'Knockshanbo in Mayo' — capped per-word options (was [24, 3, 12], now [9, 3, 9]) so all combos stay full-length.
Cross-product cap (256) reached for toponym "Kylekiproe in Queen's Co" — capped per-word options (was [66, 3, 8, 2], now [6, 3, 7, 2]) so all combos stay full-length.
Cross-product cap (256) reached for toponym "Kyletalesha in Queen's Co" — capped per-word options (was [66, 3, 8, 2], now [6, 3, 7, 2]) so all combos stay full-length.
Cross-product cap (256) reached for toponym 'Latton in Monaghan' — capped per-word options (was [7, 3, 90], now [7, 3, 12]) so all combos stay full-length.
Cross-product cap (256) reached for toponym "Lemanaghan in King's Co" — capped per-word options (was [153, 3, 22, 2], now [6, 3, 7, 2]) so all combos stay full-length.
Cross-product cap (256) reached for toponym 'Lisnacroghy in Roscommon' — capped per-word options (was [60, 3, 81], now [9, 3, 9]) so all combos stay full-length.
Cross-product cap (256) reached for toponym 'Lisnagrave in Kerry' — capped per-word options (was [6, 3, 18], now [6, 3, 14]) so all combos stay full-length.
Cross-product cap (256) reached for toponym 'Lisnalanniv in Limerick' — capped per-word options (was [42, 3, 6], now [14, 3, 6]) so all combos stay full-length.
Cross-product cap (256) reached for toponym 'Lisnamanroe in Cork' — capped per-word options (was [504, 3, 6], now [14, 3, 6]) so all combos stay full-length.
Cross-product cap (256) reached for toponym 'Lisnascreen in Westmeath' — capped per-word options (was [9, 3, 22], now [9, 3, 9]) so all combos stay full-length.
Cross-product cap (256) reached for toponym 'Lisnashannagh in Monaghan' — capped per-word options (was [270, 3, 90], now [9, 3, 9]) so all combos stay full-length.
Cross-product cap (256) reached for toponym 'Lisnastrane in Tyrone' — capped per-word options (was [75, 3, 4], now [21, 3, 4]) so all combos stay full-length.
Cross-product cap (256) reached for toponym 'Lissananny in Galway' — capped per-word options (was [156, 3, 6], now [14, 3, 6]) so all combos stay full-length.
Cross-product cap (256) reached for toponym 'Lissoleem in Limerick' — capped per-word options (was [15, 3, 6], now [14, 3, 6]) so all combos stay full-length.
Cross-product cap (256) reached for toponym 'Loughnashandree' — capped per-word options (was [432], now [256]) so all combos stay full-length.
Cross-product cap (256) reached for toponym "Lugamarla in King's Co" — capped per-word options (was [8, 3, 22, 2], now [6, 3, 7, 2]) so all combos stay full-length.
Cross-product cap (256) reached for toponym 'Lullymore in Kildare' — capped per-word options (was [42, 3, 24], now [9, 3, 9]) so all combos stay full-length.
Cross-product cap (256) reached for toponym 'Mackmine in Wexford' — capped per-word options (was [30, 3, 20], now [9, 3, 9]) so all combos stay full-length.
Cross-product cap (256) reached for toponym 'Maddadoo in Westmeath' — capped per-word options (was [6, 3, 22], now [6, 3, 14]) so all combos stay full-length.
Cross-product cap (256) reached for toponym 'Magherafelt in Derry' — capped per-word options (was [13, 3, 18], now [9, 3, 9]) so all combos stay full-length.
Cross-product cap (256) reached for toponym 'Mallahow in Co' — capped per-word options (was [77, 3, 2], now [42, 3, 2]) so all combos stay full-length.
Cross-product cap (256) reached for toponym 'Mallaranny' — capped per-word options (was [572], now [256]) so all combos stay full-length.
Cross-product cap (256) reached for toponym 'Meehan in Westmeath' — capped per-word options (was [7, 3, 22], now [7, 3, 12]) so all combos stay full-length.
Cross-product cap (256) reached for toponym "Monasop in Queen's Co" — capped per-word options (was [12, 3, 8, 2], now [6, 3, 7, 2]) so all combos stay full-length.
Cross-product cap (256) reached for toponym "Monavea in Queen's Co" — capped per-word options (was [18, 3, 8, 2], now [6, 3, 7, 2]) so all combos stay full-length.
Cross-product cap (256) reached for toponym "Monebrock in Queen's Co" — capped per-word options (was [12, 3, 8, 2], now [6, 3, 7, 2]) so all combos stay full-length.
Cross-product cap (256) reached for toponym "Moneyadda in King's Co" — capped per-word options (was [14, 3, 22, 2], now [6, 3, 7, 2]) so all combos stay full-length.
Cross-product cap (256) reached for toponym "Moneycleare in Queen's Co" — capped per-word options (was [168, 3, 8, 2], now [6, 3, 7, 2]) so all combos stay full-length.
Cross-product cap (256) reached for toponym "Morett in Queen's Co" — capped per-word options (was [16, 3, 8, 2], now [6, 3, 7, 2]) so all combos stay full-length.
Cross-product cap (256) reached for toponym "Moyclare in King's Co" — capped per-word options (was [28, 3, 22, 2], now [6, 3, 7, 2]) so all combos stay full-length.
Cross-product cap (256) reached for toponym "Moystown in King's Co" — capped per-word options (was [35, 3, 22, 2], now [6, 3, 7, 2]) so all combos stay full-length.
Cross-product cap (256) reached for toponym 'Mullaghgarrow in Fermanagh' — capped per-word options (was [1296, 3, 117], now [9, 3, 9]) so all combos stay full-length.
Cross-product cap (256) reached for toponym 'Mullanabreena in Sligo' — capped per-word options (was [92, 3, 2], now [42, 3, 2]) so all combos stay full-length.
Cross-product cap (256) reached for toponym "Mullanafawnia in King's Co" — capped per-word options (was [23, 3, 22, 2], now [6, 3, 7, 2]) so all combos stay full-length.
Cross-product cap (256) reached for toponym 'Mullinabro in Kilkenny' — capped per-word options (was [52, 3, 64], now [9, 3, 9]) so all combos stay full-length.
Cross-product cap (256) reached for toponym "Parkagarraun in Queen's Co" — capped per-word options (was [126, 3, 8, 2], now [6, 3, 7, 2]) so all combos stay full-length.
Cross-product cap (256) reached for toponym "Pollaghnagraigue in King's Co" — capped per-word options (was [10, 3, 22, 2], now [6, 3, 7, 2]) so all combos stay full-length.
Cross-product cap (256) reached for toponym 'Portmellick in Co' — capped per-word options (was [64, 3, 2], now [42, 3, 2]) so all combos stay full-length.
Cross-product cap (256) reached for toponym "Portnahinch in Queen's Co" — capped per-word options (was [72, 3, 8, 2], now [6, 3, 7, 2]) so all combos stay full-length.
Cross-product cap (256) reached for toponym 'Rabane in Cavan' — capped per-word options (was [18, 3, 9], now [9, 3, 9]) so all combos stay full-length.
Cross-product cap (256) reached for toponym "Raheenmeel in King's Co" — capped per-word options (was [12, 3, 22, 2], now [6, 3, 7, 2]) so all combos stay full-length.
Cross-product cap (256) reached for toponym 'Rathdaggan in Cork' — capped per-word options (was [42, 3, 6], now [14, 3, 6]) so all combos stay full-length.
Cross-product cap (256) reached for toponym 'Rathfamham in Co' — capped per-word options (was [96, 3, 2], now [42, 3, 2]) so all combos stay full-length.
Cross-product cap (256) reached for toponym "Rathleague in Queen's Co" — capped per-word options (was [18, 3, 8, 2], now [6, 3, 7, 2]) so all combos stay full-length.
Cross-product cap (256) reached for toponym "Rathlihen in King's Co" — capped per-word options (was [24, 3, 22, 2], now [6, 3, 7, 2]) so all combos stay full-length.
Cross-product cap (256) reached for toponym "Rathnamanagh in Queen's Co" — capped per-word options (was [612, 3, 8, 2], now [6, 3, 7, 2]) so all combos stay full-length.
Cross-product cap (256) reached for toponym "Rathtiilig in Queen's Co" — capped per-word options (was [6, 3, 8, 2], now [6, 3, 7, 2]) so all combos stay full-length.
Cross-product cap (256) reached for toponym 'Reanasup in Kerry' — capped per-word options (was [12, 3, 18], now [9, 3, 9]) so all combos stay full-length.
Cross-product cap (256) reached for toponym "Rossadown in Queen's Co" — capped per-word options (was [9, 3, 8, 2], now [6, 3, 7, 2]) so all combos stay full-length.
Cross-product cap (256) reached for toponym "Rossalee in Queen's Co" — capped per-word options (was [63, 3, 8, 2], now [6, 3, 7, 2]) so all combos stay full-length.
Cross-product cap (256) reached for toponym "Rossnadough in Queen's Co" — capped per-word options (was [36, 3, 8, 2], now [6, 3, 7, 2]) so all combos stay full-length.
Cross-product cap (256) reached for toponym 'Roy in Galway Mayo' — capped per-word options (was [15, 3, 6, 12], now [4, 3, 4, 5]) so all combos stay full-length.
Cross-product cap (256) reached for toponym "Scarry in King's Co" — capped per-word options (was [42, 3, 22, 2], now [6, 3, 7, 2]) so all combos stay full-length.
Cross-product cap (256) reached for toponym "Shanahoe in Queen's Co" — capped per-word options (was [42, 3, 8, 2], now [6, 3, 7, 2]) so all combos stay full-length.
Cross-product cap (256) reached for toponym "Shangownagh in Queen's Co" — capped per-word options (was [35, 3, 8, 2], now [6, 3, 7, 2]) so all combos stay full-length.
Cross-product cap (256) reached for toponym 'Shanraa in Fermanagh' — capped per-word options (was [7, 3, 117], now [7, 3, 12]) so all combos stay full-length.
Cross-product cap (256) reached for toponym "Shanvaghy in Queen's Co" — capped per-word options (was [63, 3, 8, 2], now [6, 3, 7, 2]) so all combos stay full-length.
Cross-product cap (256) reached for toponym 'Skerrick in Monaghan' — capped per-word options (was [14, 3, 90], now [9, 3, 9]) so all combos stay full-length.
Cross-product cap (256) reached for toponym 'Sruhane in Tipperary' — capped per-word options (was [7, 3, 108], now [7, 3, 12]) so all combos stay full-length.
Cross-product cap (256) reached for toponym 'Tamlaght-Finlagan in Derry' — capped per-word options (was [320, 3, 18], now [9, 3, 9]) so all combos stay full-length.
Cross-product cap (256) reached for toponym 'Tavnaghoney in Antrim' — capped per-word options (was [33, 3, 4], now [21, 3, 4]) so all combos stay full-length.
Cross-product cap (256) reached for toponym "Templequain in Queen's Co" — capped per-word options (was [32, 3, 8, 2], now [6, 3, 7, 2]) so all combos stay full-length.
Cross-product cap (256) reached for toponym "Tinacrannagh in King's Co" — capped per-word options (was [140, 3, 22, 2], now [6, 3, 7, 2]) so all combos stay full-length.
Cross-product cap (256) reached for toponym "Tinnaragh in Queen's Co" — capped per-word options (was [51, 3, 8, 2], now [6, 3, 7, 2]) so all combos stay full-length.
Cross-product cap (256) reached for toponym "Tinnasragh in Queen's Co" — capped per-word options (was [36, 3, 8, 2], now [6, 3, 7, 2]) so all combos stay full-length.
Cross-product cap (256) reached for toponym "Tirinchinan in King's Co" — capped per-word options (was [110, 3, 22, 2], now [6, 3, 7, 2]) so all combos stay full-length.
Cross-product cap (256) reached for toponym 'Tombay in Wexford' — capped per-word options (was [10, 3, 20], now [9, 3, 9]) so all combos stay full-length.
Cross-product cap (256) reached for toponym 'Tomnalosset in Wexford' — capped per-word options (was [12, 3, 20], now [9, 3, 9]) so all combos stay full-length.
Cross-product cap (256) reached for toponym 'Tonacrick in Galway' — capped per-word options (was [16, 3, 6], now [14, 3, 6]) so all combos stay full-length.
Cross-product cap (256) reached for toponym "Tonlemone in King's Co" — capped per-word options (was [84, 3, 22, 2], now [6, 3, 7, 2]) so all combos stay full-length.
Cross-product cap (256) reached for toponym 'Tonymore in Cavan' — capped per-word options (was [294, 3, 9], now [9, 3, 9]) so all combos stay full-length.
Cross-product cap (256) reached for toponym "Toora in King's Co" — capped per-word options (was [2, 3, 22, 2], now [2, 3, 21, 2]) so all combos stay full-length.
Cross-product cap (256) reached for toponym 'Treanoughter in Mayo' — capped per-word options (was [105, 3, 12], now [9, 3, 9]) so all combos stay full-length.
Cross-product cap (256) reached for toponym 'Tullyglush in Armagh' — capped per-word options (was [7, 3, 30], now [7, 3, 12]) so all combos stay full-length.
Cross-product cap (256) reached for toponym 'Tullynadall in Donegal' — capped per-word options (was [120, 3, 2], now [42, 3, 2]) so all combos stay full-length.
Cross-product cap (256) reached for toponym 'Turlagh in Roscommon' — capped per-word options (was [7, 3, 81], now [7, 3, 12]) so all combos stay full-length.
Cross-product cap (256) reached for toponym 'Ulaunknocknanagh in Cork' — capped per-word options (was [23, 3, 6], now [14, 3, 6]) so all combos stay full-length.
Cross-product cap (256) reached for toponym 'Brumchoe in Cavan' — capped per-word options (was [24, 3, 9], now [9, 3, 9]) so all combos stay full-length.
Cross-product cap (256) reached for toponym 'Bunbeggan in Longford' — capped per-word options (was [35, 3, 110], now [9, 3, 9]) so all combos stay full-length.
Cross-product cap (256) reached for toponym 'Dmminshin in Clare' — capped per-word options (was [84, 3, 6], now [14, 3, 6]) so all combos stay full-length.
Cross-product cap (256) reached for toponym 'Drumbarna in Fermanagh' — capped per-word options (was [91, 3, 117], now [9, 3, 9]) so all combos stay full-length.
Cross-product cap (256) reached for toponym 'Drumcorban in Fermanagh' — capped per-word options (was [252, 3, 117], now [9, 3, 9]) so all combos stay full-length.
Cross-product cap (256) reached for toponym 'Drummartin in Cavan' — capped per-word options (was [182, 3, 9], now [9, 3, 9]) so all combos stay full-length.
Cross-product cap (256) reached for toponym 'Drumnacart in Donegal' — capped per-word options (was [98, 3, 2], now [42, 3, 2]) so all combos stay full-length.
Cross-product cap (256) reached for toponym 'Fanaghans in Donegal' — capped per-word options (was [67, 3, 2], now [42, 3, 2]) so all combos stay full-length.
Cross-product cap (256) reached for toponym 'Glassamucky in Co' — capped per-word options (was [60, 3, 2], now [42, 3, 2]) so all combos stay full-length.
Cross-product cap (256) reached for toponym 'Gortacoosan in Roscommon' — capped per-word options (was [15, 3, 81], now [9, 3, 9]) so all combos stay full-length.
Cross-product cap (256) reached for toponym 'Gortnascarry in Limerick' — capped per-word options (was [504, 3, 6], now [14, 3, 6]) so all combos stay full-length.
Cross-product cap (256) reached for toponym 'Illaunknocknanagh in Cork' — capped per-word options (was [23, 3, 6], now [14, 3, 6]) so all combos stay full-length.
Cross-product cap (256) reached for toponym 'Kiinaearrow in Longford' — capped per-word options (was [180, 3, 110], now [9, 3, 9]) so all combos stay full-length.
Cross-product cap (256) reached for toponym 'Killachonna in Westmeath' — capped per-word options (was [135, 3, 22], now [9, 3, 9]) so all combos stay full-length.
Cross-product cap (256) reached for toponym 'Kilnaglearagh in Kerry' — capped per-word options (was [312, 3, 18], now [9, 3, 9]) so all combos stay full-length.
Cross-product cap (256) reached for toponym 'Knockanbaun in Limerick' — capped per-word options (was [18, 3, 6], now [14, 3, 6]) so all combos stay full-length.
Cross-product cap (256) reached for toponym 'Knocknacarrow in Roscommon' — capped per-word options (was [252, 3, 81], now [9, 3, 9]) so all combos stay full-length.
Cross-product cap (256) reached for toponym 'Knocknagee in Kildare' — capped per-word options (was [4, 3, 24], now [4, 3, 21]) so all combos stay full-length.
Cross-product cap (256) reached for toponym 'Knocknaharney in Tipperary' — capped per-word options (was [246, 3, 108], now [9, 3, 9]) so all combos stay full-length.
Cross-product cap (256) reached for toponym 'Knockskanbo in Mayo' — capped per-word options (was [24, 3, 12], now [9, 3, 9]) so all combos stay full-length.
Cross-product cap (256) reached for toponym 'Kyleadohir in Kilkenny' — capped per-word options (was [11, 3, 64], now [9, 3, 9]) so all combos stay full-length.
Cross-product cap (256) reached for toponym 'Kylegarriff in Galway' — capped per-word options (was [88, 3, 6], now [14, 3, 6]) so all combos stay full-length.
Cross-product cap (256) reached for toponym 'Lisnaeroghy in Roscommon' — capped per-word options (was [60, 3, 81], now [9, 3, 9]) so all combos stay full-length.
Cross-product cap (256) reached for toponym 'Moanabricka in Cork Moin-na-brice' — capped per-word options (was [15, 3, 6, 36], now [4, 3, 4, 5]) so all combos stay full-length.
Cross-product cap (256) reached for toponym 'Rathfarnham in Co' — capped per-word options (was [258, 3, 2], now [42, 3, 2]) so all combos stay full-length.
Cross-product cap (256) reached for toponym 'Runnamoat in Roscommon' — capped per-word options (was [6, 3, 81], now [6, 3, 14]) so all combos stay full-length.
Cross-product cap (256) reached for toponym 'Shangan-hill in Co' — capped per-word options (was [441, 3, 2], now [42, 3, 2]) so all combos stay full-length.
Cross-product cap (256) reached for toponym 'Tooreennascarty in Kerry' — capped per-word options (was [392, 3, 18], now [9, 3, 9]) so all combos stay full-length.
Cross-product cap (256) reached for toponym 'Tullyheeran in Tyrone' — capped per-word options (was [28, 3, 4], now [21, 3, 4]) so all combos stay full-length.
Cross-product cap (256) reached for toponym 'Tullyleague in Limerick' — capped per-word options (was [21, 3, 6], now [14, 3, 6]) so all combos stay full-length.
Cross-product cap (256) reached for toponym 'Ummera and Ummery' — capped per-word options (was [6, 8, 32], now [6, 6, 7]) so all combos stay full-length.
Cross-product cap (256) reached for toponym 'Harald Lindkvist' — capped per-word options (was [20, 18], now [16, 16]) so all combos stay full-length.
Cross-product cap (256) reached for toponym 'Rosthwayt Lane' — capped per-word options (was [24, 12], now [21, 12]) so all combos stay full-length.
Cross-product cap (256) reached for toponym 'Thurstaneswatter Lane' — capped per-word options (was [126, 12], now [21, 12]) so all combos stay full-length.
Cross-product cap (256) reached for toponym 'Wynandenner Wm' — capped per-word options (was [324, 1], now [256, 1]) so all combos stay full-length.
Cross-product cap (256) reached for toponym 'Argarmeles' — capped per-word options (was [560], now [256]) so all combos stay full-length.
Cross-product cap (256) reached for toponym 'ORIGIMiS SCANDINAVES' — capped per-word options (was [6, 60], now [6, 42]) so all combos stay full-length.
Cross-product cap (256) reached for toponym 'Collington' — capped per-word options (was [574], now [256]) so all combos stay full-length.
Cross-product cap (256) reached for toponym 'Hardington' — capped per-word options (was [700], now [256]) so all combos stay full-length.
Cross-product cap (256) reached for toponym 'Garvaheg and Garvamore' — capped per-word options (was [13, 8, 273], now [6, 6, 7]) so all combos stay full-length.
Cross-product cap (256) reached for toponym 'Sneachdach Slinnean' — capped per-word options (was [24, 12], now [21, 12]) so all combos stay full-length.
Cross-product cap (256) reached for toponym 'Allerhope Burn' — capped per-word options (was [60, 6], now [42, 6]) so all combos stay full-length.
Cross-product cap (256) reached for toponym 'Allery Burn' — capped per-word options (was [120, 6], now [42, 6]) so all combos stay full-length.
Cross-product cap (256) reached for toponym 'Barley Hill' — capped per-word options (was [150, 9], now [28, 9]) so all combos stay full-length.
Cross-product cap (256) reached for toponym 'Bellingham' — capped per-word options (was [394], now [256]) so all combos stay full-length.
Cross-product cap (256) reached for toponym 'Berrington' — capped per-word options (was [287], now [256]) so all combos stay full-length.
Cross-product cap (256) reached for toponym 'Berwick Hill' — capped per-word options (was [42, 9], now [28, 9]) so all combos stay full-length.
Cross-product cap (256) reached for toponym 'Billingham-on-Tees' — capped per-word options (was [300], now [256]) so all combos stay full-length.
Cross-product cap (256) reached for toponym 'Broadstruthers Burn' — capped per-word options (was [54, 6], now [42, 6]) so all combos stay full-length.
Cross-product cap (256) reached for toponym 'Brockley Hall' — capped per-word options (was [45, 17], now [16, 16]) so all combos stay full-length.
Cross-product cap (256) reached for toponym 'Callow Hill' — capped per-word options (was [104, 9], now [28, 9]) so all combos stay full-length.
Cross-product cap (256) reached for toponym 'Cartington' — capped per-word options (was [308], now [256]) so all combos stay full-length.
Cross-product cap (256) reached for toponym 'Coldmartin' — capped per-word options (was [286], now [256]) so all combos stay full-length.
Cross-product cap (256) reached for toponym 'Collierley' — capped per-word options (was [645], now [256]) so all combos stay full-length.
Cross-product cap (256) reached for toponym 'Dalton-le-Dale' — capped per-word options (was [756], now [256]) so all combos stay full-length.
Cross-product cap (256) reached for toponym 'Farringdon' — capped per-word options (was [480], now [256]) so all combos stay full-length.
Cross-product cap (256) reached for toponym 'Findon Hill' — capped per-word options (was [50, 9], now [28, 9]) so all combos stay full-length.
Cross-product cap (256) reached for toponym 'Fortherley' — capped per-word options (was [300], now [256]) so all combos stay full-length.
Cross-product cap (256) reached for toponym 'Garden House' — capped per-word options (was [104, 4], now [64, 4]) so all combos stay full-length.
Cross-product cap (256) reached for toponym 'Garmondsway' — capped per-word options (was [624], now [256]) so all combos stay full-length.
Cross-product cap (256) reached for toponym 'Hallington' — capped per-word options (was [350], now [256]) so all combos stay full-length.
Cross-product cap (256) reached for toponym 'Harlow Hill' — capped per-word options (was [260, 9], now [28, 9]) so all combos stay full-length.
Cross-product cap (256) reached for toponym 'Harperley' — capped per-word options (was [900], now [256]) so all combos stay full-length.
Cross-product cap (256) reached for toponym 'Harsondale' — capped per-word options (was [294], now [256]) so all combos stay full-length.
Cross-product cap (256) reached for toponym 'Hartington' — capped per-word options (was [644], now [256]) so all combos stay full-length.
Cross-product cap (256) reached for toponym 'Hartlepool' — capped per-word options (was [276], now [256]) so all combos stay full-length.
Cross-product cap (256) reached for toponym 'Hartley Burn' — capped per-word options (was [345, 6], now [42, 6]) so all combos stay full-length.
Cross-product cap (256) reached for toponym 'High Callerton' — capped per-word options (was [5, 189], now [5, 51]) so all combos stay full-length.
Cross-product cap (256) reached for toponym 'Holstone House' — capped per-word options (was [84, 4], now [64, 4]) so all combos stay full-length.
Cross-product cap (256) reached for toponym 'Holy Island' — capped per-word options (was [29, 13], now [19, 13]) so all combos stay full-length.
Cross-product cap (256) reached for toponym 'Humbledon Hill' — capped per-word options (was [80, 9], now [28, 9]) so all combos stay full-length.
Cross-product cap (256) reached for toponym 'Hunterley Hill' — capped per-word options (was [30, 9], now [28, 9]) so all combos stay full-length.
Cross-product cap (256) reached for toponym 'Long Newton' — capped per-word options (was [17, 28], now [16, 16]) so all combos stay full-length.
Cross-product cap (256) reached for toponym 'Middleton St George' — capped per-word options (was [95, 3, 1], now [85, 3, 1]) so all combos stay full-length.
Cross-product cap (256) reached for toponym 'Morton Tinmouth' — capped per-word options (was [56, 12], now [21, 12]) so all combos stay full-length.
Cross-product cap (256) reached for toponym 'Newminster' — capped per-word options (was [512], now [256]) so all combos stay full-length.
Cross-product cap (256) reached for toponym 'Old and New' — capped per-word options (was [9, 8, 4], now [8, 8, 4]) so all combos stay full-length.
Cross-product cap (256) reached for toponym 'Bricklehampton' — capped per-word options (was [270], now [256]) so all combos stay full-length.
Cross-product cap (256) reached for toponym 'Calverley' — capped per-word options (was [360], now [256]) so all combos stay full-length.
Cross-product cap (256) reached for toponym 'Elmington' — capped per-word options (was [392], now [256]) so all combos stay full-length.
Cross-product cap (256) reached for toponym 'Faringdon' — capped per-word options (was [350], now [256]) so all combos stay full-length.
Cross-product cap (256) reached for toponym 'Farmington' — capped per-word options (was [840], now [256]) so all combos stay full-length.
Cross-product cap (256) reached for toponym 'Farrington' — capped per-word options (was [336], now [256]) so all combos stay full-length.
Cross-product cap (256) reached for toponym 'Finglesham' — capped per-word options (was [336], now [256]) so all combos stay full-length.
Cross-product cap (256) reached for toponym 'Harlow' — capped per-word options (was [260], now [256]) so all combos stay full-length.
Cross-product cap (256) reached for toponym 'Harrington' — capped per-word options (was [840], now [256]) so all combos stay full-length.
Cross-product cap (256) reached for toponym 'Harrowbank House' — capped per-word options (was [100, 4], now [64, 4]) so all combos stay full-length.
Cross-product cap (256) reached for toponym 'Hartlebury' — capped per-word options (was [621], now [256]) so all combos stay full-length.
Cross-product cap (256) reached for toponym 'Harvington' — capped per-word options (was [560], now [256]) so all combos stay full-length.
Cross-product cap (256) reached for toponym 'Heanton Punchardon' — capped per-word options (was [21, 70], now [16, 16]) so all combos stay full-length.
Cross-product cap (256) reached for toponym 'Hollesley' — capped per-word options (was [667], now [256]) so all combos stay full-length.
Cross-product cap (256) reached for toponym 'Keinton Mandeville' — capped per-word options (was [14, 30], now [14, 18]) so all combos stay full-length.
Cross-product cap (256) reached for toponym 'Killinghall' — capped per-word options (was [434], now [256]) so all combos stay full-length.
Cross-product cap (256) reached for toponym 'Kilmersdon' — capped per-word options (was [280], now [256]) so all combos stay full-length.
Cross-product cap (256) reached for toponym 'Martin Hussingtree' — capped per-word options (was [34, 20], now [16, 16]) so all combos stay full-length.
Cross-product cap (256) reached for toponym 'Melkington' — capped per-word options (was [294], now [256]) so all combos stay full-length.
Cross-product cap (256) reached for toponym 'Morleston' — capped per-word options (was [408], now [256]) so all combos stay full-length.
Cross-product cap (256) reached for toponym 'Ombersley' — capped per-word options (was [468], now [256]) so all combos stay full-length.
Cross-product cap (256) reached for toponym 'Over Dinsdale' — capped per-word options (was [14, 42], now [14, 18]) so all combos stay full-length.
Cross-product cap (256) reached for toponym 'Great and Little NoBury Neubyri' — capped per-word options (was [1, 8, 2, 9, 2], now [1, 8, 2, 8, 2]) so all combos stay full-length.
Cross-product cap (256) reached for toponym 'Oldeswyneford' — capped per-word options (was [280], now [256]) so all combos stay full-length.
Cross-product cap (256) reached for toponym 'Probably OE Bellingtiin' — capped per-word options (was [5, 5, 138], now [5, 5, 10]) so all combos stay full-length.
Cross-product cap (256) reached for toponym 'Hestingport Edw Conf Coins' — capped per-word options (was [96, 1, 4, 4], now [16, 1, 4, 4]) so all combos stay full-length.
Cross-product cap (256) reached for toponym 'WILTING Fs Wiltingham' — capped per-word options (was [16, 1, 136], now [16, 1, 16]) so all combos stay full-length.
Cross-product cap (256) reached for toponym 'Willingdon' — capped per-word options (was [280], now [256]) so all combos stay full-length.
Cross-product cap (256) reached for toponym 'Glastonbury' — capped per-word options (was [342], now [256]) so all combos stay full-length.
Cross-product cap (256) reached for toponym 'Ballacarmick' — capped per-word options (was [280], now [256]) so all combos stay full-length.
Cross-product cap (256) reached for toponym 'Ballaqueeney and Ballaquinea' — capped per-word options (was [220, 8, 60], now [6, 6, 7]) so all combos stay full-length.
Cross-product cap (256) reached for toponym 'Barna-Ellan-renny' — capped per-word options (was [1848], now [256]) so all combos stay full-length.
Cross-product cap (256) reached for toponym 'Chenaresford' — capped per-word options (was [420], now [256]) so all combos stay full-length.
Cross-product cap (256) reached for toponym 'Magna Halghton' — capped per-word options (was [10, 42], now [10, 25]) so all combos stay full-length.
Cross-product cap (256) reached for toponym 'North Milford' — capped per-word options (was [5, 70], now [5, 51]) so all combos stay full-length.
Cross-product cap (256) reached for toponym 'TANKERS Ys Thankerleia' — capped per-word options (was [15, 1, 54], now [15, 1, 17]) so all combos stay full-length.
Cross-product cap (256) reached for toponym 'Port Talbot' — capped per-word options (was [15, 18], now [15, 17]) so all combos stay full-length.
Cross-product cap (256) reached for toponym 'Port Tennant' — capped per-word options (was [15, 28], now [15, 17]) so all combos stay full-length.
Cross-product cap (256) reached for toponym 'Castle Martin' — capped per-word options (was [14, 34], now [14, 18]) so all combos stay full-length.
Cross-product cap (256) reached for toponym 'Llansantffraid Glyndyfrdwy' — capped per-word options (was [18, 32], now [16, 16]) so all combos stay full-length.
Cross-product cap (256) reached for toponym 'MiLFORD Haven' — capped per-word options (was [70, 6], now [42, 6]) so all combos stay full-length.
Cross-product cap (256) reached for toponym 'Pennant Melangell' — capped per-word options (was [83, 38], now [16, 16]) so all combos stay full-length.
Cross-product cap (256) reached for toponym "Abbot's Langley" — capped per-word options (was [12, 120], now [12, 21]) so all combos stay full-length.
Cross-product cap (256) reached for toponym 'Abbots Barton' — capped per-word options (was [6, 70], now [6, 42]) so all combos stay full-length.
Cross-product cap (256) reached for toponym 'Abbots Bickington' — capped per-word options (was [6, 49], now [6, 42]) so all combos stay full-length.
Cross-product cap (256) reached for toponym 'Abbots Bromley' — capped per-word options (was [6, 90], now [6, 42]) so all combos stay full-length.
Cross-product cap (256) reached for toponym 'Abbots Langley' — capped per-word options (was [6, 120], now [6, 42]) so all combos stay full-length.
Cross-product cap (256) reached for toponym 'Abbots Morton' — capped per-word options (was [6, 56], now [6, 42]) so all combos stay full-length.
Cross-product cap (256) reached for toponym 'Abbotskerswell' — capped per-word options (was [264], now [256]) so all combos stay full-length.
Cross-product cap (256) reached for toponym 'Acaster Malbis' — capped per-word options (was [76, 11], now [23, 11]) so all combos stay full-length.
Cross-product cap (256) reached for toponym 'Acaster Selby' — capped per-word options (was [76, 6], now [42, 6]) so all combos stay full-length.
Cross-product cap (256) reached for toponym 'Adwick upon Dearne' — capped per-word options (was [14, 9, 5], now [7, 7, 5]) so all combos stay full-length.
Cross-product cap (256) reached for toponym 'Agardsley' — capped per-word options (was [496], now [256]) so all combos stay full-length.
Cross-product cap (256) reached for toponym 'Ainderby Quernhow' — capped per-word options (was [48, 14], now [18, 14]) so all combos stay full-length.
Cross-product cap (256) reached for toponym 'Alconbury Weston' — capped per-word options (was [162, 39], now [16, 16]) so all combos stay full-length.
Cross-product cap (256) reached for toponym 'Alderminster' — capped per-word options (was [1536], now [256]) so all combos stay full-length.
Cross-product cap (256) reached for toponym 'Alderminster' — capped per-word options (was [1536], now [256]) so all combos stay full-length.
Cross-product cap (256) reached for toponym 'Alderton Hall' — capped per-word options (was [84, 17], now [16, 16]) so all combos stay full-length.
Cross-product cap (256) reached for toponym 'Aldringham' — capped per-word options (was [306], now [256]) so all combos stay full-length.
Cross-product cap (256) reached for toponym 'Aldwincle All Saints' — capped per-word options (was [12, 12, 5], now [7, 7, 5]) so all combos stay full-length.
Cross-product cap (256) reached for toponym 'Aldwincle Saint Peter' — capped per-word options (was [12, 6, 9], now [6, 6, 7]) so all combos stay full-length.
Cross-product cap (256) reached for toponym 'Aldwincle St Peter' — capped per-word options (was [12, 3, 9], now [9, 3, 9]) so all combos stay full-length.
Cross-product cap (256) reached for toponym 'Alhampton' — capped per-word options (was [270], now [256]) so all combos stay full-length.
Cross-product cap (256) reached for toponym 'Alkington' — capped per-word options (was [294], now [256]) so all combos stay full-length.
Cross-product cap (256) reached for toponym 'Alkington' — capped per-word options (was [294], now [256]) so all combos stay full-length.
Cross-product cap (256) reached for toponym 'Allerston' — capped per-word options (was [382], now [256]) so all combos stay full-length.
Cross-product cap (256) reached for toponym 'Allerthorpe Hall' — capped per-word options (was [60, 17], now [16, 16]) so all combos stay full-length.
Cross-product cap (256) reached for toponym 'Allerton Bywater' — capped per-word options (was [140, 30], now [16, 16]) so all combos stay full-length.
Cross-product cap (256) reached for toponym 'Allerton Mauleverer' — capped per-word options (was [140, 99], now [16, 16]) so all combos stay full-length.
Cross-product cap (256) reached for toponym 'Allington' — capped per-word options (was [294], now [256]) so all combos stay full-length.
Cross-product cap (256) reached for toponym 'Allington' — capped per-word options (was [294], now [256]) so all combos stay full-length.
Cross-product cap (256) reached for toponym 'Allington' — capped per-word options (was [294], now [256]) so all combos stay full-length.
Cross-product cap (256) reached for toponym 'Allington' — capped per-word options (was [294], now [256]) so all combos stay full-length.
Cross-product cap (256) reached for toponym 'Allington' — capped per-word options (was [294], now [256]) so all combos stay full-length.
Cross-product cap (256) reached for toponym 'Allington' — capped per-word options (was [294], now [256]) so all combos stay full-length.
Cross-product cap (256) reached for toponym 'Allington' — capped per-word options (was [294], now [256]) so all combos stay full-length.
Cross-product cap (256) reached for toponym 'Allington' — capped per-word options (was [294], now [256]) so all combos stay full-length.
Cross-product cap (256) reached for toponym 'Almington' — capped per-word options (was [588], now [256]) so all combos stay full-length.
Cross-product cap (256) reached for toponym 'Alminstone' — capped per-word options (was [864], now [256]) so all combos stay full-length.
Cross-product cap (256) reached for toponym 'Almondsbury' — capped per-word options (was [432], now [256]) so all combos stay full-length.
Cross-product cap (256) reached for toponym 'Almshoe Bury' — capped per-word options (was [36, 17], now [16, 16]) so all combos stay full-length.
Cross-product cap (256) reached for toponym 'Alphamstone' — capped per-word options (was [432], now [256]) so all combos stay full-length.
Cross-product cap (256) reached for toponym 'Alston Sutton' — capped per-word options (was [60, 14], now [18, 14]) so all combos stay full-length.
Cross-product cap (256) reached for toponym 'Alton Barnes' — capped per-word options (was [50, 42], now [16, 16]) so all combos stay full-length.
Cross-product cap (256) reached for toponym 'Alvanley' — capped per-word options (was [270], now [256]) so all combos stay full-length.
Cross-product cap (256) reached for toponym 'Alverston' — capped per-word options (was [264], now [256]) so all combos stay full-length.
Cross-product cap (256) reached for toponym 'Alverstone' — capped per-word options (was [288], now [256]) so all combos stay full-length.
Cross-product cap (256) reached for toponym "Alwin's Land" — capped per-word options (was [24, 18], now [16, 16]) so all combos stay full-length.
Cross-product cap (256) reached for toponym "Alwine's Land" — capped per-word options (was [24, 18], now [16, 16]) so all combos stay full-length.
Cross-product cap (256) reached for toponym 'Alwines Land' — capped per-word options (was [36, 18], now [16, 16]) so all combos stay full-length.
Cross-product cap (256) reached for toponym 'Alwinesland' — capped per-word options (was [264], now [256]) so all combos stay full-length.
Cross-product cap (256) reached for toponym 'Alwinsland' — capped per-word options (was [264], now [256]) so all combos stay full-length.
Cross-product cap (256) reached for toponym 'Amberden Hall' — capped per-word options (was [96, 17], now [16, 16]) so all combos stay full-length.
Cross-product cap (256) reached for toponym 'Ampney Mareys' — capped per-word options (was [24, 20], now [16, 16]) so all combos stay full-length.
Cross-product cap (256) reached for toponym 'Ampney Saint Mary' — capped per-word options (was [24, 6, 48], now [6, 6, 7]) so all combos stay full-length.
Cross-product cap (256) reached for toponym 'Ampney Saint Nicholas' — capped per-word options (was [24, 6, 8], now [6, 6, 7]) so all combos stay full-length.
Cross-product cap (256) reached for toponym 'Ampney Saint Peter' — capped per-word options (was [24, 6, 9], now [6, 6, 7]) so all combos stay full-length.
Cross-product cap (256) reached for toponym 'Ampney St Mary' — capped per-word options (was [24, 3, 48], now [9, 3, 9]) so all combos stay full-length.
Cross-product cap (256) reached for toponym 'Ampney St Nicholas' — capped per-word options (was [24, 3, 8], now [10, 3, 8]) so all combos stay full-length.
Cross-product cap (256) reached for toponym 'Ampney St Peter' — capped per-word options (was [24, 3, 9], now [9, 3, 9]) so all combos stay full-length.
Cross-product cap (256) reached for toponym 'Appleby Magna' — capped per-word options (was [36, 10], now [25, 10]) so all combos stay full-length.
Cross-product cap (256) reached for toponym 'Appleby Magna' — capped per-word options (was [36, 10], now [25, 10]) so all combos stay full-length.
Cross-product cap (256) reached for toponym 'Appleton Thorn' — capped per-word options (was [44, 10], now [25, 10]) so all combos stay full-length.
Cross-product cap (256) reached for toponym 'Appleton le Moors' — capped per-word options (was [44, 1, 10], now [25, 1, 10]) so all combos stay full-length.
Cross-product cap (256) reached for toponym 'Appleton le Street' — capped per-word options (was [44, 1, 8], now [32, 1, 8]) so all combos stay full-length.
Cross-product cap (256) reached for toponym 'Appleton-le-Moors' — capped per-word options (was [756], now [256]) so all combos stay full-length.
Cross-product cap (256) reached for toponym 'Appleton-le-Street' — capped per-word options (was [540], now [256]) so all combos stay full-length.
Cross-product cap (256) reached for toponym 'Arden Hall' — capped per-word options (was [43, 17], now [16, 16]) so all combos stay full-length.
Cross-product cap (256) reached for toponym 'Ardens Grafton' — capped per-word options (was [39, 7], now [36, 7]) so all combos stay full-length.
Cross-product cap (256) reached for toponym 'Ardington' — capped per-word options (was [259], now [256]) so all combos stay full-length.
Cross-product cap (256) reached for toponym 'Arlingham' — capped per-word options (was [300], now [256]) so all combos stay full-length.
Cross-product cap (256) reached for toponym 'Arminghall' — capped per-word options (was [960], now [256]) so all combos stay full-length.
Cross-product cap (256) reached for toponym 'Arnulfs Winterbourne' — capped per-word options (was [5, 72], now [5, 51]) so all combos stay full-length.
Cross-product cap (256) reached for toponym 'Aschilesmares' — capped per-word options (was [288], now [256]) so all combos stay full-length.
Cross-product cap (256) reached for toponym "Ascott d'Oyley" — capped per-word options (was [9, 30], now [9, 28]) so all combos stay full-length.
Cross-product cap (256) reached for toponym 'Ascott dOyley' — capped per-word options (was [9, 30], now [9, 28]) so all combos stay full-length.
Cross-product cap (256) reached for toponym 'Ashby Saint Ledgers' — capped per-word options (was [24, 6, 4], now [10, 6, 4]) so all combos stay full-length.
Cross-product cap (256) reached for toponym 'Ashby Saint Legers' — capped per-word options (was [24, 6, 4], now [10, 6, 4]) so all combos stay full-length.
Cross-product cap (256) reached for toponym 'Ashby Saint Mary' — capped per-word options (was [24, 6, 48], now [6, 6, 7]) so all combos stay full-length.
Cross-product cap (256) reached for toponym 'Ashby St Ledgers' — capped per-word options (was [24, 3, 4], now [21, 3, 4]) so all combos stay full-length.
Cross-product cap (256) reached for toponym 'Ashby St Legers' — capped per-word options (was [24, 3, 4], now [21, 3, 4]) so all combos stay full-length.
Cross-product cap (256) reached for toponym 'Ashby St Mary' — capped per-word options (was [24, 3, 48], now [9, 3, 9]) so all combos stay full-length.
Cross-product cap (256) reached for toponym 'Ashby by Partney' — capped per-word options (was [24, 7, 24], now [6, 6, 7]) so all combos stay full-length.
Cross-product cap (256) reached for toponym 'Ashby cum Fenby' — capped per-word options (was [24, 2, 12], now [11, 2, 11]) so all combos stay full-length.
Cross-product cap (256) reached for toponym 'Ashby-by-Partney' — capped per-word options (was [480], now [256]) so all combos stay full-length.
Cross-product cap (256) reached for toponym 'Ashby-cum-Fenby' — capped per-word options (was [480], now [256]) so all combos stay full-length.
Cross-product cap (256) reached for toponym 'Ashford Carbonel' — capped per-word options (was [40, 77], now [16, 16]) so all combos stay full-length.
Cross-product cap (256) reached for toponym 'Ashford Carbonell' — capped per-word options (was [40, 88], now [16, 16]) so all combos stay full-length.
Cross-product cap (256) reached for toponym 'Ashford in the Water' — capped per-word options (was [40, 3, 4, 13], now [4, 3, 4, 5]) so all combos stay full-length.
Cross-product cap (256) reached for toponym 'Ashmansworthy' — capped per-word options (was [260], now [256]) so all combos stay full-length.
Cross-product cap (256) reached for toponym 'Ashton Gifford' — capped per-word options (was [28, 10], now [25, 10]) so all combos stay full-length.
Cross-product cap (256) reached for toponym 'Ashton Hall' — capped per-word options (was [28, 17], now [16, 16]) so all combos stay full-length.
Cross-product cap (256) reached for toponym 'Ashton under Hill' — capped per-word options (was [28, 4, 9], now [8, 4, 8]) so all combos stay full-length.
Cross-product cap (256) reached for toponym 'Ashton under Hill' — capped per-word options (was [28, 4, 9], now [8, 4, 8]) so all combos stay full-length.
Cross-product cap (256) reached for toponym 'Ashton-under-Hill' — capped per-word options (was [432], now [256]) so all combos stay full-length.
Cross-product cap (256) reached for toponym 'Ashton-under-Hill' — capped per-word options (was [432], now [256]) so all combos stay full-length.
Cross-product cap (256) reached for toponym 'Ashwell Hall' — capped per-word options (was [20, 17], now [16, 16]) so all combos stay full-length.
Cross-product cap (256) reached for toponym 'Askham Richard' — capped per-word options (was [40, 11], now [23, 11]) so all combos stay full-length.
Cross-product cap (256) reached for toponym 'Aston Botterell' — capped per-word options (was [27, 35], now [16, 16]) so all combos stay full-length.
Cross-product cap (256) reached for toponym 'Aston Cantlow' — capped per-word options (was [27, 65], now [16, 16]) so all combos stay full-length.
Cross-product cap (256) reached for toponym 'Aston Clinton' — capped per-word options (was [27, 28], now [16, 16]) so all combos stay full-length.
Cross-product cap (256) reached for toponym 'Aston Rowant' — capped per-word options (was [27, 18], now [16, 16]) so all combos stay full-length.
Cross-product cap (256) reached for toponym 'Aston Sandford' — capped per-word options (was [27, 60], now [16, 16]) so all combos stay full-length.
Cross-product cap (256) reached for toponym 'Aston Somerville' — capped per-word options (was [27, 45], now [16, 16]) so all combos stay full-length.
Cross-product cap (256) reached for toponym 'Aston Somerville' — capped per-word options (was [27, 45], now [16, 16]) so all combos stay full-length.
Cross-product cap (256) reached for toponym 'Aston Tirrold' — capped per-word options (was [27, 12], now [21, 12]) so all combos stay full-length.
Cross-product cap (256) reached for toponym 'Aston Upthorpe' — capped per-word options (was [27, 12], now [21, 12]) so all combos stay full-length.
Cross-product cap (256) reached for toponym 'Aston by Budworth' — capped per-word options (was [27, 7, 6], now [6, 7, 6]) so all combos stay full-length.
Cross-product cap (256) reached for toponym 'Aston by Stone' — capped per-word options (was [27, 7, 14], now [6, 6, 7]) so all combos stay full-length.
Cross-product cap (256) reached for toponym 'Aston by Sutton' — capped per-word options (was [27, 7, 14], now [6, 6, 7]) so all combos stay full-length.
Cross-product cap (256) reached for toponym 'Aston in Stone' — capped per-word options (was [27, 3, 14], now [9, 3, 9]) so all combos stay full-length.
Cross-product cap (256) reached for toponym 'Aston iuxta Mondrem' — capped per-word options (was [27, 1, 12], now [21, 1, 12]) so all combos stay full-length.
Cross-product cap (256) reached for toponym 'Aston juxta Mondrem' — capped per-word options (was [27, 1, 12], now [21, 1, 12]) so all combos stay full-length.
Cross-product cap (256) reached for toponym 'Aston on Carrant' — capped per-word options (was [27, 4, 89], now [8, 4, 8]) so all combos stay full-length.
Cross-product cap (256) reached for toponym 'Aston on Trent' — capped per-word options (was [27, 4, 7], now [9, 4, 7]) so all combos stay full-length.
Cross-product cap (256) reached for toponym 'Aston-by-Budworth' — capped per-word options (was [264], now [256]) so all combos stay full-length.
Cross-product cap (256) reached for toponym 'Aston-by-Stone' — capped per-word options (was [528], now [256]) so all combos stay full-length.
Cross-product cap (256) reached for toponym 'Aston-by-Sutton' — capped per-word options (was [308], now [256]) so all combos stay full-length.
Cross-product cap (256) reached for toponym 'Aston-in-Stone' — capped per-word options (was [528], now [256]) so all combos stay full-length.
Cross-product cap (256) reached for toponym 'Aston-on-Carrant' — capped per-word options (was [2156], now [256]) so all combos stay full-length.
Cross-product cap (256) reached for toponym 'Atherstone on Stour' — capped per-word options (was [120, 4, 4], now [16, 4, 4]) so all combos stay full-length.
Cross-product cap (256) reached for toponym 'Atherstone-on-Stour' — capped per-word options (was [576], now [256]) so all combos stay full-length.
Cross-product cap (256) reached for toponym 'Attleborough Minor' — capped per-word options (was [30, 23], now [16, 16]) so all combos stay full-length.
Cross-product cap (256) reached for toponym 'Baldenhall' — capped per-word options (was [325], now [256]) so all combos stay full-length.
Cross-product cap (256) reached for toponym 'Baldenhall' — capped per-word options (was [325], now [256]) so all combos stay full-length.
Cross-product cap (256) reached for toponym 'Ballingdon' — capped per-word options (was [590], now [256]) so all combos stay full-length.
Cross-product cap (256) reached for toponym 'Ballingham' — capped per-word options (was [506], now [256]) so all combos stay full-length.
Cross-product cap (256) reached for toponym 'Barford Saint John' — capped per-word options (was [100, 6, 3], now [14, 6, 3]) so all combos stay full-length.
Cross-product cap (256) reached for toponym 'Barford Saint Martin' — capped per-word options (was [100, 6, 34], now [6, 6, 7]) so all combos stay full-length.
Cross-product cap (256) reached for toponym 'Barford Saint Michael' — capped per-word options (was [100, 6, 5], now [8, 6, 5]) so all combos stay full-length.
Cross-product cap (256) reached for toponym 'Barford St John' — capped per-word options (was [100, 3, 3], now [28, 3, 3]) so all combos stay full-length.
Cross-product cap (256) reached for toponym 'Barford St Martin' — capped per-word options (was [100, 3, 34], now [9, 3, 9]) so all combos stay full-length.
Cross-product cap (256) reached for toponym 'Barford St Michael' — capped per-word options (was [100, 3, 5], now [17, 3, 5]) so all combos stay full-length.
Cross-product cap (256) reached for toponym 'Barforth Hall' — capped per-word options (was [30, 17], now [16, 16]) so all combos stay full-length.
Cross-product cap (256) reached for toponym 'Barkestone-le-Vale' — capped per-word options (was [1800], now [256]) so all combos stay full-length.
Cross-product cap (256) reached for toponym 'Barlavington' — capped per-word options (was [280], now [256]) so all combos stay full-length.
Cross-product cap (256) reached for toponym 'Barlestone' — capped per-word options (was [540], now [256]) so all combos stay full-length.
Cross-product cap (256) reached for toponym 'Barlington' — capped per-word options (was [490], now [256]) so all combos stay full-length.
Cross-product cap (256) reached for toponym 'Barmby Moor' — capped per-word options (was [120, 7], now [36, 7]) so all combos stay full-length.
Cross-product cap (256) reached for toponym 'Barmby on the Marsh' — capped per-word options (was [120, 4, 4, 16], now [4, 4, 4, 4]) so all combos stay full-length.
Cross-product cap (256) reached for toponym 'Barmby-on-the-Marsh' — capped per-word options (was [960], now [256]) so all combos stay full-length.
Cross-product cap (256) reached for toponym 'Barnby Dun' — capped per-word options (was [66, 8], now [32, 8]) so all combos stay full-length.
Cross-product cap (256) reached for toponym 'Barnby Hall' — capped per-word options (was [66, 17], now [16, 16]) so all combos stay full-length.
Cross-product cap (256) reached for toponym 'Barnby House' — capped per-word options (was [66, 4], now [64, 4]) so all combos stay full-length.
Cross-product cap (256) reached for toponym 'Barnby Moor' — capped per-word options (was [66, 7], now [36, 7]) so all combos stay full-length.
Cross-product cap (256) reached for toponym 'Barnby in the Willows' — capped per-word options (was [66, 3, 4, 4], now [5, 3, 4, 4]) so all combos stay full-length.
Cross-product cap (256) reached for toponym 'Barnetby le Wold' — capped per-word options (was [66, 1, 5], now [51, 1, 5]) so all combos stay full-length.
Cross-product cap (256) reached for toponym 'Barnham Broom' — capped per-word options (was [88, 4], now [64, 4]) so all combos stay full-length.
Cross-product cap (256) reached for toponym 'Barnhill Hall' — capped per-word options (was [99, 17], now [16, 16]) so all combos stay full-length.
Cross-product cap (256) reached for toponym 'Barningham' — capped per-word options (was [374], now [256]) so all combos stay full-length.
Cross-product cap (256) reached for toponym 'Barningham' — capped per-word options (was [374], now [256]) so all combos stay full-length.
Cross-product cap (256) reached for toponym 'Barningham' — capped per-word options (was [374], now [256]) so all combos stay full-length.
Cross-product cap (256) reached for toponym 'Barnoldby le Beck' — capped per-word options (was [66, 1, 4], now [64, 1, 4]) so all combos stay full-length.
Cross-product cap (256) reached for toponym 'Barnsley' — capped per-word options (was [341], now [256]) so all combos stay full-length.
Cross-product cap (256) reached for toponym 'Barnsley' — capped per-word options (was [341], now [256]) so all combos stay full-length.
Cross-product cap (256) reached for toponym 'Barnsley' — capped per-word options (was [341], now [256]) so all combos stay full-length.
Cross-product cap (256) reached for toponym 'Barrington' — capped per-word options (was [504], now [256]) so all combos stay full-length.
Cross-product cap (256) reached for toponym 'Barrington' — capped per-word options (was [504], now [256]) so all combos stay full-length.
Cross-product cap (256) reached for toponym 'Barrington' — capped per-word options (was [504], now [256]) so all combos stay full-length.
Cross-product cap (256) reached for toponym 'Barrow Gurney' — capped per-word options (was [111, 6], now [42, 6]) so all combos stay full-length.
Cross-product cap (256) reached for toponym 'Barrow Hall' — capped per-word options (was [111, 17], now [16, 16]) so all combos stay full-length.
Cross-product cap (256) reached for toponym 'Barrow on Soar' — capped per-word options (was [111, 4, 15], now [8, 4, 8]) so all combos stay full-length.
Cross-product cap (256) reached for toponym 'Barrow upon Humber' — capped per-word options (was [111, 9, 6], now [6, 7, 6]) so all combos stay full-length.
Cross-product cap (256) reached for toponym 'Barrow upon Soar' — capped per-word options (was [111, 9, 15], now [6, 6, 7]) so all combos stay full-length.
Cross-product cap (256) reached for toponym 'Barrow upon Trent' — capped per-word options (was [111, 9, 7], now [6, 6, 7]) so all combos stay full-length.
Cross-product cap (256) reached for toponym 'Barrowby Grange' — capped per-word options (was [78, 7], now [36, 7]) so all combos stay full-length.
Cross-product cap (256) reached for toponym 'Barstable Hall' — capped per-word options (was [21, 17], now [16, 16]) so all combos stay full-length.
Cross-product cap (256) reached for toponym 'Barthomley' — capped per-word options (was [300], now [256]) so all combos stay full-length.
Cross-product cap (256) reached for toponym 'Bartington' — capped per-word options (was [280], now [256]) so all combos stay full-length.
Cross-product cap (256) reached for toponym 'Bartley Green' — capped per-word options (was [150, 6], now [42, 6]) so all combos stay full-length.
Cross-product cap (256) reached for toponym 'Bartley Green' — capped per-word options (was [150, 6], now [42, 6]) so all combos stay full-length.
Cross-product cap (256) reached for toponym 'Barton Bendish' — capped per-word options (was [70, 18], now [16, 16]) so all combos stay full-length.
Cross-product cap (256) reached for toponym 'Barton Hartshorn' — capped per-word options (was [70, 184], now [16, 16]) so all combos stay full-length.
Cross-product cap (256) reached for toponym 'Barton Mills' — capped per-word options (was [70, 11], now [23, 11]) so all combos stay full-length.
Cross-product cap (256) reached for toponym 'Barton Saint David' — capped per-word options (was [70, 6, 1], now [42, 6, 1]) so all combos stay full-length.
Cross-product cap (256) reached for toponym 'Barton Stacey' — capped per-word options (was [70, 15], now [17, 15]) so all combos stay full-length.
Cross-product cap (256) reached for toponym 'Barton in the Beans' — capped per-word options (was [70, 3, 4, 8], now [4, 3, 4, 5]) so all combos stay full-length.
Cross-product cap (256) reached for toponym 'Barton in the Clay' — capped per-word options (was [70, 3, 4, 6], now [4, 3, 4, 5]) so all combos stay full-length.
Cross-product cap (256) reached for toponym 'Barton le Clay' — capped per-word options (was [70, 1, 6], now [42, 1, 6]) so all combos stay full-length.
Cross-product cap (256) reached for toponym 'Barton le Street' — capped per-word options (was [70, 1, 8], now [32, 1, 8]) so all combos stay full-length.
Cross-product cap (256) reached for toponym 'Barton le Willows' — capped per-word options (was [70, 1, 4], now [64, 1, 4]) so all combos stay full-length.
Cross-product cap (256) reached for toponym 'Barton on Sea' — capped per-word options (was [70, 4, 4], now [16, 4, 4]) so all combos stay full-length.
Cross-product cap (256) reached for toponym 'Barton on the Heath' — capped per-word options (was [70, 4, 4, 2], now [8, 4, 4, 2]) so all combos stay full-length.
Cross-product cap (256) reached for toponym 'Barton under Needwood' — capped per-word options (was [70, 4, 3], now [21, 4, 3]) so all combos stay full-length.
Cross-product cap (256) reached for toponym 'Barton upon Humber' — capped per-word options (was [70, 9, 6], now [6, 7, 6]) so all combos stay full-length.
Cross-product cap (256) reached for toponym 'Barton-in-the-Beans' — capped per-word options (was [480], now [256]) so all combos stay full-length.
Cross-product cap (256) reached for toponym 'Barton-in-the-Clay' — capped per-word options (was [720], now [256]) so all combos stay full-length.
Cross-product cap (256) reached for toponym 'Barton-le-Clay' — capped per-word options (was [1080], now [256]) so all combos stay full-length.
Cross-product cap (256) reached for toponym 'Barton-le-Street' — capped per-word options (was [900], now [256]) so all combos stay full-length.
Cross-product cap (256) reached for toponym 'Barton-on-Sea' — capped per-word options (was [480], now [256]) so all combos stay full-length.
Cross-product cap (256) reached for toponym 'Barton-under-Needwood' — capped per-word options (was [720], now [256]) so all combos stay full-length.
Cross-product cap (256) reached for toponym 'Barton-upon-Humber' — capped per-word options (was [720], now [256]) so all combos stay full-length.
Cross-product cap (256) reached for toponym 'Barwick in Elmet' — capped per-word options (was [70, 3, 16], now [9, 3, 9]) so all combos stay full-length.
Cross-product cap (256) reached for toponym 'Battersby Barn' — capped per-word options (was [24, 11], now [23, 11]) so all combos stay full-length.
Cross-product cap (256) reached for toponym 'Beara Charter' — capped per-word options (was [8, 49], now [8, 32]) so all combos stay full-length.
Cross-product cap (256) reached for toponym 'Bedminster' — capped per-word options (was [512], now [256]) so all combos stay full-length.
Cross-product cap (256) reached for toponym 'Beesby in the Marsh' — capped per-word options (was [24, 3, 4, 16], now [4, 3, 4, 5]) so all combos stay full-length.
Cross-product cap (256) reached for toponym 'Beeston Saint Andrew' — capped per-word options (was [34, 6, 7], now [6, 6, 7]) so all combos stay full-length.
Cross-product cap (256) reached for toponym 'Beeston Saint Lawrence' — capped per-word options (was [34, 6, 3], now [14, 6, 3]) so all combos stay full-length.
Cross-product cap (256) reached for toponym 'Beeston St Andrew' — capped per-word options (was [34, 3, 7], now [12, 3, 7]) so all combos stay full-length.
Cross-product cap (256) reached for toponym 'Beeston St Lawrence' — capped per-word options (was [34, 3, 3], now [28, 3, 3]) so all combos stay full-length.
Cross-product cap (256) reached for toponym 'Belchamp Saint Paul' — capped per-word options (was [36, 6, 2], now [21, 6, 2]) so all combos stay full-length.
Cross-product cap (256) reached for toponym 'Belchamp Walter' — capped per-word options (was [36, 35], now [16, 16]) so all combos stay full-length.
Cross-product cap (256) reached for toponym 'Bellington' — capped per-word options (was [322], now [256]) so all combos stay full-length.
Cross-product cap (256) reached for toponym 'Belstead Hall' — capped per-word options (was [18, 17], now [16, 16]) so all combos stay full-length.
Cross-product cap (256) reached for toponym 'Bendysh Hall' — capped per-word options (was [18, 17], now [16, 16]) so all combos stay full-length.
Cross-product cap (256) reached for toponym 'Benningholme Hall' — capped per-word options (was [164, 17], now [16, 16]) so all combos stay full-length.
Cross-product cap (256) reached for toponym 'Bennington' — capped per-word options (was [287], now [256]) so all combos stay full-length.
Cross-product cap (256) reached for toponym 'Bennington' — capped per-word options (was [287], now [256]) so all combos stay full-length.
Cross-product cap (256) reached for toponym 'Bentfield Bury' — capped per-word options (was [30, 17], now [16, 16]) so all combos stay full-length.
Cross-product cap (256) reached for toponym 'Benton Hall' — capped per-word options (was [65, 17], now [16, 16]) so all combos stay full-length.
Cross-product cap (256) reached for toponym 'Berrington' — capped per-word options (was [287], now [256]) so all combos stay full-length.
Cross-product cap (256) reached for toponym 'Berrington' — capped per-word options (was [287], now [256]) so all combos stay full-length.
Cross-product cap (256) reached for toponym 'Berry Pomeroy' — capped per-word options (was [41, 16], now [16, 16]) so all combos stay full-length.
Cross-product cap (256) reached for toponym 'Berrynarbor' — capped per-word options (was [280], now [256]) so all combos stay full-length.
Cross-product cap (256) reached for toponym 'Berwick Saint James' — capped per-word options (was [42, 6, 4], now [10, 6, 4]) so all combos stay full-length.
Cross-product cap (256) reached for toponym 'Berwick St James' — capped per-word options (was [42, 3, 4], now [21, 3, 4]) so all combos stay full-length.
Cross-product cap (256) reached for toponym 'Black Torrington' — capped per-word options (was [7, 168], now [7, 36]) so all combos stay full-length.
Cross-product cap (256) reached for toponym 'Blackmanstone' — capped per-word options (was [288], now [256]) so all combos stay full-length.
Cross-product cap (256) reached for toponym 'Blandford Saint Mary' — capped per-word options (was [50, 6, 48], now [6, 6, 7]) so all combos stay full-length.
Cross-product cap (256) reached for toponym 'Blandford St Mary' — capped per-word options (was [50, 3, 48], now [9, 3, 9]) so all combos stay full-length.
Cross-product cap (256) reached for toponym 'Blingsby Gate' — capped per-word options (was [42, 10], now [25, 10]) so all combos stay full-length.
Cross-product cap (256) reached for toponym 'Blunsdon Saint Andrew' — capped per-word options (was [20, 6, 7], now [6, 6, 7]) so all combos stay full-length.
Cross-product cap (256) reached for toponym 'Blunsdon St Andrew' — capped per-word options (was [20, 3, 7], now [12, 3, 7]) so all combos stay full-length.
Cross-product cap (256) reached for toponym 'Bolham Water' — capped per-word options (was [24, 13], now [19, 13]) so all combos stay full-length.
Cross-product cap (256) reached for toponym 'Bollington Hall' — capped per-word options (was [147, 17], now [16, 16]) so all combos stay full-length.
Cross-product cap (256) reached for toponym 'Bolton by Bowland' — capped per-word options (was [21, 7, 44], now [6, 6, 7]) so all combos stay full-length.
Cross-product cap (256) reached for toponym 'Bolton upon Dearne' — capped per-word options (was [21, 9, 5], now [7, 7, 5]) so all combos stay full-length.
Cross-product cap (256) reached for toponym 'Bolton-by-Bowland' — capped per-word options (was [1188], now [256]) so all combos stay full-length.
Cross-product cap (256) reached for toponym 'Bolton-le-Sands' — capped per-word options (was [324], now [256]) so all combos stay full-length.
Cross-product cap (256) reached for toponym 'Bothamsall' — capped per-word options (was [420], now [256]) so all combos stay full-length.
Cross-product cap (256) reached for toponym 'Boughton Malherbe' — capped per-word options (was [21, 44], now [16, 16]) so all combos stay full-length.
Cross-product cap (256) reached for toponym 'Boughton under Blean' — capped per-word options (was [21, 4, 9], now [8, 4, 8]) so all combos stay full-length.
Cross-product cap (256) reached for toponym 'Boughton-under-Blean' — capped per-word options (was [432], now [256]) so all combos stay full-length.
Cross-product cap (256) reached for toponym 'Bourton on Dunsmore' — capped per-word options (was [28, 4, 231], now [8, 4, 8]) so all combos stay full-length.
Cross-product cap (256) reached for toponym 'Bourton on the Hill' — capped per-word options (was [28, 4, 4, 9], now [4, 4, 4, 4]) so all combos stay full-length.
Cross-product cap (256) reached for toponym 'Bourton on the Water' — capped per-word options (was [28, 4, 4, 13], now [4, 4, 4, 4]) so all combos stay full-length.
Cross-product cap (256) reached for toponym 'Bourton-on-Dunsmore' — capped per-word options (was [2016], now [256]) so all combos stay full-length.
Cross-product cap (256) reached for toponym 'Bourton-on-the-Hill' — capped per-word options (was [432], now [256]) so all combos stay full-length.
Cross-product cap (256) reached for toponym 'Bourton-on-the-Water' — capped per-word options (was [480], now [256]) so all combos stay full-length.
Cross-product cap (256) reached for toponym 'Boyleston' — capped per-word options (was [306], now [256]) so all combos stay full-length.
Cross-product cap (256) reached for toponym 'Boylestone' — capped per-word options (was [324], now [256]) so all combos stay full-length.
Cross-product cap (256) reached for toponym 'Boynton Hall' — capped per-word options (was [42, 17], now [16, 16]) so all combos stay full-length.
Cross-product cap (256) reached for toponym 'Boyton Hall' — capped per-word options (was [42, 17], now [16, 16]) so all combos stay full-length.
Cross-product cap (256) reached for toponym 'Bradfield Saint Clare' — capped per-word options (was [15, 6, 6], now [7, 6, 6]) so all combos stay full-length.
Cross-product cap (256) reached for toponym 'Bradfield St Clare' — capped per-word options (was [15, 3, 6], now [14, 3, 6]) so all combos stay full-length.
Cross-product cap (256) reached for toponym 'Bradford Peverell' — capped per-word options (was [50, 7], now [36, 7]) so all combos stay full-length.
Cross-product cap (256) reached for toponym 'Bradford on Avon' — capped per-word options (was [50, 4, 5], now [12, 4, 5]) so all combos stay full-length.
Cross-product cap (256) reached for toponym 'Bradford on Tone' — capped per-word options (was [50, 4, 7], now [9, 4, 7]) so all combos stay full-length.
Cross-product cap (256) reached for toponym 'Bradley Green' — capped per-word options (was [75, 6], now [42, 6]) so all combos stay full-length.
Cross-product cap (256) reached for toponym 'Bradley in the Moors' — capped per-word options (was [75, 3, 4, 10], now [4, 3, 4, 5]) so all combos stay full-length.
Cross-product cap (256) reached for toponym 'Bradley-in-the-Moors' — capped per-word options (was [420], now [256]) so all combos stay full-length.
Cross-product cap (256) reached for toponym 'Brafield on the Green' — capped per-word options (was [3, 4, 4, 6], now [3, 4, 4, 5]) so all combos stay full-length.
Cross-product cap (256) reached for toponym 'Brampton en le Morthen' — capped per-word options (was [14, 3, 1, 32], now [9, 3, 1, 9]) so all combos stay full-length.
Cross-product cap (256) reached for toponym 'Brampton-en-le-Morthen' — capped per-word options (was [1440], now [256]) so all combos stay full-length.
Cross-product cap (256) reached for toponym 'Brantingham Thorpe' — capped per-word options (was [136, 3], now [85, 3]) so all combos stay full-length.
Cross-product cap (256) reached for toponym 'Brantinghamthorpe' — capped per-word options (was [336], now [256]) so all combos stay full-length.
Cross-product cap (256) reached for toponym 'Bratton Fleming' — capped per-word options (was [7, 42], now [7, 36]) so all combos stay full-length.
Cross-product cap (256) reached for toponym 'Bridge Sollers' — capped per-word options (was [11, 45], now [11, 23]) so all combos stay full-length.
Cross-product cap (256) reached for toponym 'Brightwell cum Sotwell' — capped per-word options (was [10, 2, 25], now [10, 2, 12]) so all combos stay full-length.
Cross-product cap (256) reached for toponym 'Brimham Hall' — capped per-word options (was [32, 17], now [16, 16]) so all combos stay full-length.
Cross-product cap (256) reached for toponym 'Broad Marston' — capped per-word options (was [3, 121], now [3, 85]) so all combos stay full-length.
Cross-product cap (256) reached for toponym 'Broad Marston' — capped per-word options (was [3, 121], now [3, 85]) so all combos stay full-length.
Cross-product cap (256) reached for toponym 'Broomhall Green' — capped per-word options (was [78, 6], now [42, 6]) so all combos stay full-length.
Cross-product cap (256) reached for toponym 'Broughton Astley' — capped per-word options (was [35, 75], now [16, 16]) so all combos stay full-length.
Cross-product cap (256) reached for toponym 'Broughton Gifford' — capped per-word options (was [35, 10], now [25, 10]) so all combos stay full-length.
Cross-product cap (256) reached for toponym 'Broughton-in-Furness' — capped per-word options (was [300], now [256]) so all combos stay full-length.
Cross-product cap (256) reached for toponym 'Brympton dEvercy' — capped per-word options (was [28, 12], now [21, 12]) so all combos stay full-length.
Cross-product cap (256) reached for toponym 'Buckhorn Weston' — capped per-word options (was [21, 39], now [16, 16]) so all combos stay full-length.
Cross-product cap (256) reached for toponym 'Buckland Dinham' — capped per-word options (was [33, 32], now [16, 16]) so all combos stay full-length.
Cross-product cap (256) reached for toponym 'Buckland Monachorum' — capped per-word options (was [33, 36], now [16, 16]) so all combos stay full-length.
Cross-product cap (256) reached for toponym 'Buckland Newton' — capped per-word options (was [33, 28], now [16, 16]) so all combos stay full-length.
Cross-product cap (256) reached for toponym 'Buckland Saint Mary' — capped per-word options (was [33, 6, 48], now [6, 6, 7]) so all combos stay full-length.
Cross-product cap (256) reached for toponym 'Buckland St Mary' — capped per-word options (was [33, 3, 48], now [9, 3, 9]) so all combos stay full-length.
Cross-product cap (256) reached for toponym 'Buckland in the Moor' — capped per-word options (was [33, 3, 4, 7], now [4, 3, 4, 5]) so all combos stay full-length.
Cross-product cap (256) reached for toponym 'Buckminster' — capped per-word options (was [384], now [256]) so all combos stay full-length.
Cross-product cap (256) reached for toponym 'Buckton Holms' — capped per-word options (was [21, 16], now [16, 16]) so all combos stay full-length.
Cross-product cap (256) reached for toponym 'Burgh Saint Margaret' — capped per-word options (was [5, 6, 160], now [5, 6, 8]) so all combos stay full-length.
Cross-product cap (256) reached for toponym 'Burgh St Margaret' — capped per-word options (was [5, 3, 160], now [5, 3, 17]) so all combos stay full-length.
Cross-product cap (256) reached for toponym 'Burley in Wharfedale' — capped per-word options (was [45, 3, 49], now [9, 3, 9]) so all combos stay full-length.
Cross-product cap (256) reached for toponym 'Burley-in-Wharfedale' — capped per-word options (was [1764], now [256]) so all combos stay full-length.
Cross-product cap (256) reached for toponym 'Burmington' — capped per-word options (was [294], now [256]) so all combos stay full-length.
Cross-product cap (256) reached for toponym 'Burnham Norton' — capped per-word options (was [32, 14], now [18, 14]) so all combos stay full-length.
Cross-product cap (256) reached for toponym 'Burnham Overy' — capped per-word options (was [32, 50], now [16, 16]) so all combos stay full-length.
Cross-product cap (256) reached for toponym 'Burnham Sutton' — capped per-word options (was [32, 14], now [18, 14]) so all combos stay full-length.
Cross-product cap (256) reached for toponym 'Burnham Westgate' — capped per-word options (was [32, 55], now [16, 16]) so all combos stay full-length.
Cross-product cap (256) reached for toponym 'Burnham on Sea' — capped per-word options (was [32, 4, 4], now [16, 4, 4]) so all combos stay full-length.
Cross-product cap (256) reached for toponym 'Burrough on the Hill' — capped per-word options (was [3, 4, 4, 9], now [3, 4, 4, 5]) so all combos stay full-length.
Cross-product cap (256) reached for toponym 'Burton Bradstock' — capped per-word options (was [22, 32], now [16, 16]) so all combos stay full-length.
Cross-product cap (256) reached for toponym 'Burton Coggles' — capped per-word options (was [22, 14], now [18, 14]) so all combos stay full-length.
Cross-product cap (256) reached for toponym 'Burton Fleming' — capped per-word options (was [22, 42], now [16, 16]) so all combos stay full-length.
Cross-product cap (256) reached for toponym 'Burton Hall' — capped per-word options (was [22, 17], now [16, 16]) so all combos stay full-length.
Cross-product cap (256) reached for toponym 'Burton Lazars' — capped per-word options (was [22, 12], now [21, 12]) so all combos stay full-length.
Cross-product cap (256) reached for toponym 'Burton Leonard' — capped per-word options (was [22, 13], now [19, 13]) so all combos stay full-length.
Cross-product cap (256) reached for toponym 'Burton Overy' — capped per-word options (was [22, 50], now [16, 16]) so all combos stay full-length.
Cross-product cap (256) reached for toponym 'Burton in Lonsdale' — capped per-word options (was [22, 3, 21], now [9, 3, 9]) so all combos stay full-length.
Cross-product cap (256) reached for toponym 'Burton le Coggles' — capped per-word options (was [22, 1, 14], now [18, 1, 14]) so all combos stay full-length.
Cross-product cap (256) reached for toponym 'Burton on the Wolds' — capped per-word options (was [22, 4, 4, 6], now [4, 4, 4, 4]) so all combos stay full-length.
Cross-product cap (256) reached for toponym 'Burton upon Stather' — capped per-word options (was [22, 9, 18], now [6, 6, 7]) so all combos stay full-length.
Cross-product cap (256) reached for toponym 'Burton upon Trent' — capped per-word options (was [22, 9, 7], now [6, 6, 7]) so all combos stay full-length.
Cross-product cap (256) reached for toponym 'Burton-in-Lonsdale' — capped per-word options (was [756], now [256]) so all combos stay full-length.
Cross-product cap (256) reached for toponym 'Burton-le-Coggles' — capped per-word options (was [756], now [256]) so all combos stay full-length.
Cross-product cap (256) reached for toponym 'Burton-upon-Stather' — capped per-word options (was [432], now [256]) so all combos stay full-length.
Cross-product cap (256) reached for toponym 'Burwardsley' — capped per-word options (was [372], now [256]) so all combos stay full-length.
Cross-product cap (256) reached for toponym "Bury Saint Edmund's" — capped per-word options (was [17, 6, 8], now [6, 6, 7]) so all combos stay full-length.
Cross-product cap (256) reached for toponym 'Bury Saint Edmunds' — capped per-word options (was [17, 6, 8], now [6, 6, 7]) so all combos stay full-length.
Cross-product cap (256) reached for toponym "Bury St Edmund's" — capped per-word options (was [17, 3, 8], now [10, 3, 8]) so all combos stay full-length.
Cross-product cap (256) reached for toponym 'Bury St Edmunds' — capped per-word options (was [17, 3, 8], now [10, 3, 8]) so all combos stay full-length.
Cross-product cap (256) reached for toponym 'Butlers Marston' — capped per-word options (was [7, 121], now [7, 36]) so all combos stay full-length.
Cross-product cap (256) reached for toponym 'Caistor Saint Edmunds' — capped per-word options (was [12, 6, 8], now [6, 6, 7]) so all combos stay full-length.
Cross-product cap (256) reached for toponym 'Caistor St Edmunds' — capped per-word options (was [12, 3, 8], now [10, 3, 8]) so all combos stay full-length.
Cross-product cap (256) reached for toponym 'Callestick Vean' — capped per-word options (was [156, 3], now [85, 3]) so all combos stay full-length.
Cross-product cap (256) reached for toponym 'Callington' — capped per-word options (was [392], now [256]) so all combos stay full-length.
Cross-product cap (256) reached for toponym 'Calstone Wellington' — capped per-word options (was [96, 518], now [16, 16]) so all combos stay full-length.
Cross-product cap (256) reached for toponym 'Calverhall' — capped per-word options (was [312], now [256]) so all combos stay full-length.
Cross-product cap (256) reached for toponym 'Camden Town' — capped per-word options (was [72, 5], now [51, 5]) so all combos stay full-length.
Cross-product cap (256) reached for toponym 'Camerton Hall' — capped per-word options (was [84, 17], now [16, 16]) so all combos stay full-length.
Cross-product cap (256) reached for toponym 'Cammeringham' — capped per-word options (was [1224], now [256]) so all combos stay full-length.
Cross-product cap (256) reached for toponym 'Canford Magna' — capped per-word options (was [50, 10], now [25, 10]) so all combos stay full-length.
Cross-product cap (256) reached for toponym 'Canons Ashby' — capped per-word options (was [15, 24], now [15, 17]) so all combos stay full-length.
Cross-product cap (256) reached for toponym 'Capel Saint Andrew' — capped per-word options (was [7, 6, 7], now [6, 6, 7]) so all combos stay full-length.
Cross-product cap (256) reached for toponym 'Car Colston' — capped per-word options (was [10, 100], now [10, 25]) so all combos stay full-length.
Cross-product cap (256) reached for toponym 'Cardington' — capped per-word options (was [385], now [256]) so all combos stay full-length.
Cross-product cap (256) reached for toponym 'Cardington' — capped per-word options (was [385], now [256]) so all combos stay full-length.
Cross-product cap (256) reached for toponym 'Carhampton' — capped per-word options (was [495], now [256]) so all combos stay full-length.
Cross-product cap (256) reached for toponym 'Carlesmoor' — capped per-word options (was [330], now [256]) so all combos stay full-length.
Cross-product cap (256) reached for toponym 'Carleton Forehoe' — capped per-word options (was [242, 12], now [21, 12]) so all combos stay full-length.
Cross-product cap (256) reached for toponym 'Carleton Rode' — capped per-word options (was [242, 3], now [85, 3]) so all combos stay full-length.
Cross-product cap (256) reached for toponym 'Carleton Saint Peter' — capped per-word options (was [242, 6, 9], now [6, 6, 7]) so all combos stay full-length.
Cross-product cap (256) reached for toponym 'Carleton St Peter' — capped per-word options (was [242, 3, 9], now [9, 3, 9]) so all combos stay full-length.
Cross-product cap (256) reached for toponym 'Carlton Colville' — capped per-word options (was [77, 30], now [16, 16]) so all combos stay full-length.
Cross-product cap (256) reached for toponym 'Carlton Farm' — capped per-word options (was [77, 11], now [23, 11]) so all combos stay full-length.
Cross-product cap (256) reached for toponym 'Carlton Husthwaite' — capped per-word options (was [77, 5], now [51, 5]) so all combos stay full-length.
Cross-product cap (256) reached for toponym 'Carlton Miniott' — capped per-word options (was [77, 10], now [25, 10]) so all combos stay full-length.
Cross-product cap (256) reached for toponym 'Carlton by Nottingham' — capped per-word options (was [77, 7, 34], now [6, 6, 7]) so all combos stay full-length.
Cross-product cap (256) reached for toponym 'Carlton in Lindrick' — capped per-word options (was [77, 3, 18], now [9, 3, 9]) so all combos stay full-length.
Cross-product cap (256) reached for toponym 'Carlton le Moorland' — capped per-word options (was [77, 1, 44], now [16, 1, 16]) so all combos stay full-length.
Cross-product cap (256) reached for toponym 'Carlton on Trent' — capped per-word options (was [77, 4, 7], now [9, 4, 7]) so all combos stay full-length.
Cross-product cap (256) reached for toponym 'Carlton-by-Nottingham' — capped per-word options (was [4488], now [256]) so all combos stay full-length.
Cross-product cap (256) reached for toponym 'Carlton-in-Lindrick' — capped per-word options (was [1056], now [256]) so all combos stay full-length.
Cross-product cap (256) reached for toponym 'Carlton-le-Moorland' — capped per-word options (was [6534], now [256]) so all combos stay full-length.
Cross-product cap (256) reached for toponym 'Carlton-on-Trent' — capped per-word options (was [396], now [256]) so all combos stay full-length.
Cross-product cap (256) reached for toponym 'Carn Y Chain' — capped per-word options (was [18, 4, 10], now [8, 4, 8]) so all combos stay full-length.
Cross-product cap (256) reached for toponym 'Carn Y Chan' — capped per-word options (was [18, 4, 7], now [9, 4, 7]) so all combos stay full-length.
Cross-product cap (256) reached for toponym 'Carn-y-Chain' — capped per-word options (was [300], now [256]) so all combos stay full-length.
Cross-product cap (256) reached for toponym 'Carney Bury' — capped per-word options (was [86, 17], now [16, 16]) so all combos stay full-length.
Cross-product cap (256) reached for toponym 'Carneybury' — capped per-word options (was [270], now [256]) so all combos stay full-length.
Cross-product cap (256) reached for toponym 'Carshalton' — capped per-word options (was [294], now [256]) so all combos stay full-length.
Cross-product cap (256) reached for toponym 'Carsington' — capped per-word options (was [469], now [256]) so all combos stay full-length.
Cross-product cap (256) reached for toponym 'Cassey Compton' — capped per-word options (was [15, 28], now [15, 17]) so all combos stay full-length.
Cross-product cap (256) reached for toponym 'Castle Ashby' — capped per-word options (was [14, 24], now [14, 18]) so all combos stay full-length.
Cross-product cap (256) reached for toponym 'Castle Bolton' — capped per-word options (was [14, 21], now [14, 18]) so all combos stay full-length.
Cross-product cap (256) reached for toponym 'Castle Bytham' — capped per-word options (was [14, 27], now [14, 18]) so all combos stay full-length.
Cross-product cap (256) reached for toponym 'Castle Cary' — capped per-word options (was [14, 50], now [14, 18]) so all combos stay full-length.
Cross-product cap (256) reached for toponym 'Castle Donington' — capped per-word options (was [14, 56], now [14, 18]) so all combos stay full-length.
Cross-product cap (256) reached for toponym 'Castle Hedingham' — capped per-word options (was [14, 42], now [14, 18]) so all combos stay full-length.
Cross-product cap (256) reached for toponym 'Castle Hedingham' — capped per-word options (was [14, 42], now [14, 18]) so all combos stay full-length.
Cross-product cap (256) reached for toponym 'Castle Leavington' — capped per-word options (was [14, 28], now [14, 18]) so all combos stay full-length.
Cross-product cap (256) reached for toponym 'Castleleavington' — capped per-word options (was [2268], now [256]) so all combos stay full-length.
Cross-product cap (256) reached for toponym 'Catherston Leweston' — capped per-word options (was [162, 19], now [16, 16]) so all combos stay full-length.
Cross-product cap (256) reached for toponym 'Chaddesley Corbett' — capped per-word options (was [93, 12], now [21, 12]) so all combos stay full-length.
Cross-product cap (256) reached for toponym 'Chalfont Saint Giles' — capped per-word options (was [6, 6, 13], now [6, 6, 7]) so all combos stay full-length.
Cross-product cap (256) reached for toponym 'Chalfont Saint Peter' — capped per-word options (was [6, 6, 9], now [6, 6, 7]) so all combos stay full-length.
Cross-product cap (256) reached for toponym "Chamberlain's Hall" — capped per-word options (was [72, 17], now [16, 16]) so all combos stay full-length.
Cross-product cap (256) reached for toponym 'Chamberlains Hall' — capped per-word options (was [72, 17], now [16, 16]) so all combos stay full-length.
Cross-product cap (256) reached for toponym 'Chapel Allerton' — capped per-word options (was [8, 140], now [8, 32]) so all combos stay full-length.
Cross-product cap (256) reached for toponym 'Chapel Allerton' — capped per-word options (was [8, 140], now [8, 32]) so all combos stay full-length.
Cross-product cap (256) reached for toponym 'Chapel or Hill Chorlton' — capped per-word options (was [8, 4, 9, 7], now [4, 4, 4, 4]) so all combos stay full-length.
Cross-product cap (256) reached for toponym 'Charleston' — capped per-word options (was [357], now [256]) so all combos stay full-length.
Cross-product cap (256) reached for toponym 'Charlton Abbots' — capped per-word options (was [49, 6], now [42, 6]) so all combos stay full-length.
Cross-product cap (256) reached for toponym 'Charlton Mackrell' — capped per-word options (was [49, 6], now [42, 6]) so all combos stay full-length.
Cross-product cap (256) reached for toponym 'Charlton Marshall' — capped per-word options (was [49, 176], now [16, 16]) so all combos stay full-length.
Cross-product cap (256) reached for toponym 'Charlton on Otmoor' — capped per-word options (was [49, 4, 15], now [8, 4, 8]) so all combos stay full-length.
Cross-product cap (256) reached for toponym 'Charlton on Otmoor' — capped per-word options (was [49, 4, 15], now [8, 4, 8]) so all combos stay full-length.
Cross-product cap (256) reached for toponym 'Charlton-on-Otmoor' — capped per-word options (was [420], now [256]) so all combos stay full-length.
Cross-product cap (256) reached for toponym 'Charlton-on-Otmoor' — capped per-word options (was [420], now [256]) so all combos stay full-length.
Cross-product cap (256) reached for toponym 'Charminster' — capped per-word options (was [896], now [256]) so all combos stay full-length.
Cross-product cap (256) reached for toponym 'Charney Bassett' — capped per-word options (was [47, 54], now [16, 16]) so all combos stay full-length.
Cross-product cap (256) reached for toponym 'Cheney Longville' — capped per-word options (was [26, 33], now [16, 16]) so all combos stay full-length.
Cross-product cap (256) reached for toponym 'Cherry Burton' — capped per-word options (was [24, 22], now [16, 16]) so all combos stay full-length.
Cross-product cap (256) reached for toponym 'Cherry Hinton' — capped per-word options (was [24, 14], now [18, 14]) so all combos stay full-length.
Cross-product cap (256) reached for toponym 'Cherry Willingham' — capped per-word options (was [24, 240], now [16, 16]) so all combos stay full-length.
Cross-product cap (256) reached for toponym 'Chilton Candover' — capped per-word options (was [21, 30], now [16, 16]) so all combos stay full-length.
Cross-product cap (256) reached for toponym 'Chipping Campden' — capped per-word options (was [4, 72], now [4, 64]) so all combos stay full-length.
Cross-product cap (256) reached for toponym 'Chipping Warden' — capped per-word options (was [4, 80], now [4, 64]) so all combos stay full-length.
Cross-product cap (256) reached for toponym 'Christian Malford' — capped per-word options (was [9, 110], now [9, 28]) so all combos stay full-length.
Cross-product cap (256) reached for toponym 'Cirencester Rectory' — capped per-word options (was [38, 12], now [21, 12]) so all combos stay full-length.
Cross-product cap (256) reached for toponym 'Clapton-in-Gordano' — capped per-word options (was [480], now [256]) so all combos stay full-length.
Cross-product cap (256) reached for toponym 'Clee Saint Margaret' — capped per-word options (was [4, 6, 160], now [4, 6, 10]) so all combos stay full-length.
Cross-product cap (256) reached for toponym 'Clee St Margaret' — capped per-word options (was [4, 3, 160], now [4, 3, 21]) so all combos stay full-length.
Cross-product cap (256) reached for toponym 'Cleobury Mortimer' — capped per-word options (was [27, 64], now [16, 16]) so all combos stay full-length.
Cross-product cap (256) reached for toponym 'Clifford Chambers' — capped per-word options (was [10, 30], now [10, 25]) so all combos stay full-length.
Cross-product cap (256) reached for toponym 'Clifford Chambers' — capped per-word options (was [10, 30], now [10, 25]) so all combos stay full-length.
Cross-product cap (256) reached for toponym 'Clifton upon Dunsmore' — capped per-word options (was [7, 9, 231], now [6, 6, 7]) so all combos stay full-length.
Cross-product cap (256) reached for toponym 'Clifton-upon-Dunsmore' — capped per-word options (was [504], now [256]) so all combos stay full-length.
Cross-product cap (256) reached for toponym 'Clyst Saint Mary' — capped per-word options (was [4, 6, 48], now [4, 6, 10]) so all combos stay full-length.
Cross-product cap (256) reached for toponym 'Clyst St Mary' — capped per-word options (was [4, 3, 48], now [4, 3, 21]) so all combos stay full-length.
Cross-product cap (256) reached for toponym 'Codford Saint Mary' — capped per-word options (was [10, 6, 48], now [6, 6, 7]) so all combos stay full-length.
Cross-product cap (256) reached for toponym 'Codford Saint Peter' — capped per-word options (was [10, 6, 9], now [6, 6, 7]) so all combos stay full-length.
Cross-product cap (256) reached for toponym 'Codford St Mary' — capped per-word options (was [10, 3, 48], now [9, 3, 9]) so all combos stay full-length.
Cross-product cap (256) reached for toponym 'Codford St Peter' — capped per-word options (was [10, 3, 9], now [9, 3, 9]) so all combos stay full-length.
Cross-product cap (256) reached for toponym 'Colaton Raleigh' — capped per-word options (was [70, 15], now [17, 15]) so all combos stay full-length.
Cross-product cap (256) reached for toponym 'Cold Ashby' — capped per-word options (was [14, 24], now [14, 18]) so all combos stay full-length.
Cross-product cap (256) reached for toponym 'Cold Ashton' — capped per-word options (was [14, 28], now [14, 18]) so all combos stay full-length.
Cross-product cap (256) reached for toponym 'Cold Aston' — capped per-word options (was [14, 27], now [14, 18]) so all combos stay full-length.
Cross-product cap (256) reached for toponym 'Cold Hiendley' — capped per-word options (was [14, 30], now [14, 18]) so all combos stay full-length.
Cross-product cap (256) reached for toponym 'Cold Kirby' — capped per-word options (was [14, 36], now [14, 18]) so all combos stay full-length.
Cross-product cap (256) reached for toponym 'Cold Mareham' — capped per-word options (was [14, 80], now [14, 18]) so all combos stay full-length.
Cross-product cap (256) reached for toponym 'Cold Newton' — capped per-word options (was [14, 28], now [14, 18]) so all combos stay full-length.
Cross-product cap (256) reached for toponym 'Cold Overton' — capped per-word options (was [14, 77], now [14, 18]) so all combos stay full-length.
Cross-product cap (256) reached for toponym 'Colemore' — capped per-word options (was [294], now [256]) so all combos stay full-length.
Cross-product cap (256) reached for toponym "Colgrim's Land" — capped per-word options (was [40, 18], now [16, 16]) so all combos stay full-length.
Cross-product cap (256) reached for toponym 'Colham Green' — capped per-word options (was [80, 6], now [42, 6]) so all combos stay full-length.
Cross-product cap (256) reached for toponym 'Collingbourne' — capped per-word options (was [492], now [256]) so all combos stay full-length.
Cross-product cap (256) reached for toponym 'Collingbourne Ducis' — capped per-word options (was [492, 3], now [85, 3]) so all combos stay full-length.
Cross-product cap (256) reached for toponym 'Collingbourne Kingston' — capped per-word options (was [492, 110], now [16, 16]) so all combos stay full-length.
Cross-product cap (256) reached for toponym 'Collingham' — capped per-word options (was [702], now [256]) so all combos stay full-length.
Cross-product cap (256) reached for toponym 'Collingtree' — capped per-word options (was [328], now [256]) so all combos stay full-length.
Cross-product cap (256) reached for toponym 'Collyweston' — capped per-word options (was [494], now [256]) so all combos stay full-length.
Cross-product cap (256) reached for toponym 'Coln Saint Aldwyns' — capped per-word options (was [10, 6, 24], now [6, 6, 7]) so all combos stay full-length.
Cross-product cap (256) reached for toponym 'Coln Saint Dennis' — capped per-word options (was [10, 6, 6], now [7, 6, 6]) so all combos stay full-length.
Cross-product cap (256) reached for toponym 'Coln St Aldwyns' — capped per-word options (was [10, 3, 24], now [9, 3, 9]) so all combos stay full-length.
Cross-product cap (256) reached for toponym 'Colston Basset' — capped per-word options (was [100, 12], now [21, 12]) so all combos stay full-length.
Cross-product cap (256) reached for toponym 'Colston Bassett' — capped per-word options (was [100, 54], now [16, 16]) so all combos stay full-length.
Cross-product cap (256) reached for toponym 'Combe Baskerville' — capped per-word options (was [9, 57], now [9, 28]) so all combos stay full-length.
Cross-product cap (256) reached for toponym 'Combe Martin' — capped per-word options (was [9, 34], now [9, 28]) so all combos stay full-length.
Cross-product cap (256) reached for toponym 'Combe Saint Nicholas' — capped per-word options (was [9, 6, 8], now [6, 6, 7]) so all combos stay full-length.
Cross-product cap (256) reached for toponym 'Combe Sydenham' — capped per-word options (was [9, 80], now [9, 28]) so all combos stay full-length.
Cross-product cap (256) reached for toponym 'Compton Abdale' — capped per-word options (was [28, 14], now [18, 14]) so all combos stay full-length.
Cross-product cap (256) reached for toponym 'Compton Bassett' — capped per-word options (was [28, 54], now [16, 16]) so all combos stay full-length.
Cross-product cap (256) reached for toponym 'Compton Beauchamp' — capped per-word options (was [28, 12], now [21, 12]) so all combos stay full-length.
Cross-product cap (256) reached for toponym 'Compton Chamberlayne' — capped per-word options (was [28, 36], now [16, 16]) so all combos stay full-length.
Cross-product cap (256) reached for toponym 'Compton Dundon' — capped per-word options (was [28, 80], now [16, 16]) so all combos stay full-length.
Cross-product cap (256) reached for toponym 'Compton Durville' — capped per-word options (was [28, 15], now [17, 15]) so all combos stay full-length.
Cross-product cap (256) reached for toponym 'Compton Gifford' — capped per-word options (was [28, 10], now [25, 10]) so all combos stay full-length.
Cross-product cap (256) reached for toponym 'Compton Greenfield' — capped per-word options (was [28, 15], now [17, 15]) so all combos stay full-length.
Cross-product cap (256) reached for toponym 'Compton Martin' — capped per-word options (was [28, 34], now [16, 16]) so all combos stay full-length.
Cross-product cap (256) reached for toponym 'Compton Scorpion' — capped per-word options (was [28, 24], now [16, 16]) so all combos stay full-length.
Cross-product cap (256) reached for toponym 'Compton Scorpion' — capped per-word options (was [28, 24], now [16, 16]) so all combos stay full-length.
Cross-product cap (256) reached for toponym 'Compton Wynyates' — capped per-word options (was [28, 12], now [21, 12]) so all combos stay full-length.
Cross-product cap (256) reached for toponym 'Coney Weston' — capped per-word options (was [21, 39], now [16, 16]) so all combos stay full-length.
Cross-product cap (256) reached for toponym 'Coniston Cold' — capped per-word options (was [40, 14], now [18, 14]) so all combos stay full-length.
Cross-product cap (256) reached for toponym 'Corby Glen' — capped per-word options (was [36, 8], now [32, 8]) so all combos stay full-length.
Cross-product cap (256) reached for toponym 'Corhampton' — capped per-word options (was [270], now [256]) so all combos stay full-length.
Cross-product cap (256) reached for toponym 'Cornish Hall' — capped per-word options (was [18, 17], now [16, 16]) so all combos stay full-length.
Cross-product cap (256) reached for toponym 'Corringham' — capped per-word options (was [340], now [256]) so all combos stay full-length.
Cross-product cap (256) reached for toponym 'Corringham' — capped per-word options (was [340], now [256]) so all combos stay full-length.
Cross-product cap (256) reached for toponym 'Corton Denham' — capped per-word options (was [42, 32], now [16, 16]) so all combos stay full-length.
Cross-product cap (256) reached for toponym 'Coton Clanford' — capped per-word options (was [7, 40], now [7, 36]) so all combos stay full-length.
Cross-product cap (256) reached for toponym 'Coton in the Elms' — capped per-word options (was [7, 3, 4, 8], now [4, 3, 4, 5]) so all combos stay full-length.
Cross-product cap (256) reached for toponym 'Covenham Saint Bartholomew' — capped per-word options (was [16, 6, 20], now [6, 6, 7]) so all combos stay full-length.
Cross-product cap (256) reached for toponym 'Covenham Saint Mary' — capped per-word options (was [16, 6, 48], now [6, 6, 7]) so all combos stay full-length.
Cross-product cap (256) reached for toponym 'Covenham St Bartholomew' — capped per-word options (was [16, 3, 20], now [9, 3, 9]) so all combos stay full-length.
Cross-product cap (256) reached for toponym 'Covenham St Mary' — capped per-word options (was [16, 3, 48], now [9, 3, 9]) so all combos stay full-length.
Cross-product cap (256) reached for toponym 'Crackington Haven' — capped per-word options (was [49, 6], now [42, 6]) so all combos stay full-length.
Cross-product cap (256) reached for toponym 'Cranford Saint Andrew' — capped per-word options (was [40, 6, 7], now [6, 6, 7]) so all combos stay full-length.
Cross-product cap (256) reached for toponym 'Cranford Saint John' — capped per-word options (was [40, 6, 3], now [14, 6, 3]) so all combos stay full-length.
Cross-product cap (256) reached for toponym 'Cranford St Andrew' — capped per-word options (was [40, 3, 7], now [12, 3, 7]) so all combos stay full-length.
Cross-product cap (256) reached for toponym 'Cranford St John' — capped per-word options (was [40, 3, 3], now [28, 3, 3]) so all combos stay full-length.
Cross-product cap (256) reached for toponym 'Creeting Saint Mary' — capped per-word options (was [4, 6, 48], now [4, 6, 10]) so all combos stay full-length.
Cross-product cap (256) reached for toponym 'Creeting St Mary' — capped per-word options (was [4, 3, 48], now [4, 3, 21]) so all combos stay full-length.
Cross-product cap (256) reached for toponym 'Cricket Malherbie' — capped per-word options (was [2, 132], now [2, 128]) so all combos stay full-length.
Cross-product cap (256) reached for toponym 'Culmington' — capped per-word options (was [294], now [256]) so all combos stay full-length.
Cross-product cap (256) reached for toponym 'Curry Mallet' — capped per-word options (was [6, 47], now [6, 42]) so all combos stay full-length.
Cross-product cap (256) reached for toponym 'Dallington' — capped per-word options (was [294], now [256]) so all combos stay full-length.
Cross-product cap (256) reached for toponym 'Dallington' — capped per-word options (was [294], now [256]) so all combos stay full-length.
Cross-product cap (256) reached for toponym 'Dallington' — capped per-word options (was [294], now [256]) so all combos stay full-length.
Cross-product cap (256) reached for toponym 'Dalton in Furness' — capped per-word options (was [42, 3, 5], now [17, 3, 5]) so all combos stay full-length.
Cross-product cap (256) reached for toponym 'Dalton-in-Furness' — capped per-word options (was [360], now [256]) so all combos stay full-length.
Cross-product cap (256) reached for toponym 'Deerhurst Walton' — capped per-word options (was [12, 35], now [12, 21]) so all combos stay full-length.
Cross-product cap (256) reached for toponym 'Dinsdale Grange' — capped per-word options (was [42, 7], now [36, 7]) so all combos stay full-length.
Cross-product cap (256) reached for toponym 'Donhead Saint Andrew' — capped per-word options (was [8, 6, 7], now [6, 6, 7]) so all combos stay full-length.
Cross-product cap (256) reached for toponym 'Donhead Saint Mary' — capped per-word options (was [8, 6, 48], now [6, 6, 7]) so all combos stay full-length.
Cross-product cap (256) reached for toponym 'Donhead St Mary' — capped per-word options (was [8, 3, 48], now [8, 3, 10]) so all combos stay full-length.
Cross-product cap (256) reached for toponym 'Donington on Bain' — capped per-word options (was [56, 4, 4], now [16, 4, 4]) so all combos stay full-length.
Cross-product cap (256) reached for toponym 'Donington-on-Bain' — capped per-word options (was [384], now [256]) so all combos stay full-length.
Cross-product cap (256) reached for toponym 'Down Saint Mary' — capped per-word options (was [2, 6, 48], now [2, 6, 21]) so all combos stay full-length.
Cross-product cap (256) reached for toponym 'Down St Mary' — capped per-word options (was [2, 3, 48], now [2, 3, 42]) so all combos stay full-length.
Cross-product cap (256) reached for toponym 'Downham Market' — capped per-word options (was [16, 26], now [16, 16]) so all combos stay full-length.
Cross-product cap (256) reached for toponym 'Downton on the Rock' — capped per-word options (was [14, 4, 4, 8], now [4, 4, 4, 4]) so all combos stay full-length.
Cross-product cap (256) reached for toponym 'Draycott in the Clay' — capped per-word options (was [6, 3, 4, 6], now [4, 3, 4, 5]) so all combos stay full-length.
Cross-product cap (256) reached for toponym 'Drayton Bassett' — capped per-word options (was [14, 54], now [14, 18]) so all combos stay full-length.
Cross-product cap (256) reached for toponym 'Drayton Parslow' — capped per-word options (was [14, 65], now [14, 18]) so all combos stay full-length.
Cross-product cap (256) reached for toponym 'Drayton in Hales' — capped per-word options (was [14, 3, 18], now [9, 3, 9]) so all combos stay full-length.
Cross-product cap (256) reached for toponym 'Dromonby Hall' — capped per-word options (was [72, 17], now [16, 16]) so all combos stay full-length.
Cross-product cap (256) reached for toponym 'Dry Sandford' — capped per-word options (was [6, 60], now [6, 42]) so all combos stay full-length.
Cross-product cap (256) reached for toponym 'Dunham Massey' — capped per-word options (was [64, 15], now [17, 15]) so all combos stay full-length.
Cross-product cap (256) reached for toponym 'Dunham on Trent' — capped per-word options (was [64, 4, 7], now [9, 4, 7]) so all combos stay full-length.
Cross-product cap (256) reached for toponym 'Dunham on the Hill' — capped per-word options (was [64, 4, 4, 9], now [4, 4, 4, 4]) so all combos stay full-length.
Cross-product cap (256) reached for toponym 'Dunham-on-Trent' — capped per-word options (was [288], now [256]) so all combos stay full-length.
Cross-product cap (256) reached for toponym 'Dunham-on-the-Hill' — capped per-word options (was [864], now [256]) so all combos stay full-length.
Cross-product cap (256) reached for toponym 'Duntisbourne Abbots' — capped per-word options (was [48, 6], now [42, 6]) so all combos stay full-length.
Cross-product cap (256) reached for toponym 'Dunton Bassett' — capped per-word options (was [56, 54], now [16, 16]) so all combos stay full-length.
Cross-product cap (256) reached for toponym 'Earl Stonham' — capped per-word options (was [4, 80], now [4, 64]) so all combos stay full-length.
Cross-product cap (256) reached for toponym 'Earls Barton' — capped per-word options (was [4, 70], now [4, 64]) so all combos stay full-length.
Cross-product cap (256) reached for toponym 'East Allington' — capped per-word options (was [6, 294], now [6, 42]) so all combos stay full-length.
Cross-product cap (256) reached for toponym 'East Allington' — capped per-word options (was [6, 294], now [6, 42]) so all combos stay full-length.
Cross-product cap (256) reached for toponym 'East Anstey' — capped per-word options (was [6, 50], now [6, 42]) so all combos stay full-length.
Cross-product cap (256) reached for toponym 'East Appleton' — capped per-word options (was [6, 44], now [6, 42]) so all combos stay full-length.
Cross-product cap (256) reached for toponym 'East Ardsley' — capped per-word options (was [6, 203], now [6, 42]) so all combos stay full-length.
Cross-product cap (256) reached for toponym 'East Balsdon' — capped per-word options (was [6, 50], now [6, 42]) so all combos stay full-length.
Cross-product cap (256) reached for toponym 'East Barming' — capped per-word options (was [6, 140], now [6, 42]) so all combos stay full-length.
Cross-product cap (256) reached for toponym 'East Barnby' — capped per-word options (was [6, 66], now [6, 42]) so all combos stay full-length.
Cross-product cap (256) reached for toponym 'East Barsham' — capped per-word options (was [6, 88], now [6, 42]) so all combos stay full-length.
Cross-product cap (256) reached for toponym 'East Bexington' — capped per-word options (was [6, 56], now [6, 42]) so all combos stay full-length.
Cross-product cap (256) reached for toponym 'East Bradenham' — capped per-word options (was [6, 112], now [6, 42]) so all combos stay full-length.
Cross-product cap (256) reached for toponym 'East Carleton' — capped per-word options (was [6, 242], now [6, 42]) so all combos stay full-length.
Cross-product cap (256) reached for toponym 'East Carlton' — capped per-word options (was [6, 77], now [6, 42]) so all combos stay full-length.
Cross-product cap (256) reached for toponym 'East Carlton' — capped per-word options (was [6, 77], now [6, 42]) so all combos stay full-length.
Cross-product cap (256) reached for toponym 'East Charleton' — capped per-word options (was [6, 154], now [6, 42]) so all combos stay full-length.
Cross-product cap (256) reached for toponym 'East Chiltington' — capped per-word options (was [6, 84], now [6, 42]) so all combos stay full-length.
Cross-product cap (256) reached for toponym 'East Cranmore' — capped per-word options (was [6, 84], now [6, 42]) so all combos stay full-length.
Cross-product cap (256) reached for toponym 'East Densham' — capped per-word options (was [6, 48], now [6, 42]) so all combos stay full-length.
Cross-product cap (256) reached for toponym 'East Donyland' — capped per-word options (was [6, 44], now [6, 42]) so all combos stay full-length.
Cross-product cap (256) reached for toponym 'East Farndon' — capped per-word options (was [6, 90], now [6, 42]) so all combos stay full-length.
Cross-product cap (256) reached for toponym 'East Flotmanby' — capped per-word options (was [6, 66], now [6, 42]) so all combos stay full-length.
Cross-product cap (256) reached for toponym 'East Garston' — capped per-word options (was [6, 137], now [6, 42]) so all combos stay full-length.
Cross-product cap (256) reached for toponym 'East Harling' — capped per-word options (was [6, 160], now [6, 42]) so all combos stay full-length.
Cross-product cap (256) reached for toponym 'East Harlsey' — capped per-word options (was [6, 100], now [6, 42]) so all combos stay full-length.
Cross-product cap (256) reached for toponym 'East Harptree' — capped per-word options (was [6, 80], now [6, 42]) so all combos stay full-length.
Cross-product cap (256) reached for toponym 'East Harting' — capped per-word options (was [6, 92], now [6, 42]) so all combos stay full-length.
Cross-product cap (256) reached for toponym 'East Holton' — capped per-word options (was [6, 49], now [6, 42]) so all combos stay full-length.
Cross-product cap (256) reached for toponym 'East Horsley' — capped per-word options (was [6, 63], now [6, 42]) so all combos stay full-length.
Cross-product cap (256) reached for toponym 'East Langton' — capped per-word options (was [6, 56], now [6, 42]) so all combos stay full-length.
Cross-product cap (256) reached for toponym 'East Malling' — capped per-word options (was [6, 88], now [6, 42]) so all combos stay full-length.
Cross-product cap (256) reached for toponym 'East Manley' — capped per-word options (was [6, 150], now [6, 42]) so all combos stay full-length.
Cross-product cap (256) reached for toponym 'East Marden' — capped per-word options (was [6, 80], now [6, 42]) so all combos stay full-length.
Cross-product cap (256) reached for toponym 'East Markham' — capped per-word options (was [6, 80], now [6, 42]) so all combos stay full-length.
Cross-product cap (256) reached for toponym 'East Marton' — capped per-word options (was [6, 70], now [6, 42]) so all combos stay full-length.
Cross-product cap (256) reached for toponym 'East Middleton' — capped per-word options (was [6, 95], now [6, 42]) so all combos stay full-length.
Cross-product cap (256) reached for toponym 'East Molesey' — capped per-word options (was [6, 95], now [6, 42]) so all combos stay full-length.
Cross-product cap (256) reached for toponym 'East Morden' — capped per-word options (was [6, 64], now [6, 42]) so all combos stay full-length.
Cross-product cap (256) reached for toponym 'East Morton' — capped per-word options (was [6, 56], now [6, 42]) so all combos stay full-length.
Cross-product cap (256) reached for toponym 'East Overton' — capped per-word options (was [6, 77], now [6, 42]) so all combos stay full-length.
Cross-product cap (256) reached for toponym 'East Pennard' — capped per-word options (was [6, 55], now [6, 42]) so all combos stay full-length.
Cross-product cap (256) reached for toponym 'East Raynham' — capped per-word options (was [6, 48], now [6, 42]) so all combos stay full-length.
Cross-product cap (256) reached for toponym 'East Somerton' — capped per-word options (was [6, 105], now [6, 42]) so all combos stay full-length.
Cross-product cap (256) reached for toponym 'East Stainley' — capped per-word options (was [6, 90], now [6, 42]) so all combos stay full-length.
Cross-product cap (256) reached for toponym 'East Standen' — capped per-word options (was [6, 91], now [6, 42]) so all combos stay full-length.
Cross-product cap (256) reached for toponym 'East Torrington' — capped per-word options (was [6, 168], now [6, 42]) so all combos stay full-length.
Cross-product cap (256) reached for toponym 'East Tytherley' — capped per-word options (was [6, 120], now [6, 42]) so all combos stay full-length.
Cross-product cap (256) reached for toponym 'East Tytherton' — capped per-word options (was [6, 56], now [6, 42]) so all combos stay full-length.
Cross-product cap (256) reached for toponym 'East Wellow' — capped per-word options (was [6, 132], now [6, 42]) so all combos stay full-length.
Cross-product cap (256) reached for toponym 'East Winterslow' — capped per-word options (was [6, 312], now [6, 42]) so all combos stay full-length.
Cross-product cap (256) reached for toponym 'East Wittering' — capped per-word options (was [6, 45], now [6, 42]) so all combos stay full-length.
Cross-product cap (256) reached for toponym 'East Worlington' — capped per-word options (was [6, 147], now [6, 42]) so all combos stay full-length.
Cross-product cap (256) reached for toponym 'Eastleach Martin' — capped per-word options (was [108, 34], now [16, 16]) so all combos stay full-length.
Cross-product cap (256) reached for toponym 'Eastleach Turville' — capped per-word options (was [108, 3], now [85, 3]) so all combos stay full-length.
Cross-product cap (256) reached for toponym 'Easton Neston' — capped per-word options (was [18, 17], now [16, 16]) so all combos stay full-length.
Cross-product cap (256) reached for toponym 'Easton in Gordano' — capped per-word options (was [18, 3, 8], now [10, 3, 8]) so all combos stay full-length.
Cross-product cap (256) reached for toponym 'Easton on the Hill' — capped per-word options (was [18, 4, 4, 9], now [4, 4, 4, 4]) so all combos stay full-length.
Cross-product cap (256) reached for toponym 'Easton-in-Gordano' — capped per-word options (was [1280], now [256]) so all combos stay full-length.
Cross-product cap (256) reached for toponym 'Easton-on-the-Hill' — capped per-word options (was [288], now [256]) so all combos stay full-length.
Cross-product cap (256) reached for toponym 'Eaton Constantine' — capped per-word options (was [7, 54], now [7, 36]) so all combos stay full-length.
Cross-product cap (256) reached for toponym 'Egglestone Abbey' — capped per-word options (was [54, 12], now [21, 12]) so all combos stay full-length.
Cross-product cap (256) reached for toponym 'Ellenthorpe Hall' — capped per-word options (was [58, 17], now [16, 16]) so all combos stay full-length.
Cross-product cap (256) reached for toponym 'Ellerton Abbey' — capped per-word options (was [91, 12], now [21, 12]) so all combos stay full-length.
Cross-product cap (256) reached for toponym 'Ellerton on Swale' — capped per-word options (was [91, 4, 1], now [64, 4, 1]) so all combos stay full-length.
Cross-product cap (256) reached for toponym 'Elmham All Saints' — capped per-word options (was [64, 12, 5], now [7, 7, 5]) so all combos stay full-length.
Cross-product cap (256) reached for toponym 'Elmham Saint Cross' — capped per-word options (was [64, 6, 7], now [6, 6, 7]) so all combos stay full-length.
Cross-product cap (256) reached for toponym 'Elmham Saint James' — capped per-word options (was [64, 6, 4], now [10, 6, 4]) so all combos stay full-length.
Cross-product cap (256) reached for toponym 'Elmham Saint Margaret' — capped per-word options (was [64, 6, 160], now [6, 6, 7]) so all combos stay full-length.
Cross-product cap (256) reached for toponym 'Elmham Saint Michael' — capped per-word options (was [64, 6, 5], now [8, 6, 5]) so all combos stay full-length.
Cross-product cap (256) reached for toponym 'Elmham Saint Nicholas' — capped per-word options (was [64, 6, 8], now [6, 6, 7]) so all combos stay full-length.
Cross-product cap (256) reached for toponym 'Elmham Saint Peter' — capped per-word options (was [64, 6, 9], now [6, 6, 7]) so all combos stay full-length.
Cross-product cap (256) reached for toponym 'Elmham St Cross' — capped per-word options (was [64, 3, 7], now [12, 3, 7]) so all combos stay full-length.
Cross-product cap (256) reached for toponym 'Elmham St James' — capped per-word options (was [64, 3, 4], now [21, 3, 4]) so all combos stay full-length.
Cross-product cap (256) reached for toponym 'Elmham St Margaret' — capped per-word options (was [64, 3, 160], now [9, 3, 9]) so all combos stay full-length.
Cross-product cap (256) reached for toponym 'Elmham St Michael' — capped per-word options (was [64, 3, 5], now [17, 3, 5]) so all combos stay full-length.
Cross-product cap (256) reached for toponym 'Elmham St Nicholas' — capped per-word options (was [64, 3, 8], now [10, 3, 8]) so all combos stay full-length.
Cross-product cap (256) reached for toponym 'Elmham St Peter' — capped per-word options (was [64, 3, 9], now [9, 3, 9]) so all combos stay full-length.
Cross-product cap (256) reached for toponym 'Elmley Castle' — capped per-word options (was [120, 14], now [18, 14]) so all combos stay full-length.
Cross-product cap (256) reached for toponym 'Elmstone Hardwick' — capped per-word options (was [96, 140], now [16, 16]) so all combos stay full-length.
Cross-product cap (256) reached for toponym 'Enham Alamein' — capped per-word options (was [24, 36], now [16, 16]) so all combos stay full-length.
Cross-product cap (256) reached for toponym 'Eyton upon the Weald Moors' — capped per-word options (was [14, 9, 4, 2, 10], now [3, 3, 3, 2, 4]) so all combos stay full-length.
Cross-product cap (256) reached for toponym 'Fanton Hall' — capped per-word options (was [21, 17], now [16, 16]) so all combos stay full-length.
Cross-product cap (256) reached for toponym 'Farleigh Hungerford' — capped per-word options (was [40, 20], now [16, 16]) so all combos stay full-length.
Cross-product cap (256) reached for toponym 'Farley Chamberlayne' — capped per-word options (was [120, 36], now [16, 16]) so all combos stay full-length.
Cross-product cap (256) reached for toponym 'Farlington' — capped per-word options (was [392], now [256]) so all combos stay full-length.
Cross-product cap (256) reached for toponym 'Farmanby' — capped per-word options (was [564], now [256]) so all combos stay full-length.
Cross-product cap (256) reached for toponym 'Farnham Royal' — capped per-word options (was [75, 7], now [36, 7]) so all combos stay full-length.
Cross-product cap (256) reached for toponym 'Farningham' — capped per-word options (was [306], now [256]) so all combos stay full-length.
Cross-product cap (256) reached for toponym 'Farnley Tyas' — capped per-word options (was [135, 2], now [128, 2]) so all combos stay full-length.
Cross-product cap (256) reached for toponym 'Farringdon' — capped per-word options (was [480], now [256]) so all combos stay full-length.
Cross-product cap (256) reached for toponym 'Farringdon' — capped per-word options (was [480], now [256]) so all combos stay full-length.
Cross-product cap (256) reached for toponym 'Farrington Gurney' — capped per-word options (was [336, 6], now [42, 6]) so all combos stay full-length.
Cross-product cap (256) reached for toponym 'Farthingstone' — capped per-word options (was [384], now [256]) so all combos stay full-length.
Cross-product cap (256) reached for toponym 'Fen Stanton' — capped per-word options (was [4, 77], now [4, 64]) so all combos stay full-length.
Cross-product cap (256) reached for toponym 'Fen Stanton' — capped per-word options (was [4, 77], now [4, 64]) so all combos stay full-length.
Cross-product cap (256) reached for toponym 'Fenny Bentley' — capped per-word options (was [12, 150], now [12, 21]) so all combos stay full-length.
Cross-product cap (256) reached for toponym 'Fenny Compton' — capped per-word options (was [12, 28], now [12, 21]) so all combos stay full-length.
Cross-product cap (256) reached for toponym 'Ferry Fryston' — capped per-word options (was [22, 20], now [16, 16]) so all combos stay full-length.
Cross-product cap (256) reached for toponym 'Finlesford' — capped per-word options (was [300], now [256]) so all combos stay full-length.
Cross-product cap (256) reached for toponym 'Finningley' — capped per-word options (was [300], now [256]) so all combos stay full-length.
Cross-product cap (256) reached for toponym 'Fisherton Anger' — capped per-word options (was [28, 12], now [21, 12]) so all combos stay full-length.
Cross-product cap (256) reached for toponym 'Fleet Marston' — capped per-word options (was [7, 121], now [7, 36]) so all combos stay full-length.
Cross-product cap (256) reached for toponym 'Forncett Saint Mary' — capped per-word options (was [8, 6, 48], now [6, 6, 7]) so all combos stay full-length.
Cross-product cap (256) reached for toponym 'Forncett Saint Peter' — capped per-word options (was [8, 6, 9], now [6, 6, 7]) so all combos stay full-length.
Cross-product cap (256) reached for toponym 'Forncett St Mary' — capped per-word options (was [8, 3, 48], now [8, 3, 10]) so all combos stay full-length.
Cross-product cap (256) reached for toponym 'Fornham All Saints' — capped per-word options (was [32, 12, 5], now [7, 7, 5]) so all combos stay full-length.
Cross-product cap (256) reached for toponym 'Fornham Saint Genevieve' — capped per-word options (was [32, 6, 2], now [21, 6, 2]) so all combos stay full-length.
Cross-product cap (256) reached for toponym 'Fornham Saint Martin' — capped per-word options (was [32, 6, 34], now [6, 6, 7]) so all combos stay full-length.
Cross-product cap (256) reached for toponym 'Fornham St Martin' — capped per-word options (was [32, 3, 34], now [9, 3, 9]) so all combos stay full-length.
Cross-product cap (256) reached for toponym 'Foston on the Wolds' — capped per-word options (was [10, 4, 4, 6], now [4, 4, 4, 4]) so all combos stay full-length.
Cross-product cap (256) reached for toponym 'Fotheringhay' — capped per-word options (was [342], now [256]) so all combos stay full-length.
Cross-product cap (256) reached for toponym 'Framingham Earl' — capped per-word options (was [122, 4], now [64, 4]) so all combos stay full-length.
Cross-product cap (256) reached for toponym 'Frampton Mansell' — capped per-word options (was [14, 26], now [14, 18]) so all combos stay full-length.
Cross-product cap (256) reached for toponym 'Fyling Old Hall' — capped per-word options (was [16, 9, 17], now [6, 6, 7]) so all combos stay full-length.
Cross-product cap (256) reached for toponym 'Garboldisham' — capped per-word options (was [312], now [256]) so all combos stay full-length.
Cross-product cap (256) reached for toponym 'Garrington' — capped per-word options (was [546], now [256]) so all combos stay full-length.
Cross-product cap (256) reached for toponym 'Garrowby Hall' — capped per-word options (was [78, 17], now [16, 16]) so all combos stay full-length.
Cross-product cap (256) reached for toponym 'Garsington' — capped per-word options (was [483], now [256]) so all combos stay full-length.
Cross-product cap (256) reached for toponym 'Garton on the Wolds' — capped per-word options (was [97, 4, 4, 6], now [4, 4, 4, 4]) so all combos stay full-length.
Cross-product cap (256) reached for toponym 'Garton-on-the-Wolds' — capped per-word options (was [336], now [256]) so all combos stay full-length.
Cross-product cap (256) reached for toponym 'Gate Helmsley' — capped per-word options (was [10, 32], now [10, 25]) so all combos stay full-length.
Cross-product cap (256) reached for toponym 'Gatehampton' — capped per-word options (was [315], now [256]) so all combos stay full-length.
Cross-product cap (256) reached for toponym "Gerrard's Bromley" — capped per-word options (was [8, 90], now [8, 32]) so all combos stay full-length.
Cross-product cap (256) reached for toponym 'Gerrards Bromley' — capped per-word options (was [8, 90], now [8, 32]) so all combos stay full-length.
Cross-product cap (256) reached for toponym 'Girlington Hall' — capped per-word options (was [49, 17], now [16, 16]) so all combos stay full-length.
Cross-product cap (256) reached for toponym 'Glanvilles Wootton' — capped per-word options (was [60, 7], now [36, 7]) so all combos stay full-length.
Cross-product cap (256) reached for toponym 'Glasshampton' — capped per-word options (was [270], now [256]) so all combos stay full-length.
Cross-product cap (256) reached for toponym 'Golborne Bellow' — capped per-word options (was [4, 85], now [4, 64]) so all combos stay full-length.
Cross-product cap (256) reached for toponym 'Goldingham Hall' — capped per-word options (was [42, 17], now [16, 16]) so all combos stay full-length.
Cross-product cap (256) reached for toponym 'Goldington Highfields' — capped per-word options (was [35, 15], now [17, 15]) so all combos stay full-length.
Cross-product cap (256) reached for toponym 'Great Barlington' — capped per-word options (was [1, 490], now [1, 256]) so all combos stay full-length.
Cross-product cap (256) reached for toponym 'Great Barrington' — capped per-word options (was [1, 504], now [1, 256]) so all combos stay full-length.
Cross-product cap (256) reached for toponym 'Great East Standen' — capped per-word options (was [1, 6, 91], now [1, 6, 42]) so all combos stay full-length.
Cross-product cap (256) reached for toponym 'Great Faringdon' — capped per-word options (was [1, 350], now [1, 256]) so all combos stay full-length.
Cross-product cap (256) reached for toponym 'Great Hallingbury' — capped per-word options (was [1, 450], now [1, 256]) so all combos stay full-length.
Cross-product cap (256) reached for toponym 'Grimston Hall' — capped per-word options (was [20, 17], now [16, 16]) so all combos stay full-length.
Cross-product cap (256) reached for toponym 'Gringley on the Hill' — capped per-word options (was [90, 4, 4, 9], now [4, 4, 4, 4]) so all combos stay full-length.
Cross-product cap (256) reached for toponym 'Gringley-on-the-Hill' — capped per-word options (was [648], now [256]) so all combos stay full-length.
Cross-product cap (256) reached for toponym 'Guilden Morden' — capped per-word options (was [16, 64], now [16, 16]) so all combos stay full-length.
Cross-product cap (256) reached for toponym 'Hallingbury' — capped per-word options (was [450], now [256]) so all combos stay full-length.
Cross-product cap (256) reached for toponym 'Hallington' — capped per-word options (was [350], now [256]) so all combos stay full-length.
Cross-product cap (256) reached for toponym 'Halton Holegate' — capped per-word options (was [42, 55], now [16, 16]) so all combos stay full-length.
Cross-product cap (256) reached for toponym 'Hammerton Hall' — capped per-word options (was [42, 17], now [16, 16]) so all combos stay full-length.
Cross-product cap (256) reached for toponym 'Hampton in Arden' — capped per-word options (was [17, 3, 43], now [9, 3, 9]) so all combos stay full-length.
Cross-product cap (256) reached for toponym 'Hampton-in-Arden' — capped per-word options (was [768], now [256]) so all combos stay full-length.
Cross-product cap (256) reached for toponym 'Hamstead Marshall' — capped per-word options (was [6, 176], now [6, 42]) so all combos stay full-length.
Cross-product cap (256) reached for toponym 'Hanging Langford' — capped per-word options (was [12, 80], now [12, 21]) so all combos stay full-length.
Cross-product cap (256) reached for toponym 'Hanley Castle' — capped per-word options (was [45, 14], now [18, 14]) so all combos stay full-length.
Cross-product cap (256) reached for toponym 'Hanley Castle' — capped per-word options (was [45, 14], now [18, 14]) so all combos stay full-length.
Cross-product cap (256) reached for toponym 'Hanley Castle' — capped per-word options (was [45, 14], now [18, 14]) so all combos stay full-length.
Cross-product cap (256) reached for toponym 'Harborough Magna' — capped per-word options (was [100, 10], now [25, 10]) so all combos stay full-length.
Cross-product cap (256) reached for toponym 'Harborough Parva' — capped per-word options (was [100, 5], now [51, 5]) so all combos stay full-length.
Cross-product cap (256) reached for toponym 'Harbourneford' — capped per-word options (was [800], now [256]) so all combos stay full-length.
Cross-product cap (256) reached for toponym 'Hardingstone' — capped per-word options (was [1200], now [256]) so all combos stay full-length.
Cross-product cap (256) reached for toponym 'Hardington Mandeville' — capped per-word options (was [700, 30], now [16, 16]) so all combos stay full-length.
Cross-product cap (256) reached for toponym 'Hardley' — capped per-word options (was [300], now [256]) so all combos stay full-length.
Cross-product cap (256) reached for toponym 'Hardley' — capped per-word options (was [300], now [256]) so all combos stay full-length.
Cross-product cap (256) reached for toponym 'Harefield South' — capped per-word options (was [60, 11], now [23, 11]) so all combos stay full-length.
Cross-product cap (256) reached for toponym 'Haresfield Court' — capped per-word options (was [120, 4], now [64, 4]) so all combos stay full-length.
Cross-product cap (256) reached for toponym 'Hareston' — capped per-word options (was [341], now [256]) so all combos stay full-length.
Cross-product cap (256) reached for toponym 'Harlesden' — capped per-word options (was [960], now [256]) so all combos stay full-length.
Cross-product cap (256) reached for toponym 'Harleston' — capped per-word options (was [1020], now [256]) so all combos stay full-length.
Cross-product cap (256) reached for toponym 'Harleston' — capped per-word options (was [1020], now [256]) so all combos stay full-length.
Cross-product cap (256) reached for toponym 'Harlestone' — capped per-word options (was [1080], now [256]) so all combos stay full-length.
Cross-product cap (256) reached for toponym 'Harley' — capped per-word options (was [300], now [256]) so all combos stay full-length.
Cross-product cap (256) reached for toponym 'Harlington' — capped per-word options (was [980], now [256]) so all combos stay full-length.
Cross-product cap (256) reached for toponym 'Harlington' — capped per-word options (was [980], now [256]) so all combos stay full-length.
Cross-product cap (256) reached for toponym 'Harmondsworth' — capped per-word options (was [960], now [256]) so all combos stay full-length.
Cross-product cap (256) reached for toponym 'Harmston' — capped per-word options (was [400], now [256]) so all combos stay full-length.
Cross-product cap (256) reached for toponym 'Harpingden' — capped per-word options (was [640], now [256]) so all combos stay full-length.
Cross-product cap (256) reached for toponym 'Harpley' — capped per-word options (was [300], now [256]) so all combos stay full-length.
Cross-product cap (256) reached for toponym 'Harringworth' — capped per-word options (was [720], now [256]) so all combos stay full-length.
Cross-product cap (256) reached for toponym 'Harrow on the Hill' — capped per-word options (was [181, 4, 4, 9], now [4, 4, 4, 4]) so all combos stay full-length.
Cross-product cap (256) reached for toponym 'Harrow-on-the-Hill' — capped per-word options (was [360], now [256]) so all combos stay full-length.
Cross-product cap (256) reached for toponym 'Harry Stoke' — capped per-word options (was [120, 5], now [51, 5]) so all combos stay full-length.
Cross-product cap (256) reached for toponym 'Hart Carrs' — capped per-word options (was [23, 24], now [16, 16]) so all combos stay full-length.
Cross-product cap (256) reached for toponym 'Hartington' — capped per-word options (was [644], now [256]) so all combos stay full-length.
Cross-product cap (256) reached for toponym 'Hartley' — capped per-word options (was [345], now [256]) so all combos stay full-length.
Cross-product cap (256) reached for toponym 'Hartley' — capped per-word options (was [345], now [256]) so all combos stay full-length.
Cross-product cap (256) reached for toponym 'Hartley' — capped per-word options (was [345], now [256]) so all combos stay full-length.
Cross-product cap (256) reached for toponym 'Hartley Mauditt' — capped per-word options (was [345, 4], now [64, 4]) so all combos stay full-length.
Cross-product cap (256) reached for toponym 'Hartley Wespall' — capped per-word options (was [345, 21], now [16, 16]) so all combos stay full-length.
Cross-product cap (256) reached for toponym 'Hartlington' — capped per-word options (was [1127], now [256]) so all combos stay full-length.
Cross-product cap (256) reached for toponym 'Havering atte Bower' — capped per-word options (was [14, 2, 12], now [11, 2, 11]) so all combos stay full-length.
Cross-product cap (256) reached for toponym 'Hayling Island' — capped per-word options (was [56, 13], now [19, 13]) so all combos stay full-length.
Cross-product cap (256) reached for toponym 'Headbourne Worthy' — capped per-word options (was [18, 15], now [17, 15]) so all combos stay full-length.
Cross-product cap (256) reached for toponym 'Hemingford Abbots' — capped per-word options (was [140, 6], now [42, 6]) so all combos stay full-length.
Cross-product cap (256) reached for toponym 'Hemingford Abbots' — capped per-word options (was [140, 6], now [42, 6]) so all combos stay full-length.
Cross-product cap (256) reached for toponym 'Hemingford Grey' — capped per-word options (was [140, 5], now [51, 5]) so all combos stay full-length.
Cross-product cap (256) reached for toponym 'Hensington' — capped per-word options (was [336], now [256]) so all combos stay full-length.
Cross-product cap (256) reached for toponym 'High Bentham' — capped per-word options (was [5, 89], now [5, 51]) so all combos stay full-length.
Cross-product cap (256) reached for toponym 'High Blandsby' — capped per-word options (was [5, 54], now [5, 51]) so all combos stay full-length.
Cross-product cap (256) reached for toponym 'High Bradley' — capped per-word options (was [5, 75], now [5, 51]) so all combos stay full-length.
Cross-product cap (256) reached for toponym 'High Bramley Grange' — capped per-word options (was [5, 30, 7], now [5, 7, 7]) so all combos stay full-length.
Cross-product cap (256) reached for toponym 'High Ellington' — capped per-word options (was [5, 196], now [5, 51]) so all combos stay full-length.
Cross-product cap (256) reached for toponym 'High Grantley' — capped per-word options (was [5, 60], now [5, 51]) so all combos stay full-length.
Cross-product cap (256) reached for toponym 'High Marnham' — capped per-word options (was [5, 88], now [5, 51]) so all combos stay full-length.
Cross-product cap (256) reached for toponym 'High Skirlington' — capped per-word options (was [5, 98], now [5, 51]) so all combos stay full-length.
Cross-product cap (256) reached for toponym 'Higher Ashton' — capped per-word options (was [18, 28], now [16, 16]) so all combos stay full-length.
Cross-product cap (256) reached for toponym 'Higher Aylescott' — capped per-word options (was [18, 72], now [16, 16]) so all combos stay full-length.
Cross-product cap (256) reached for toponym 'Higher Bockhampton' — capped per-word options (was [18, 135], now [16, 16]) so all combos stay full-length.
Cross-product cap (256) reached for toponym 'Higher Boden' — capped per-word options (was [18, 27], now [16, 16]) so all combos stay full-length.
Cross-product cap (256) reached for toponym 'Higher Burwardsley' — capped per-word options (was [18, 372], now [16, 16]) so all combos stay full-length.
Cross-product cap (256) reached for toponym 'Higher Callestick' — capped per-word options (was [18, 156], now [16, 16]) so all combos stay full-length.
Cross-product cap (256) reached for toponym 'Higher Cheriton' — capped per-word options (was [18, 28], now [16, 16]) so all combos stay full-length.
Cross-product cap (256) reached for toponym 'Higher Crackington' — capped per-word options (was [18, 49], now [16, 16]) so all combos stay full-length.
Cross-product cap (256) reached for toponym 'Higher Densham' — capped per-word options (was [18, 48], now [16, 16]) so all combos stay full-length.
Cross-product cap (256) reached for toponym 'Higher Dinting' — capped per-word options (was [18, 16], now [16, 16]) so all combos stay full-length.
Cross-product cap (256) reached for toponym 'Higher Heysham' — capped per-word options (was [18, 16], now [16, 16]) so all combos stay full-length.
Cross-product cap (256) reached for toponym 'Higher Kingcombe' — capped per-word options (was [18, 55], now [16, 16]) so all combos stay full-length.
Cross-product cap (256) reached for toponym 'Higher Melcombe' — capped per-word options (was [18, 30], now [16, 16]) so all combos stay full-length.
Cross-product cap (256) reached for toponym 'Higher Molland' — capped per-word options (was [18, 33], now [16, 16]) so all combos stay full-length.
Cross-product cap (256) reached for toponym 'Higher Nyland' — capped per-word options (was [18, 22], now [16, 16]) so all combos stay full-length.
Cross-product cap (256) reached for toponym 'Higher Penwortham' — capped per-word options (was [18, 63], now [16, 16]) so all combos stay full-length.
Cross-product cap (256) reached for toponym 'Higher Rocombe' — capped per-word options (was [18, 15], now [17, 15]) so all combos stay full-length.
Cross-product cap (256) reached for toponym 'Higher Spriddlescombe' — capped per-word options (was [18, 30], now [16, 16]) so all combos stay full-length.
Cross-product cap (256) reached for toponym 'Higher Sturthill' — capped per-word options (was [18, 30], now [16, 16]) so all combos stay full-length.
Cross-product cap (256) reached for toponym 'Higher Tregantle' — capped per-word options (was [18, 38], now [16, 16]) so all combos stay full-length.
Cross-product cap (256) reached for toponym 'Higher Warcombe' — capped per-word options (was [18, 50], now [16, 16]) so all combos stay full-length.
Cross-product cap (256) reached for toponym 'Higher Whitley' — capped per-word options (was [18, 60], now [16, 16]) so all combos stay full-length.
Cross-product cap (256) reached for toponym 'Higher Worthygate' — capped per-word options (was [18, 45], now [16, 16]) so all combos stay full-length.
Cross-product cap (256) reached for toponym 'Hildenley Hall' — capped per-word options (was [75, 17], now [16, 16]) so all combos stay full-length.
Cross-product cap (256) reached for toponym 'Hill Somersal' — capped per-word options (was [9, 35], now [9, 28]) so all combos stay full-length.
Cross-product cap (256) reached for toponym 'Hinton Charterhouse' — capped per-word options (was [14, 70], now [14, 18]) so all combos stay full-length.
Cross-product cap (256) reached for toponym 'Hinton Martell' — capped per-word options (was [14, 20], now [14, 18]) so all combos stay full-length.
Cross-product cap (256) reached for toponym 'Hinton Saint Mary' — capped per-word options (was [14, 6, 48], now [6, 6, 7]) so all combos stay full-length.
Cross-product cap (256) reached for toponym 'Hinton St Mary' — capped per-word options (was [14, 3, 48], now [9, 3, 9]) so all combos stay full-length.
Cross-product cap (256) reached for toponym 'Hinton in the Hedges' — capped per-word options (was [14, 3, 4, 3], now [7, 3, 4, 3]) so all combos stay full-length.
Cross-product cap (256) reached for toponym 'Hinton on the Green' — capped per-word options (was [14, 4, 4, 6], now [4, 4, 4, 4]) so all combos stay full-length.
Cross-product cap (256) reached for toponym 'Hinton on the Green' — capped per-word options (was [14, 4, 4, 6], now [4, 4, 4, 4]) so all combos stay full-length.
Cross-product cap (256) reached for toponym 'Holcombe Burnell' — capped per-word options (was [35, 11], now [23, 11]) so all combos stay full-length.
Cross-product cap (256) reached for toponym 'Holford Saint Mary' — capped per-word options (was [70, 6, 48], now [6, 6, 7]) so all combos stay full-length.
Cross-product cap (256) reached for toponym 'Holford St Mary' — capped per-word options (was [70, 3, 48], now [9, 3, 9]) so all combos stay full-length.
Cross-product cap (256) reached for toponym 'Hollingbourne' — capped per-word options (was [294], now [256]) so all combos stay full-length.
Cross-product cap (256) reached for toponym 'Hollingdon' — capped per-word options (was [490], now [256]) so all combos stay full-length.
Cross-product cap (256) reached for toponym 'Hollington' — capped per-word options (was [343], now [256]) so all combos stay full-length.
Cross-product cap (256) reached for toponym 'Hollington' — capped per-word options (was [343], now [256]) so all combos stay full-length.
Cross-product cap (256) reached for toponym 'Hollingworth' — capped per-word options (was [294], now [256]) so all combos stay full-length.
Cross-product cap (256) reached for toponym 'Hollow Court' — capped per-word options (was [91, 4], now [64, 4]) so all combos stay full-length.
Cross-product cap (256) reached for toponym 'Hollow Court' — capped per-word options (was [91, 4], now [64, 4]) so all combos stay full-length.
Cross-product cap (256) reached for toponym 'Holme next the Sea' — capped per-word options (was [20, 1, 4, 4], now [16, 1, 4, 4]) so all combos stay full-length.
Cross-product cap (256) reached for toponym 'Holme on the Wolds' — capped per-word options (was [20, 4, 4, 6], now [4, 4, 4, 4]) so all combos stay full-length.
Cross-product cap (256) reached for toponym 'Holme upon Spalding Moor' — capped per-word options (was [20, 9, 4, 7], now [4, 4, 4, 4]) so all combos stay full-length.
Cross-product cap (256) reached for toponym 'Holme-upon-Spalding-Moor' — capped per-word options (was [900], now [256]) so all combos stay full-length.
Cross-product cap (256) reached for toponym 'Holtby Hall' — capped per-word options (was [42, 17], now [16, 16]) so all combos stay full-length.
Cross-product cap (256) reached for toponym 'Holton Saint Mary' — capped per-word options (was [49, 6, 48], now [6, 6, 7]) so all combos stay full-length.
Cross-product cap (256) reached for toponym 'Holton St Mary' — capped per-word options (was [49, 3, 48], now [9, 3, 9]) so all combos stay full-length.
Cross-product cap (256) reached for toponym 'Holton cum Beckering' — capped per-word options (was [49, 2, 33], now [11, 2, 11]) so all combos stay full-length.
Cross-product cap (256) reached for toponym 'Holton le Clay' — capped per-word options (was [49, 1, 6], now [42, 1, 6]) so all combos stay full-length.
Cross-product cap (256) reached for toponym 'Holton le Moor' — capped per-word options (was [49, 1, 7], now [36, 1, 7]) so all combos stay full-length.
Cross-product cap (256) reached for toponym 'Holton-cum-Beckering' — capped per-word options (was [1596], now [256]) so all combos stay full-length.
Cross-product cap (256) reached for toponym 'Holton-le-Clay' — capped per-word options (was [756], now [256]) so all combos stay full-length.
Cross-product cap (256) reached for toponym 'Holton-le-Moor' — capped per-word options (was [630], now [256]) so all combos stay full-length.
Cross-product cap (256) reached for toponym 'Holverston' — capped per-word options (was [308], now [256]) so all combos stay full-length.
Cross-product cap (256) reached for toponym 'Hope under Dinmore' — capped per-word options (was [3, 4, 84], now [3, 4, 21]) so all combos stay full-length.
Cross-product cap (256) reached for toponym 'Hopton Sollers' — capped per-word options (was [7, 45], now [7, 36]) so all combos stay full-length.
Cross-product cap (256) reached for toponym 'Horndon on the Hill' — capped per-word options (was [30, 4, 4, 9], now [4, 4, 4, 4]) so all combos stay full-length.
Cross-product cap (256) reached for toponym 'Hornington Manor' — capped per-word options (was [84, 30], now [16, 16]) so all combos stay full-length.
Cross-product cap (256) reached for toponym 'Hornsea Burton' — capped per-word options (was [18, 22], now [16, 16]) so all combos stay full-length.
Cross-product cap (256) reached for toponym 'Horseham Hall' — capped per-word options (was [32, 17], now [16, 16]) so all combos stay full-length.
Cross-product cap (256) reached for toponym 'Horton Kirby' — capped per-word options (was [21, 36], now [16, 16]) so all combos stay full-length.
Cross-product cap (256) reached for toponym 'Horton in Ribblesdale' — capped per-word options (was [21, 3, 49], now [9, 3, 9]) so all combos stay full-length.
Cross-product cap (256) reached for toponym 'Horton-in-Ribblesdale' — capped per-word options (was [1764], now [256]) so all combos stay full-length.
Cross-product cap (256) reached for toponym 'Houghton Saint Giles' — capped per-word options (was [7, 6, 13], now [6, 6, 7]) so all combos stay full-length.
Cross-product cap (256) reached for toponym 'Houghton St Giles' — capped per-word options (was [7, 3, 13], now [7, 3, 12]) so all combos stay full-length.
Cross-product cap (256) reached for toponym 'Houghton on the Hill' — capped per-word options (was [7, 4, 4, 9], now [4, 4, 4, 4]) so all combos stay full-length.
Cross-product cap (256) reached for toponym 'Houghton on the Hill' — capped per-word options (was [7, 4, 4, 9], now [4, 4, 4, 4]) so all combos stay full-length.
Cross-product cap (256) reached for toponym 'Hoveton Saint Peter' — capped per-word options (was [7, 6, 9], now [6, 6, 7]) so all combos stay full-length.
Cross-product cap (256) reached for toponym 'Hungry Bentley' — capped per-word options (was [6, 150], now [6, 42]) so all combos stay full-length.
Cross-product cap (256) reached for toponym 'Hurstbourne Tarrant' — capped per-word options (was [18, 28], now [16, 16]) so all combos stay full-length.
Cross-product cap (256) reached for toponym 'Hutton Wandesley' — capped per-word options (was [7, 93], now [7, 36]) so all combos stay full-length.
Cross-product cap (256) reached for toponym 'Ilketshall Saint Andrew' — capped per-word options (was [13, 6, 7], now [6, 6, 7]) so all combos stay full-length.
Cross-product cap (256) reached for toponym 'Ilketshall Saint Margaret' — capped per-word options (was [13, 6, 160], now [6, 6, 7]) so all combos stay full-length.
Cross-product cap (256) reached for toponym 'Ilketshall St Andrew' — capped per-word options (was [13, 3, 7], now [12, 3, 7]) so all combos stay full-length.
Cross-product cap (256) reached for toponym 'Ilketshall St Margaret' — capped per-word options (was [13, 3, 160], now [9, 3, 9]) so all combos stay full-length.
Cross-product cap (256) reached for toponym 'Illston on the Hill' — capped per-word options (was [10, 4, 4, 9], now [4, 4, 4, 4]) so all combos stay full-length.
Cross-product cap (256) reached for toponym 'Ingleby Arncliffe' — capped per-word options (was [36, 15], now [17, 15]) so all combos stay full-length.
Cross-product cap (256) reached for toponym 'Ingleby Barwick' — capped per-word options (was [36, 70], now [16, 16]) so all combos stay full-length.
Cross-product cap (256) reached for toponym 'Ingleby Greenhow' — capped per-word options (was [36, 35], now [16, 16]) so all combos stay full-length.
Cross-product cap (256) reached for toponym 'Ingleby Hill' — capped per-word options (was [36, 9], now [28, 9]) so all combos stay full-length.
Cross-product cap (256) reached for toponym 'Ingmanthorpe Hall' — capped per-word options (was [66, 17], now [16, 16]) so all combos stay full-length.
Cross-product cap (256) reached for toponym 'Irby upon Humber' — capped per-word options (was [6, 9, 6], now [6, 7, 6]) so all combos stay full-length.
Cross-product cap (256) reached for toponym 'Ivinghoe Aston' — capped per-word options (was [12, 27], now [12, 21]) so all combos stay full-length.
Cross-product cap (256) reached for toponym 'Iwerne Minster' — capped per-word options (was [3, 114], now [3, 85]) so all combos stay full-length.
Cross-product cap (256) reached for toponym 'Kearby Town End' — capped per-word options (was [24, 5, 5], now [10, 5, 5]) so all combos stay full-length.
Cross-product cap (256) reached for toponym 'Kenninghall' — capped per-word options (was [500], now [256]) so all combos stay full-length.
Cross-product cap (256) reached for toponym 'Kenninghall' — capped per-word options (was [500], now [256]) so all combos stay full-length.
Cross-product cap (256) reached for toponym 'Kenningham' — capped per-word options (was [315], now [256]) so all combos stay full-length.
Cross-product cap (256) reached for toponym 'Kennington' — capped per-word options (was [259], now [256]) so all combos stay full-length.
Cross-product cap (256) reached for toponym 'Kennington' — capped per-word options (was [259], now [256]) so all combos stay full-length.
Cross-product cap (256) reached for toponym 'Kennington' — capped per-word options (was [259], now [256]) so all combos stay full-length.
Cross-product cap (256) reached for toponym 'Kenningtons' — capped per-word options (was [259], now [256]) so all combos stay full-length.
Cross-product cap (256) reached for toponym 'Kensington' — capped per-word options (was [336], now [256]) so all combos stay full-length.
Cross-product cap (256) reached for toponym 'Keresforth Hall' — capped per-word options (was [21, 17], now [16, 16]) so all combos stay full-length.
Cross-product cap (256) reached for toponym 'Kibworth Harcourt' — capped per-word options (was [6, 60], now [6, 42]) so all combos stay full-length.
Cross-product cap (256) reached for toponym 'Killerby Hall' — capped per-word options (was [84, 17], now [16, 16]) so all combos stay full-length.
Cross-product cap (256) reached for toponym 'Kilmington' — capped per-word options (was [392], now [256]) so all combos stay full-length.
Cross-product cap (256) reached for toponym 'Kilmington' — capped per-word options (was [392], now [256]) so all combos stay full-length.
Cross-product cap (256) reached for toponym 'Kilmington' — capped per-word options (was [392], now [256]) so all combos stay full-length.
Cross-product cap (256) reached for toponym "King's Bromley" — capped per-word options (was [22, 90], now [16, 16]) so all combos stay full-length.
Cross-product cap (256) reached for toponym "King's Langley" — capped per-word options (was [22, 120], now [16, 16]) so all combos stay full-length.
Cross-product cap (256) reached for toponym "King's Norton" — capped per-word options (was [22, 14], now [18, 14]) so all combos stay full-length.
Cross-product cap (256) reached for toponym "King's Somborne" — capped per-word options (was [22, 40], now [16, 16]) so all combos stay full-length.
Cross-product cap (256) reached for toponym "King's Walden" — capped per-word options (was [22, 40], now [16, 16]) so all combos stay full-length.
Cross-product cap (256) reached for toponym 'Kings Barton' — capped per-word options (was [11, 70], now [11, 23]) so all combos stay full-length.
Cross-product cap (256) reached for toponym 'Kings Bromley' — capped per-word options (was [11, 90], now [11, 23]) so all combos stay full-length.
Cross-product cap (256) reached for toponym 'Kings Langley' — capped per-word options (was [11, 120], now [11, 23]) so all combos stay full-length.
Cross-product cap (256) reached for toponym 'Kings Nympton' — capped per-word options (was [11, 28], now [11, 23]) so all combos stay full-length.
Cross-product cap (256) reached for toponym 'Kings Somborne' — capped per-word options (was [11, 40], now [11, 23]) so all combos stay full-length.
Cross-product cap (256) reached for toponym 'Kings Stanley' — capped per-word options (was [11, 165], now [11, 23]) so all combos stay full-length.
Cross-product cap (256) reached for toponym 'Kings Walden' — capped per-word options (was [11, 40], now [11, 23]) so all combos stay full-length.
Cross-product cap (256) reached for toponym 'Kingskerswell' — capped per-word options (was [484], now [256]) so all combos stay full-length.
Cross-product cap (256) reached for toponym 'Kingston Deverill' — capped per-word options (was [110, 4], now [64, 4]) so all combos stay full-length.
Cross-product cap (256) reached for toponym 'Kingston Lisle' — capped per-word options (was [110, 4], now [64, 4]) so all combos stay full-length.
Cross-product cap (256) reached for toponym 'Kingston Seymour' — capped per-word options (was [110, 4], now [64, 4]) so all combos stay full-length.
Cross-product cap (256) reached for toponym 'Kingston by Sea' — capped per-word options (was [110, 7, 4], now [9, 7, 4]) so all combos stay full-length.
Cross-product cap (256) reached for toponym 'Kingston on Soar' — capped per-word options (was [110, 4, 15], now [8, 4, 8]) so all combos stay full-length.
Cross-product cap (256) reached for toponym 'Kingston upon Thames' — capped per-word options (was [110, 9, 13], now [6, 6, 7]) so all combos stay full-length.
Cross-product cap (256) reached for toponym 'Kingston-by-Sea' — capped per-word options (was [704], now [256]) so all combos stay full-length.
Cross-product cap (256) reached for toponym 'Kingston-on-Soar' — capped per-word options (was [528], now [256]) so all combos stay full-length.
Cross-product cap (256) reached for toponym 'Kingston-upon-Thames' — capped per-word options (was [2288], now [256]) so all combos stay full-length.
Cross-product cap (256) reached for toponym 'Kington Grange' — capped per-word options (was [77, 7], now [36, 7]) so all combos stay full-length.
Cross-product cap (256) reached for toponym 'Kington Langley' — capped per-word options (was [77, 120], now [16, 16]) so all combos stay full-length.
Cross-product cap (256) reached for toponym 'Kington Magna' — capped per-word options (was [77, 10], now [25, 10]) so all combos stay full-length.
Cross-product cap (256) reached for toponym 'Kington Saint Michael' — capped per-word options (was [77, 6, 5], now [8, 6, 5]) so all combos stay full-length.
Cross-product cap (256) reached for toponym 'Kington St Michael' — capped per-word options (was [77, 3, 5], now [17, 3, 5]) so all combos stay full-length.
Cross-product cap (256) reached for toponym 'Kirby Bedon' — capped per-word options (was [36, 24], now [16, 16]) so all combos stay full-length.
Cross-product cap (256) reached for toponym 'Kirby Bellars' — capped per-word options (was [36, 42], now [16, 16]) so all combos stay full-length.
Cross-product cap (256) reached for toponym 'Kirby Grindalythe' — capped per-word options (was [36, 24], now [16, 16]) so all combos stay full-length.
Cross-product cap (256) reached for toponym 'Kirby Hall' — capped per-word options (was [36, 17], now [16, 16]) so all combos stay full-length.
Cross-product cap (256) reached for toponym 'Kirby Hill' — capped per-word options (was [36, 9], now [28, 9]) so all combos stay full-length.
Cross-product cap (256) reached for toponym 'Kirby Misperton' — capped per-word options (was [36, 21], now [16, 16]) so all combos stay full-length.
Cross-product cap (256) reached for toponym 'Kirby Moorside' — capped per-word options (was [36, 19], now [16, 16]) so all combos stay full-length.
Cross-product cap (256) reached for toponym 'Kirby Sigston' — capped per-word options (was [36, 10], now [25, 10]) so all combos stay full-length.
Cross-product cap (256) reached for toponym 'Kirby Underdale' — capped per-word options (was [36, 14], now [18, 14]) so all combos stay full-length.
Cross-product cap (256) reached for toponym 'Kirk Hammerton' — capped per-word options (was [8, 42], now [8, 32]) so all combos stay full-length.
Cross-product cap (256) reached for toponym 'Kirk Lancaster' — capped per-word options (was [8, 190], now [8, 32]) so all combos stay full-length.
Cross-product cap (256) reached for toponym 'Kirk Langley' — capped per-word options (was [8, 120], now [8, 32]) so all combos stay full-length.
Cross-product cap (256) reached for toponym 'Kirk Sandall' — capped per-word options (was [8, 45], now [8, 32]) so all combos stay full-length.
Cross-product cap (256) reached for toponym 'Kirkby Fleetham' — capped per-word options (was [42, 36], now [16, 16]) so all combos stay full-length.
Cross-product cap (256) reached for toponym 'Kirkby Hall' — capped per-word options (was [42, 17], now [16, 16]) so all combos stay full-length.
Cross-product cap (256) reached for toponym 'Kirkby Lonsdale' — capped per-word options (was [42, 21], now [16, 16]) so all combos stay full-length.
Cross-product cap (256) reached for toponym 'Kirkby Malham' — capped per-word options (was [42, 88], now [16, 16]) so all combos stay full-length.
Cross-product cap (256) reached for toponym 'Kirkby Mallory' — capped per-word options (was [42, 66], now [16, 16]) so all combos stay full-length.
Cross-product cap (256) reached for toponym 'Kirkby Malzeard' — capped per-word options (was [42, 66], now [16, 16]) so all combos stay full-length.
Cross-product cap (256) reached for toponym 'Kirkby Overblow' — capped per-word options (was [42, 154], now [16, 16]) so all combos stay full-length.
Cross-product cap (256) reached for toponym 'Kirkby Wharfe' — capped per-word options (was [42, 7], now [36, 7]) so all combos stay full-length.
Cross-product cap (256) reached for toponym 'Kirkby in Ashfield' — capped per-word options (was [42, 3, 12], now [9, 3, 9]) so all combos stay full-length.
Cross-product cap (256) reached for toponym 'Kirkby on Bain' — capped per-word options (was [42, 4, 4], now [16, 4, 4]) so all combos stay full-length.
Cross-product cap (256) reached for toponym 'Kirkleavington' — capped per-word options (was [588], now [256]) so all combos stay full-length.
Cross-product cap (256) reached for toponym 'Kirklington' — capped per-word options (was [343], now [256]) so all combos stay full-length.
Cross-product cap (256) reached for toponym 'Kirklington' — capped per-word options (was [343], now [256]) so all combos stay full-length.
Cross-product cap (256) reached for toponym 'Kirmington' — capped per-word options (was [588], now [256]) so all combos stay full-length.
Cross-product cap (256) reached for toponym 'Kirtlington' — capped per-word options (was [294], now [256]) so all combos stay full-length.
Cross-product cap (256) reached for toponym 'Kirton in Lindsey' — capped per-word options (was [42, 3, 90], now [9, 3, 9]) so all combos stay full-length.
Cross-product cap (256) reached for toponym 'Kirton in Lindsey' — capped per-word options (was [42, 3, 90], now [9, 3, 9]) so all combos stay full-length.
Cross-product cap (256) reached for toponym 'Kirton-in-Lindsey' — capped per-word options (was [2880], now [256]) so all combos stay full-length.
Cross-product cap (256) reached for toponym 'Kirton-in-Lindsey' — capped per-word options (was [2880], now [256]) so all combos stay full-length.
Cross-product cap (256) reached for toponym 'Langley Burrell' — capped per-word options (was [120, 6], now [42, 6]) so all combos stay full-length.
Cross-product cap (256) reached for toponym 'Langthorpe Hall' — capped per-word options (was [24, 17], now [16, 16]) so all combos stay full-length.
Cross-product cap (256) reached for toponym 'Langton Herring' — capped per-word options (was [56, 5], now [51, 5]) so all combos stay full-length.
Cross-product cap (256) reached for toponym 'Langton Long Blandford' — capped per-word options (was [56, 17, 50], now [6, 6, 7]) so all combos stay full-length.
Cross-product cap (256) reached for toponym 'Langton by Wragby' — capped per-word options (was [56, 7, 6], now [6, 7, 6]) so all combos stay full-length.
Cross-product cap (256) reached for toponym 'Langton-by-Wragby' — capped per-word options (was [576], now [256]) so all combos stay full-length.
Cross-product cap (256) reached for toponym 'Laughton en le Morthen' — capped per-word options (was [7, 3, 1, 32], now [7, 3, 1, 12]) so all combos stay full-length.
Cross-product cap (256) reached for toponym 'Laughton-en-le-Morthen' — capped per-word options (was [720], now [256]) so all combos stay full-length.
Cross-product cap (256) reached for toponym 'Layer Marney' — capped per-word options (was [6, 65], now [6, 42]) so all combos stay full-length.
Cross-product cap (256) reached for toponym 'Lazenby Hall' — capped per-word options (was [24, 17], now [16, 16]) so all combos stay full-length.
Cross-product cap (256) reached for toponym 'Lea Marston' — capped per-word options (was [6, 121], now [6, 42]) so all combos stay full-length.
Cross-product cap (256) reached for toponym 'Leamington Hastings' — capped per-word options (was [98, 8], now [32, 8]) so all combos stay full-length.
Cross-product cap (256) reached for toponym 'Leamington Priors' — capped per-word options (was [98, 3], now [85, 3]) so all combos stay full-length.
Cross-product cap (256) reached for toponym 'Leighton Bromswold' — capped per-word options (was [28, 18], now [16, 16]) so all combos stay full-length.
Cross-product cap (256) reached for toponym 'Leinthall Starks' — capped per-word options (was [26, 12], now [21, 12]) so all combos stay full-length.
Cross-product cap (256) reached for toponym 'Leonard Stanley' — capped per-word options (was [13, 165], now [13, 19]) so all combos stay full-length.
Cross-product cap (256) reached for toponym 'Letcombe Bassett' — capped per-word options (was [10, 54], now [10, 25]) so all combos stay full-length.
Cross-product cap (256) reached for toponym 'Letheringham' — capped per-word options (was [306], now [256]) so all combos stay full-length.
Cross-product cap (256) reached for toponym 'Letheringsett' — capped per-word options (was [324], now [256]) so all combos stay full-length.
Cross-product cap (256) reached for toponym 'Lillingstone Dayrell' — capped per-word options (was [84, 4], now [64, 4]) so all combos stay full-length.
Cross-product cap (256) reached for toponym 'Linden End' — capped per-word options (was [73, 5], now [51, 5]) so all combos stay full-length.
Cross-product cap (256) reached for toponym 'Linstead Magna' — capped per-word options (was [29, 10], now [25, 10]) so all combos stay full-length.
Cross-product cap (256) reached for toponym 'Linton upon Ouse' — capped per-word options (was [63, 9, 3], now [9, 9, 3]) so all combos stay full-length.
Cross-product cap (256) reached for toponym 'Little Barningham' — capped per-word options (was [2, 374], now [2, 128]) so all combos stay full-length.
Cross-product cap (256) reached for toponym 'Little Barrington' — capped per-word options (was [2, 504], now [2, 128]) so all combos stay full-length.
Cross-product cap (256) reached for toponym 'Little Bentley' — capped per-word options (was [2, 150], now [2, 128]) so all combos stay full-length.
Cross-product cap (256) reached for toponym 'Little Carleton' — capped per-word options (was [2, 242], now [2, 128]) so all combos stay full-length.
Cross-product cap (256) reached for toponym 'Little Colesbourne' — capped per-word options (was [2, 156], now [2, 128]) so all combos stay full-length.
Cross-product cap (256) reached for toponym 'Little East Standen' — capped per-word options (was [2, 6, 91], now [2, 6, 21]) so all combos stay full-length.
Cross-product cap (256) reached for toponym 'Little Ellingham' — capped per-word options (was [2, 240], now [2, 128]) so all combos stay full-length.
Cross-product cap (256) reached for toponym 'Little Hallingbury' — capped per-word options (was [2, 450], now [2, 128]) so all combos stay full-length.
Cross-product cap (256) reached for toponym 'Little Harlaston' — capped per-word options (was [2, 200], now [2, 128]) so all combos stay full-length.
Cross-product cap (256) reached for toponym 'Little Harrowden' — capped per-word options (was [2, 160], now [2, 128]) so all combos stay full-length.
Cross-product cap (256) reached for toponym 'Little Longstone' — capped per-word options (was [2, 132], now [2, 128]) so all combos stay full-length.
Cross-product cap (256) reached for toponym 'Little Marlow' — capped per-word options (was [2, 130], now [2, 128]) so all combos stay full-length.
Cross-product cap (256) reached for toponym 'Little Somerford' — capped per-word options (was [2, 150], now [2, 128]) so all combos stay full-length.
Cross-product cap (256) reached for toponym 'Little Stanmore' — capped per-word options (was [2, 231], now [2, 128]) so all combos stay full-length.
Cross-product cap (256) reached for toponym 'Little Tarrington' — capped per-word options (was [2, 168], now [2, 128]) so all combos stay full-length.
Cross-product cap (256) reached for toponym 'Little Torrington' — capped per-word options (was [2, 168], now [2, 128]) so all combos stay full-length.
Cross-product cap (256) reached for toponym 'Little Walsingham' — capped per-word options (was [2, 210], now [2, 128]) so all combos stay full-length.
Cross-product cap (256) reached for toponym 'Little Warley' — capped per-word options (was [2, 150], now [2, 128]) so all combos stay full-length.
Cross-product cap (256) reached for toponym 'Little Witchingham' — capped per-word options (was [2, 170], now [2, 128]) so all combos stay full-length.
Cross-product cap (256) reached for toponym 'Little Wymondley' — capped per-word options (was [2, 180], now [2, 128]) so all combos stay full-length.
Cross-product cap (256) reached for toponym 'Littleton on Severn' — capped per-word options (was [29, 4, 3], now [21, 4, 3]) so all combos stay full-length.
Cross-product cap (256) reached for toponym 'Long Ashton' — capped per-word options (was [17, 28], now [16, 16]) so all combos stay full-length.
Cross-product cap (256) reached for toponym 'Long Bennington' — capped per-word options (was [17, 287], now [16, 16]) so all combos stay full-length.
Cross-product cap (256) reached for toponym 'Long Buckby' — capped per-word options (was [17, 18], now [16, 16]) so all combos stay full-length.
Cross-product cap (256) reached for toponym 'Long Compton' — capped per-word options (was [17, 28], now [16, 16]) so all combos stay full-length.
Cross-product cap (256) reached for toponym 'Long Crendon' — capped per-word options (was [17, 20], now [16, 16]) so all combos stay full-length.
Cross-product cap (256) reached for toponym 'Long Duckmanton' — capped per-word options (was [17, 231], now [16, 16]) so all combos stay full-length.
Cross-product cap (256) reached for toponym 'Long Itchington' — capped per-word options (was [17, 28], now [16, 16]) so all combos stay full-length.
Cross-product cap (256) reached for toponym 'Long Marston' — capped per-word options (was [17, 121], now [16, 16]) so all combos stay full-length.
Cross-product cap (256) reached for toponym 'Long Marston' — capped per-word options (was [17, 121], now [16, 16]) so all combos stay full-length.
Cross-product cap (256) reached for toponym 'Long Marston' — capped per-word options (was [17, 121], now [16, 16]) so all combos stay full-length.
Cross-product cap (256) reached for toponym 'Long Melford' — capped per-word options (was [17, 60], now [16, 16]) so all combos stay full-length.
Cross-product cap (256) reached for toponym 'Long Newnton' — capped per-word options (was [17, 28], now [16, 16]) so all combos stay full-length.
Cross-product cap (256) reached for toponym 'Long Newnton' — capped per-word options (was [17, 28], now [16, 16]) so all combos stay full-length.
Cross-product cap (256) reached for toponym 'Long Preston' — capped per-word options (was [17, 18], now [16, 16]) so all combos stay full-length.
Cross-product cap (256) reached for toponym 'Long Sandall' — capped per-word options (was [17, 45], now [16, 16]) so all combos stay full-length.
Cross-product cap (256) reached for toponym 'Long Wittenham' — capped per-word options (was [17, 80], now [16, 16]) so all combos stay full-length.
Cross-product cap (256) reached for toponym 'Longbridge Deverill' — capped per-word options (was [88, 4], now [64, 4]) so all combos stay full-length.
Cross-product cap (256) reached for toponym 'Longdendale' — capped per-word options (was [385], now [256]) so all combos stay full-length.
Cross-product cap (256) reached for toponym 'Longdon upon Tern' — capped per-word options (was [110, 9, 1], now [28, 9, 1]) so all combos stay full-length.
Cross-product cap (256) reached for toponym 'Longstanton' — capped per-word options (was [462], now [256]) so all combos stay full-length.
Cross-product cap (256) reached for toponym 'Longstanton All Saints' — capped per-word options (was [462, 12, 5], now [7, 7, 5]) so all combos stay full-length.
Cross-product cap (256) reached for toponym 'Longstanton Saint Michael' — capped per-word options (was [462, 6, 5], now [8, 6, 5]) so all combos stay full-length.
Cross-product cap (256) reached for toponym 'Longstanton St Michael' — capped per-word options (was [462, 3, 5], now [17, 3, 5]) so all combos stay full-length.
Cross-product cap (256) reached for toponym 'Low Bentham' — capped per-word options (was [14, 89], now [14, 18]) so all combos stay full-length.
Cross-product cap (256) reached for toponym 'Low Bradley' — capped per-word options (was [14, 75], now [14, 18]) so all combos stay full-length.
Cross-product cap (256) reached for toponym 'Low Bramley Grange' — capped per-word options (was [14, 30, 7], now [6, 6, 7]) so all combos stay full-length.
Cross-product cap (256) reached for toponym 'Low Catton' — capped per-word options (was [14, 21], now [14, 18]) so all combos stay full-length.
Cross-product cap (256) reached for toponym 'Low Dalby' — capped per-word options (was [14, 36], now [14, 18]) so all combos stay full-length.
Cross-product cap (256) reached for toponym 'Low Ellington' — capped per-word options (was [14, 196], now [14, 18]) so all combos stay full-length.
Cross-product cap (256) reached for toponym 'Low Habberley' — capped per-word options (was [14, 45], now [14, 18]) so all combos stay full-length.
Cross-product cap (256) reached for toponym 'Low Hunsley' — capped per-word options (was [14, 31], now [14, 18]) so all combos stay full-length.
Cross-product cap (256) reached for toponym 'Low Langton' — capped per-word options (was [14, 56], now [14, 18]) so all combos stay full-length.
Cross-product cap (256) reached for toponym 'Low Marnham' — capped per-word options (was [14, 88], now [14, 18]) so all combos stay full-length.
Cross-product cap (256) reached for toponym 'Low Mowthorpe Farm' — capped per-word options (was [14, 9, 11], now [6, 6, 7]) so all combos stay full-length.
Cross-product cap (256) reached for toponym 'Low Worsall' — capped per-word options (was [14, 37], now [14, 18]) so all combos stay full-length.
Cross-product cap (256) reached for toponym 'Lower Alstone' — capped per-word options (was [6, 72], now [6, 42]) so all combos stay full-length.
Cross-product cap (256) reached for toponym 'Lower Aylescott' — capped per-word options (was [6, 72], now [6, 42]) so all combos stay full-length.
Cross-product cap (256) reached for toponym 'Lower Basildon' — capped per-word options (was [6, 60], now [6, 42]) so all combos stay full-length.
Cross-product cap (256) reached for toponym 'Lower Bentley' — capped per-word options (was [6, 150], now [6, 42]) so all combos stay full-length.
Cross-product cap (256) reached for toponym 'Lower Blandford' — capped per-word options (was [6, 50], now [6, 42]) so all combos stay full-length.
Cross-product cap (256) reached for toponym 'Lower Blandford Saint Mary' — capped per-word options (was [6, 50, 6, 48], now [4, 4, 4, 4]) so all combos stay full-length.
Cross-product cap (256) reached for toponym 'Lower Blandford St Mary' — capped per-word options (was [6, 50, 3, 48], now [4, 4, 3, 5]) so all combos stay full-length.
Cross-product cap (256) reached for toponym 'Lower Bockhampton' — capped per-word options (was [6, 135], now [6, 42]) so all combos stay full-length.
Cross-product cap (256) reached for toponym 'Lower Boddington' — capped per-word options (was [6, 210], now [6, 42]) so all combos stay full-length.
Cross-product cap (256) reached for toponym 'Lower Bradley' — capped per-word options (was [6, 75], now [6, 42]) so all combos stay full-length.
Cross-product cap (256) reached for toponym 'Lower Bullingham' — capped per-word options (was [6, 60], now [6, 42]) so all combos stay full-length.
Cross-product cap (256) reached for toponym 'Lower Bullington' — capped per-word options (was [6, 49], now [6, 42]) so all combos stay full-length.
Cross-product cap (256) reached for toponym 'Lower Bunbury' — capped per-word options (was [6, 45], now [6, 42]) so all combos stay full-length.
Cross-product cap (256) reached for toponym 'Lower Crackington' — capped per-word options (was [6, 49], now [6, 42]) so all combos stay full-length.
Cross-product cap (256) reached for toponym 'Lower Densham' — capped per-word options (was [6, 48], now [6, 42]) so all combos stay full-length.
Cross-product cap (256) reached for toponym 'Lower Easton Piercy' — capped per-word options (was [6, 18, 4], now [6, 10, 4]) so all combos stay full-length.
Cross-product cap (256) reached for toponym 'Lower Ellastone' — capped per-word options (was [6, 48], now [6, 42]) so all combos stay full-length.
Cross-product cap (256) reached for toponym 'Lower Farringdon' — capped per-word options (was [6, 480], now [6, 42]) so all combos stay full-length.
Cross-product cap (256) reached for toponym 'Lower Harcourt' — capped per-word options (was [6, 60], now [6, 42]) so all combos stay full-length.
Cross-product cap (256) reached for toponym 'Lower Harford' — capped per-word options (was [6, 200], now [6, 42]) so all combos stay full-length.
Cross-product cap (256) reached for toponym 'Lower Harpton' — capped per-word options (was [6, 140], now [6, 42]) so all combos stay full-length.
Cross-product cap (256) reached for toponym 'Lower Hartwell' — capped per-word options (was [6, 115], now [6, 42]) so all combos stay full-length.
Cross-product cap (256) reached for toponym 'Lower Kingcombe' — capped per-word options (was [6, 55], now [6, 42]) so all combos stay full-length.
Cross-product cap (256) reached for toponym 'Lower Lemington' — capped per-word options (was [6, 98], now [6, 42]) so all combos stay full-length.
Cross-product cap (256) reached for toponym 'Lower Oddington' — capped per-word options (was [6, 105], now [6, 42]) so all combos stay full-length.
Cross-product cap (256) reached for toponym 'Lower Penwortham' — capped per-word options (was [6, 63], now [6, 42]) so all combos stay full-length.
Cross-product cap (256) reached for toponym 'Lower Stanton' — capped per-word options (was [6, 77], now [6, 42]) so all combos stay full-length.
Cross-product cap (256) reached for toponym 'Lower Stanton Saint Quintin' — capped per-word options (was [6, 77, 6, 9], now [4, 4, 4, 4]) so all combos stay full-length.
Cross-product cap (256) reached for toponym 'Lower Stanton St Quintin' — capped per-word options (was [6, 77, 3, 9], now [4, 4, 3, 5]) so all combos stay full-length.
Cross-product cap (256) reached for toponym 'Lower Stondon' — capped per-word options (was [6, 100], now [6, 42]) so all combos stay full-length.
Cross-product cap (256) reached for toponym 'Lower Waterston' — capped per-word options (was [6, 64], now [6, 42]) so all combos stay full-length.
Cross-product cap (256) reached for toponym 'Lower Welson' — capped per-word options (was [6, 56], now [6, 42]) so all combos stay full-length.
Cross-product cap (256) reached for toponym 'Lower Westmancote' — capped per-word options (was [6, 605], now [6, 42]) so all combos stay full-length.
Cross-product cap (256) reached for toponym 'Lower Westmancote' — capped per-word options (was [6, 605], now [6, 42]) so all combos stay full-length.
Cross-product cap (256) reached for toponym 'Lower Whitehill' — capped per-word options (was [6, 54], now [6, 42]) so all combos stay full-length.
Cross-product cap (256) reached for toponym 'Lower Whitley' — capped per-word options (was [6, 60], now [6, 42]) so all combos stay full-length.
Cross-product cap (256) reached for toponym 'Lower Whitley' — capped per-word options (was [6, 60], now [6, 42]) so all combos stay full-length.
Cross-product cap (256) reached for toponym 'Lower Winchendon' — capped per-word options (was [6, 300], now [6, 42]) so all combos stay full-length.
Cross-product cap (256) reached for toponym 'Lower Withington' — capped per-word options (was [6, 140], now [6, 42]) so all combos stay full-length.
Cross-product cap (256) reached for toponym 'Lower Wolverton' — capped per-word options (was [6, 63], now [6, 42]) so all combos stay full-length.
Cross-product cap (256) reached for toponym 'Lower Worthygate' — capped per-word options (was [6, 45], now [6, 42]) so all combos stay full-length.
Cross-product cap (256) reached for toponym 'Luddington in the Brook' — capped per-word options (was [35, 3, 4, 4], now [5, 3, 4, 4]) so all combos stay full-length.
Cross-product cap (256) reached for toponym 'Luddington in the Brook' — capped per-word options (was [35, 3, 4, 4], now [5, 3, 4, 4]) so all combos stay full-length.
Cross-product cap (256) reached for toponym 'Lydiard Millicent' — capped per-word options (was [16, 33], now [16, 16]) so all combos stay full-length.
Cross-product cap (256) reached for toponym 'Lydley Hayes' — capped per-word options (was [30, 14], now [18, 14]) so all combos stay full-length.
Cross-product cap (256) reached for toponym 'Madeley Holme' — capped per-word options (was [90, 20], now [16, 16]) so all combos stay full-length.
Cross-product cap (256) reached for toponym 'Madeley Park' — capped per-word options (was [90, 8], now [32, 8]) so all combos stay full-length.
Cross-product cap (256) reached for toponym 'Maiden Bradley' — capped per-word options (was [24, 75], now [16, 16]) so all combos stay full-length.
Cross-product cap (256) reached for toponym 'Maiden Newton' — capped per-word options (was [24, 28], now [16, 16]) so all combos stay full-length.
Cross-product cap (256) reached for toponym 'Maids Moreton' — capped per-word options (was [6, 56], now [6, 42]) so all combos stay full-length.
Cross-product cap (256) reached for toponym 'Malmesbury' — capped per-word options (was [396], now [256]) so all combos stay full-length.
Cross-product cap (256) reached for toponym 'Maltby le Marsh' — capped per-word options (was [66, 1, 16], now [16, 1, 16]) so all combos stay full-length.
Cross-product cap (256) reached for toponym 'Maltby-le-Marsh' — capped per-word options (was [792], now [256]) so all combos stay full-length.
Cross-product cap (256) reached for toponym "Man's Newton" — capped per-word options (was [20, 28], now [16, 16]) so all combos stay full-length.
Cross-product cap (256) reached for toponym 'Manningford' — capped per-word options (was [400], now [256]) so all combos stay full-length.
Cross-product cap (256) reached for toponym 'Manningford Abbots' — capped per-word options (was [400, 6], now [42, 6]) so all combos stay full-length.
Cross-product cap (256) reached for toponym 'Manningford Bohune' — capped per-word options (was [400, 3], now [85, 3]) so all combos stay full-length.
Cross-product cap (256) reached for toponym 'Manningford Bruce' — capped per-word options (was [400, 3], now [85, 3]) so all combos stay full-length.
Cross-product cap (256) reached for toponym 'Mannington' — capped per-word options (was [280], now [256]) so all combos stay full-length.
Cross-product cap (256) reached for toponym 'Mannington' — capped per-word options (was [280], now [256]) so all combos stay full-length.
Cross-product cap (256) reached for toponym 'Mans Newton' — capped per-word options (was [13, 28], now [13, 19]) so all combos stay full-length.
Cross-product cap (256) reached for toponym 'Marchamley' — capped per-word options (was [900], now [256]) so all combos stay full-length.
Cross-product cap (256) reached for toponym 'Marchington' — capped per-word options (was [280], now [256]) so all combos stay full-length.
Cross-product cap (256) reached for toponym 'Marderby Hall' — capped per-word options (was [120, 17], now [16, 16]) so all combos stay full-length.
Cross-product cap (256) reached for toponym 'Mardleybury' — capped per-word options (was [540], now [256]) so all combos stay full-length.
Cross-product cap (256) reached for toponym 'Mareham le Fen' — capped per-word options (was [80, 1, 4], now [64, 1, 4]) so all combos stay full-length.
Cross-product cap (256) reached for toponym 'Mareham on the Hill' — capped per-word options (was [80, 4, 4, 9], now [4, 4, 4, 4]) so all combos stay full-length.
Cross-product cap (256) reached for toponym 'Mareham-le-Fen' — capped per-word options (was [720], now [256]) so all combos stay full-length.
Cross-product cap (256) reached for toponym 'Mareham-on-the-Hill' — capped per-word options (was [1080], now [256]) so all combos stay full-length.
Cross-product cap (256) reached for toponym 'Margaret Roding' — capped per-word options (was [160, 12], now [21, 12]) so all combos stay full-length.
Cross-product cap (256) reached for toponym 'Margaret Roding' — capped per-word options (was [160, 12], now [21, 12]) so all combos stay full-length.
Cross-product cap (256) reached for toponym 'Margaretting' — capped per-word options (was [320], now [256]) so all combos stay full-length.
Cross-product cap (256) reached for toponym 'Marian Trededwen' — capped per-word options (was [30, 10], now [25, 10]) so all combos stay full-length.
Cross-product cap (256) reached for toponym 'Markenfield Hall' — capped per-word options (was [90, 17], now [16, 16]) so all combos stay full-length.
Cross-product cap (256) reached for toponym 'Market Bosworth' — capped per-word options (was [26, 18], now [16, 16]) so all combos stay full-length.
Cross-product cap (256) reached for toponym 'Market Drayton' — capped per-word options (was [26, 14], now [18, 14]) so all combos stay full-length.
Cross-product cap (256) reached for toponym 'Market Lavington' — capped per-word options (was [26, 28], now [16, 16]) so all combos stay full-length.
Cross-product cap (256) reached for toponym 'Market Overton' — capped per-word options (was [26, 77], now [16, 16]) so all combos stay full-length.
Cross-product cap (256) reached for toponym 'Market Overton' — capped per-word options (was [26, 77], now [16, 16]) so all combos stay full-length.
Cross-product cap (256) reached for toponym 'Market Stainton' — capped per-word options (was [26, 42], now [16, 16]) so all combos stay full-length.
Cross-product cap (256) reached for toponym 'Market Warsop' — capped per-word options (was [26, 11], now [23, 11]) so all combos stay full-length.
Cross-product cap (256) reached for toponym 'Market Weighton' — capped per-word options (was [26, 14], now [18, 14]) so all combos stay full-length.
Cross-product cap (256) reached for toponym 'Market Weston' — capped per-word options (was [26, 39], now [16, 16]) so all combos stay full-length.
Cross-product cap (256) reached for toponym 'Markington' — capped per-word options (was [490], now [256]) so all combos stay full-length.
Cross-product cap (256) reached for toponym 'Marlesford' — capped per-word options (was [600], now [256]) so all combos stay full-length.
Cross-product cap (256) reached for toponym 'Marlingford' — capped per-word options (was [700], now [256]) so all combos stay full-length.
Cross-product cap (256) reached for toponym 'Marlston Heynes' — capped per-word options (was [100, 8], now [32, 8]) so all combos stay full-length.
Cross-product cap (256) reached for toponym 'Marrington' — capped per-word options (was [448], now [256]) so all combos stay full-length.
Cross-product cap (256) reached for toponym 'Marsh Baldon' — capped per-word options (was [16, 50], now [16, 16]) so all combos stay full-length.
Cross-product cap (256) reached for toponym 'Marske by the Sea' — capped per-word options (was [23, 7, 4, 4], now [4, 4, 4, 4]) so all combos stay full-length.
Cross-product cap (256) reached for toponym 'Marsley Park' — capped per-word options (was [205, 8], now [32, 8]) so all combos stay full-length.
Cross-product cap (256) reached for toponym 'Marston Green' — capped per-word options (was [121, 6], now [42, 6]) so all combos stay full-length.
Cross-product cap (256) reached for toponym 'Marston Magna' — capped per-word options (was [121, 10], now [25, 10]) so all combos stay full-length.
Cross-product cap (256) reached for toponym 'Marston Montgomery' — capped per-word options (was [121, 128], now [16, 16]) so all combos stay full-length.
Cross-product cap (256) reached for toponym 'Marston Moretaine' — capped per-word options (was [121, 16], now [16, 16]) so all combos stay full-length.
Cross-product cap (256) reached for toponym 'Marston Saint Lawrence' — capped per-word options (was [121, 6, 3], now [14, 6, 3]) so all combos stay full-length.
Cross-product cap (256) reached for toponym 'Marston St Lawrence' — capped per-word options (was [121, 3, 3], now [28, 3, 3]) so all combos stay full-length.
Cross-product cap (256) reached for toponym 'Marston Stannett' — capped per-word options (was [121, 22], now [16, 16]) so all combos stay full-length.
Cross-product cap (256) reached for toponym 'Marston on Avon' — capped per-word options (was [121, 4, 5], now [12, 4, 5]) so all combos stay full-length.
Cross-product cap (256) reached for toponym 'Marston on Dove' — capped per-word options (was [121, 4, 1], now [64, 4, 1]) so all combos stay full-length.
Cross-product cap (256) reached for toponym 'Marston-on-Avon' — capped per-word options (was [588], now [256]) so all combos stay full-length.
Cross-product cap (256) reached for toponym 'Martin Garth' — capped per-word options (was [34, 17], now [16, 16]) so all combos stay full-length.
Cross-product cap (256) reached for toponym 'Martlesham' — capped per-word options (was [480], now [256]) so all combos stay full-length.
Cross-product cap (256) reached for toponym 'Marton in Cleveland' — capped per-word options (was [70, 3, 44], now [9, 3, 9]) so all combos stay full-length.
Cross-product cap (256) reached for toponym 'Marton in the Forest' — capped per-word options (was [70, 3, 4, 16], now [4, 3, 4, 5]) so all combos stay full-length.
Cross-product cap (256) reached for toponym 'Marton-in-Cleveland' — capped per-word options (was [5280], now [256]) so all combos stay full-length.
Cross-product cap (256) reached for toponym 'Marton-in-the-Forest' — capped per-word options (was [600], now [256]) so all combos stay full-length.
Cross-product cap (256) reached for toponym 'Martyr Worthy' — capped per-word options (was [20, 15], now [17, 15]) so all combos stay full-length.
Cross-product cap (256) reached for toponym 'Melbury Osmund' — capped per-word options (was [54, 12], now [21, 12]) so all combos stay full-length.
Cross-product cap (256) reached for toponym 'Melcombe Bingham' — capped per-word options (was [30, 34], now [16, 16]) so all combos stay full-length.
Cross-product cap (256) reached for toponym 'Melcombe Horsey' — capped per-word options (was [30, 20], now [16, 16]) so all combos stay full-length.
Cross-product cap (256) reached for toponym 'Mellington' — capped per-word options (was [322], now [256]) so all combos stay full-length.
Cross-product cap (256) reached for toponym 'Melton Constable' — capped per-word options (was [42, 9], now [28, 9]) so all combos stay full-length.
Cross-product cap (256) reached for toponym 'Melton Mowbray' — capped per-word options (was [42, 18], now [16, 16]) so all combos stay full-length.
Cross-product cap (256) reached for toponym 'Melton Ross' — capped per-word options (was [42, 10], now [25, 10]) so all combos stay full-length.
Cross-product cap (256) reached for toponym 'Melverley' — capped per-word options (was [270], now [256]) so all combos stay full-length.
Cross-product cap (256) reached for toponym 'Meyseyhampton' — capped per-word options (was [270], now [256]) so all combos stay full-length.
Cross-product cap (256) reached for toponym 'Middle Barlington' — capped per-word options (was [6, 490], now [6, 42]) so all combos stay full-length.
Cross-product cap (256) reached for toponym 'Middle Carlton' — capped per-word options (was [6, 77], now [6, 42]) so all combos stay full-length.
Cross-product cap (256) reached for toponym 'Middle Crackington' — capped per-word options (was [6, 49], now [6, 42]) so all combos stay full-length.
Cross-product cap (256) reached for toponym 'Middle Hambleton' — capped per-word options (was [6, 58], now [6, 42]) so all combos stay full-length.
Cross-product cap (256) reached for toponym 'Middle Hambleton' — capped per-word options (was [6, 58], now [6, 42]) so all combos stay full-length.
Cross-product cap (256) reached for toponym 'Middle Handley' — capped per-word options (was [6, 45], now [6, 42]) so all combos stay full-length.
Cross-product cap (256) reached for toponym 'Middle Madeley' — capped per-word options (was [6, 90], now [6, 42]) so all combos stay full-length.
Cross-product cap (256) reached for toponym 'Middleton Cheney' — capped per-word options (was [95, 26], now [16, 16]) so all combos stay full-length.
Cross-product cap (256) reached for toponym 'Middleton Hall' — capped per-word options (was [95, 17], now [16, 16]) so all combos stay full-length.
Cross-product cap (256) reached for toponym 'Middleton Quernhow' — capped per-word options (was [95, 14], now [18, 14]) so all combos stay full-length.
Cross-product cap (256) reached for toponym 'Middleton Stoney' — capped per-word options (was [95, 57], now [16, 16]) so all combos stay full-length.
Cross-product cap (256) reached for toponym 'Middleton by Wirksworth' — capped per-word options (was [95, 7, 6], now [6, 7, 6]) so all combos stay full-length.
Cross-product cap (256) reached for toponym 'Middleton by Youlgrave' — capped per-word options (was [95, 7, 1], now [36, 7, 1]) so all combos stay full-length.
Cross-product cap (256) reached for toponym 'Middleton by Youlgreave' — capped per-word options (was [95, 7, 1], now [36, 7, 1]) so all combos stay full-length.
Cross-product cap (256) reached for toponym 'Middleton on Sea' — capped per-word options (was [95, 4, 4], now [16, 4, 4]) so all combos stay full-length.
Cross-product cap (256) reached for toponym 'Middleton on the Hill' — capped per-word options (was [95, 4, 4, 9], now [4, 4, 4, 4]) so all combos stay full-length.
Cross-product cap (256) reached for toponym 'Middleton on the Wolds' — capped per-word options (was [95, 4, 4, 6], now [4, 4, 4, 4]) so all combos stay full-length.
Cross-product cap (256) reached for toponym 'Middleton upon Leven' — capped per-word options (was [95, 9, 4], now [8, 8, 4]) so all combos stay full-length.
Cross-product cap (256) reached for toponym 'Middleton-by-Youlgrave' — capped per-word options (was [312], now [256]) so all combos stay full-length.
Cross-product cap (256) reached for toponym 'Middleton-by-Youlgreave' — capped per-word options (was [312], now [256]) so all combos stay full-length.
Cross-product cap (256) reached for toponym 'Middleton-on-Sea' — capped per-word options (was [624], now [256]) so all combos stay full-length.
Cross-product cap (256) reached for toponym 'Middleton-on-the-Hill' — capped per-word options (was [1404], now [256]) so all combos stay full-length.
Cross-product cap (256) reached for toponym 'Middleton-on-the-Wolds' — capped per-word options (was [312], now [256]) so all combos stay full-length.
Cross-product cap (256) reached for toponym 'Middleton-upon-Leven' — capped per-word options (was [1404], now [256]) so all combos stay full-length.
Cross-product cap (256) reached for toponym 'Milborne Port' — capped per-word options (was [28, 15], now [17, 15]) so all combos stay full-length.
Cross-product cap (256) reached for toponym 'Milborne Port' — capped per-word options (was [28, 15], now [17, 15]) so all combos stay full-length.
Cross-product cap (256) reached for toponym 'Milborne Saint Andrew' — capped per-word options (was [28, 6, 7], now [6, 6, 7]) so all combos stay full-length.
Cross-product cap (256) reached for toponym 'Milborne St Andrew' — capped per-word options (was [28, 3, 7], now [12, 3, 7]) so all combos stay full-length.
Cross-product cap (256) reached for toponym 'Milborne Stileham' — capped per-word options (was [28, 72], now [16, 16]) so all combos stay full-length.
Cross-product cap (256) reached for toponym 'Mildenhall' — capped per-word options (was [455], now [256]) so all combos stay full-length.
Cross-product cap (256) reached for toponym 'Mildenhall' — capped per-word options (was [455], now [256]) so all combos stay full-length.
Cross-product cap (256) reached for toponym 'Mildenhall' — capped per-word options (was [455], now [256]) so all combos stay full-length.
Cross-product cap (256) reached for toponym 'Milford Hall' — capped per-word options (was [70, 17], now [16, 16]) so all combos stay full-length.
Cross-product cap (256) reached for toponym 'Milford on Sea' — capped per-word options (was [70, 4, 4], now [16, 4, 4]) so all combos stay full-length.
Cross-product cap (256) reached for toponym 'Millichope Park' — capped per-word options (was [44, 8], now [32, 8]) so all combos stay full-length.
Cross-product cap (256) reached for toponym 'Millington' — capped per-word options (was [455], now [256]) so all combos stay full-length.
Cross-product cap (256) reached for toponym 'Millington' — capped per-word options (was [455], now [256]) so all combos stay full-length.
Cross-product cap (256) reached for toponym 'Milton Abbot' — capped per-word options (was [49, 6], now [42, 6]) so all combos stay full-length.
Cross-product cap (256) reached for toponym 'Milton Bryan' — capped per-word options (was [49, 6], now [42, 6]) so all combos stay full-length.
Cross-product cap (256) reached for toponym 'Milton Clevedon' — capped per-word options (was [49, 40], now [16, 16]) so all combos stay full-length.
Cross-product cap (256) reached for toponym 'Milton Keynes' — capped per-word options (was [49, 8], now [32, 8]) so all combos stay full-length.
Cross-product cap (256) reached for toponym 'Milton Malsor' — capped per-word options (was [49, 22], now [16, 16]) so all combos stay full-length.
Cross-product cap (256) reached for toponym 'Milton on Stour' — capped per-word options (was [49, 4, 4], now [16, 4, 4]) so all combos stay full-length.
Cross-product cap (256) reached for toponym 'Milton under Wychwood' — capped per-word options (was [49, 4, 9], now [8, 4, 8]) so all combos stay full-length.
Cross-product cap (256) reached for toponym 'Milton-under-Wychwood' — capped per-word options (was [504], now [256]) so all combos stay full-length.
Cross-product cap (256) reached for toponym 'Minchinhampton' — capped per-word options (was [900], now [256]) so all combos stay full-length.
Cross-product cap (256) reached for toponym 'Minsterley' — capped per-word options (was [510], now [256]) so all combos stay full-length.
Cross-product cap (256) reached for toponym 'Monk Hay Stile' — capped per-word options (was [8, 14, 3], now [8, 10, 3]) so all combos stay full-length.
Cross-product cap (256) reached for toponym 'Monk Okehampton' — capped per-word options (was [8, 135], now [8, 32]) so all combos stay full-length.
Cross-product cap (256) reached for toponym 'Monk Soham' — capped per-word options (was [8, 40], now [8, 32]) so all combos stay full-length.
Cross-product cap (256) reached for toponym "Monk's Horton" — capped per-word options (was [16, 21], now [16, 16]) so all combos stay full-length.
Cross-product cap (256) reached for toponym 'Monkokehampton' — capped per-word options (was [360], now [256]) so all combos stay full-length.
Cross-product cap (256) reached for toponym 'Monks Albrighton' — capped per-word options (was [8, 42], now [8, 32]) so all combos stay full-length.
Cross-product cap (256) reached for toponym 'Monks Kirby' — capped per-word options (was [8, 36], now [8, 32]) so all combos stay full-length.
Cross-product cap (256) reached for toponym 'Monkton Combe' — capped per-word options (was [56, 9], now [28, 9]) so all combos stay full-length.
Cross-product cap (256) reached for toponym 'Monkton Farleigh' — capped per-word options (was [56, 40], now [16, 16]) so all combos stay full-length.
Cross-product cap (256) reached for toponym 'Monkton Up Wimbourne' — capped per-word options (was [56, 4, 12], now [8, 4, 8]) so all combos stay full-length.
Cross-product cap (256) reached for toponym 'Monnington on Wye' — capped per-word options (was [168, 4, 3], now [21, 4, 3]) so all combos stay full-length.
Cross-product cap (256) reached for toponym 'Monnington-on-Wye' — capped per-word options (was [576], now [256]) so all combos stay full-length.
Cross-product cap (256) reached for toponym 'Moor Monkton' — capped per-word options (was [7, 56], now [7, 36]) so all combos stay full-length.
Cross-product cap (256) reached for toponym 'Moreby Hall' — capped per-word options (was [48, 17], now [16, 16]) so all combos stay full-length.
Cross-product cap (256) reached for toponym 'Moreton Corbet' — capped per-word options (was [56, 12], now [21, 12]) so all combos stay full-length.
Cross-product cap (256) reached for toponym 'Moreton Morrell' — capped per-word options (was [56, 16], now [16, 16]) so all combos stay full-length.
Cross-product cap (256) reached for toponym 'Moreton Pinkney' — capped per-word options (was [56, 12], now [21, 12]) so all combos stay full-length.
Cross-product cap (256) reached for toponym 'Moreton Say' — capped per-word options (was [56, 6], now [42, 6]) so all combos stay full-length.
Cross-product cap (256) reached for toponym 'Moreton Valence' — capped per-word options (was [56, 7], now [36, 7]) so all combos stay full-length.
Cross-product cap (256) reached for toponym 'Moreton in Marsh' — capped per-word options (was [56, 3, 16], now [9, 3, 9]) so all combos stay full-length.
Cross-product cap (256) reached for toponym 'Moreton-in-Marsh' — capped per-word options (was [1152], now [256]) so all combos stay full-length.
Cross-product cap (256) reached for toponym 'Moretonhampstead' — capped per-word options (was [864], now [256]) so all combos stay full-length.
Cross-product cap (256) reached for toponym 'Morley Saint Botolph' — capped per-word options (was [120, 6, 7], now [6, 6, 7]) so all combos stay full-length.
Cross-product cap (256) reached for toponym 'Morley Saint Peter' — capped per-word options (was [120, 6, 9], now [6, 6, 7]) so all combos stay full-length.
Cross-product cap (256) reached for toponym 'Morley St Botolph' — capped per-word options (was [120, 3, 7], now [12, 3, 7]) so all combos stay full-length.
Cross-product cap (256) reached for toponym 'Morley St Peter' — capped per-word options (was [120, 3, 9], now [9, 3, 9]) so all combos stay full-length.
Cross-product cap (256) reached for toponym 'Mortimer West End' — capped per-word options (was [64, 14, 5], now [7, 7, 5]) so all combos stay full-length.
Cross-product cap (256) reached for toponym 'Morton Grange' — capped per-word options (was [56, 7], now [36, 7]) so all combos stay full-length.
Cross-product cap (256) reached for toponym 'Morton Underhill' — capped per-word options (was [56, 18], now [16, 16]) so all combos stay full-length.
Cross-product cap (256) reached for toponym 'Morton in Fiskerton' — capped per-word options (was [56, 3, 28], now [9, 3, 9]) so all combos stay full-length.
Cross-product cap (256) reached for toponym 'Morton upon Swale' — capped per-word options (was [56, 9, 1], now [28, 9, 1]) so all combos stay full-length.
Cross-product cap (256) reached for toponym 'Morton-in-Fiskerton' — capped per-word options (was [2688], now [256]) so all combos stay full-length.
Cross-product cap (256) reached for toponym 'Moulsham Hall' — capped per-word options (was [24, 17], now [16, 16]) so all combos stay full-length.
Cross-product cap (256) reached for toponym 'Moulton Saint Mary' — capped per-word options (was [21, 6, 48], now [6, 6, 7]) so all combos stay full-length.
Cross-product cap (256) reached for toponym 'Moulton Saint Michael' — capped per-word options (was [21, 6, 5], now [8, 6, 5]) so all combos stay full-length.
Cross-product cap (256) reached for toponym 'Moulton St Mary' — capped per-word options (was [21, 3, 48], now [9, 3, 9]) so all combos stay full-length.
Cross-product cap (256) reached for toponym 'Moulton St Michael' — capped per-word options (was [21, 3, 5], now [17, 3, 5]) so all combos stay full-length.
Cross-product cap (256) reached for toponym 'Moxby Hall' — capped per-word options (was [18, 17], now [16, 16]) so all combos stay full-length.
Cross-product cap (256) reached for toponym 'Munslow Aston' — capped per-word options (was [26, 27], now [16, 16]) so all combos stay full-length.
Cross-product cap (256) reached for toponym 'Nanesmaneslande' — capped per-word options (was [920], now [256]) so all combos stay full-length.
Cross-product cap (256) reached for toponym 'Napton on the Hill' — capped per-word options (was [14, 4, 4, 9], now [4, 4, 4, 4]) so all combos stay full-length.
Cross-product cap (256) reached for toponym 'Nether Alderley' — capped per-word options (was [8, 180], now [8, 32]) so all combos stay full-length.
Cross-product cap (256) reached for toponym 'Nether Broughton' — capped per-word options (was [8, 35], now [8, 32]) so all combos stay full-length.
Cross-product cap (256) reached for toponym 'Nether Hambleton' — capped per-word options (was [8, 58], now [8, 32]) so all combos stay full-length.
Cross-product cap (256) reached for toponym 'Nether Hambleton' — capped per-word options (was [8, 58], now [8, 32]) so all combos stay full-length.
Cross-product cap (256) reached for toponym 'Nether Handley' — capped per-word options (was [8, 45], now [8, 32]) so all combos stay full-length.
Cross-product cap (256) reached for toponym 'Nether Sturston' — capped per-word options (was [8, 51], now [8, 32]) so all combos stay full-length.
Cross-product cap (256) reached for toponym 'Nether Water Farm' — capped per-word options (was [8, 13, 11], now [6, 6, 7]) so all combos stay full-length.
Cross-product cap (256) reached for toponym 'Newark on Trent' — capped per-word options (was [16, 4, 7], now [9, 4, 7]) so all combos stay full-length.
Cross-product cap (256) reached for toponym 'Newbold Astbury' — capped per-word options (was [20, 45], now [16, 16]) so all combos stay full-length.
Cross-product cap (256) reached for toponym 'Newbold on Avon' — capped per-word options (was [20, 4, 5], now [12, 4, 5]) so all combos stay full-length.
Cross-product cap (256) reached for toponym 'Newhall Grange' — capped per-word options (was [52, 7], now [36, 7]) so all combos stay full-length.
Cross-product cap (256) reached for toponym 'Newham Hall' — capped per-word options (was [32, 17], now [16, 16]) so all combos stay full-length.
Cross-product cap (256) reached for toponym 'Newland Hall' — capped per-word options (was [44, 17], now [16, 16]) so all combos stay full-length.
Cross-product cap (256) reached for toponym 'Newnham Hall' — capped per-word options (was [32, 17], now [16, 16]) so all combos stay full-length.
Cross-product cap (256) reached for toponym 'Newton Bromswold' — capped per-word options (was [28, 18], now [16, 16]) so all combos stay full-length.
Cross-product cap (256) reached for toponym 'Newton Bromswold' — capped per-word options (was [28, 18], now [16, 16]) so all combos stay full-length.
Cross-product cap (256) reached for toponym 'Newton Burgoland' — capped per-word options (was [28, 63], now [16, 16]) so all combos stay full-length.
Cross-product cap (256) reached for toponym 'Newton Ferrers' — capped per-word options (was [28, 12], now [21, 12]) so all combos stay full-length.
Cross-product cap (256) reached for toponym 'Newton Ferrers' — capped per-word options (was [28, 12], now [21, 12]) so all combos stay full-length.
Cross-product cap (256) reached for toponym 'Newton Flotman' — capped per-word options (was [28, 11], now [23, 11]) so all combos stay full-length.
Cross-product cap (256) reached for toponym 'Newton Garth' — capped per-word options (was [28, 17], now [16, 16]) so all combos stay full-length.
Cross-product cap (256) reached for toponym 'Newton Hall' — capped per-word options (was [28, 17], now [16, 16]) so all combos stay full-length.
Cross-product cap (256) reached for toponym 'Newton Harcourt' — capped per-word options (was [28, 60], now [16, 16]) so all combos stay full-length.
Cross-product cap (256) reached for toponym 'Newton Longville' — capped per-word options (was [28, 33], now [16, 16]) so all combos stay full-length.
Cross-product cap (256) reached for toponym 'Newton Morrell' — capped per-word options (was [28, 16], now [16, 16]) so all combos stay full-length.
Cross-product cap (256) reached for toponym 'Newton Saint Cyres' — capped per-word options (was [28, 6, 4], now [10, 6, 4]) so all combos stay full-length.
Cross-product cap (256) reached for toponym 'Newton Saint Loe' — capped per-word options (was [28, 6, 3], now [14, 6, 3]) so all combos stay full-length.
Cross-product cap (256) reached for toponym 'Newton Saint Petrock' — capped per-word options (was [28, 6, 2], now [21, 6, 2]) so all combos stay full-length.
Cross-product cap (256) reached for toponym 'Newton Solney' — capped per-word options (was [28, 30], now [16, 16]) so all combos stay full-length.
Cross-product cap (256) reached for toponym 'Newton St Cyres' — capped per-word options (was [28, 3, 4], now [21, 3, 4]) so all combos stay full-length.
Cross-product cap (256) reached for toponym 'Newton Stacey' — capped per-word options (was [28, 15], now [17, 15]) so all combos stay full-length.
Cross-product cap (256) reached for toponym 'Newton Toney' — capped per-word options (was [28, 36], now [16, 16]) so all combos stay full-length.
Cross-product cap (256) reached for toponym 'Newton Tony' — capped per-word options (was [28, 28], now [16, 16]) so all combos stay full-length.
Cross-product cap (256) reached for toponym 'Newton by Chester' — capped per-word options (was [28, 7, 19], now [6, 6, 7]) so all combos stay full-length.
Cross-product cap (256) reached for toponym 'Newton on Trent' — capped per-word options (was [28, 4, 7], now [9, 4, 7]) so all combos stay full-length.
Cross-product cap (256) reached for toponym 'Newton upon Ouse' — capped per-word options (was [28, 9, 3], now [9, 9, 3]) so all combos stay full-length.
Cross-product cap (256) reached for toponym 'Newton-by-Chester' — capped per-word options (was [912], now [256]) so all combos stay full-length.
Cross-product cap (256) reached for toponym 'Normanby by Spital' — capped per-word options (was [132, 7, 1], now [36, 7, 1]) so all combos stay full-length.
Cross-product cap (256) reached for toponym 'Normanby by Stow' — capped per-word options (was [132, 7, 23], now [6, 6, 7]) so all combos stay full-length.
Cross-product cap (256) reached for toponym 'Normanby le Wold' — capped per-word options (was [132, 1, 5], now [51, 1, 5]) so all combos stay full-length.
Cross-product cap (256) reached for toponym 'Normanby-by-Stow' — capped per-word options (was [1320], now [256]) so all combos stay full-length.
Cross-product cap (256) reached for toponym 'Normanby-le-Wold' — capped per-word options (was [396], now [256]) so all combos stay full-length.
Cross-product cap (256) reached for toponym 'Normanton by Clumber' — capped per-word options (was [154, 7, 6], now [6, 7, 6]) so all combos stay full-length.
Cross-product cap (256) reached for toponym 'Normanton by Derby' — capped per-word options (was [154, 7, 12], now [6, 6, 7]) so all combos stay full-length.
Cross-product cap (256) reached for toponym 'Normanton by Southwell' — capped per-word options (was [154, 7, 40], now [6, 6, 7]) so all combos stay full-length.
Cross-product cap (256) reached for toponym 'Normanton on Soar' — capped per-word options (was [154, 4, 15], now [8, 4, 8]) so all combos stay full-length.
Cross-product cap (256) reached for toponym 'Normanton on Trent' — capped per-word options (was [154, 4, 7], now [9, 4, 7]) so all combos stay full-length.
Cross-product cap (256) reached for toponym 'Normanton on the Wolds' — capped per-word options (was [154, 4, 4, 6], now [4, 4, 4, 4]) so all combos stay full-length.
Cross-product cap (256) reached for toponym 'Normanton-by-Clumber' — capped per-word options (was [1584], now [256]) so all combos stay full-length.
Cross-product cap (256) reached for toponym 'Normanton-by-Derby' — capped per-word options (was [3168], now [256]) so all combos stay full-length.
Cross-product cap (256) reached for toponym 'Normanton-by-Southwell' — capped per-word options (was [1320], now [256]) so all combos stay full-length.
Cross-product cap (256) reached for toponym 'Normanton-on-Soar' — capped per-word options (was [792], now [256]) so all combos stay full-length.
Cross-product cap (256) reached for toponym 'Normanton-on-Trent' — capped per-word options (was [792], now [256]) so all combos stay full-length.
Cross-product cap (256) reached for toponym 'Normanton-on-the-Wolds' — capped per-word options (was [528], now [256]) so all combos stay full-length.
Cross-product cap (256) reached for toponym 'North Anston' — capped per-word options (was [5, 54], now [5, 51]) so all combos stay full-length.
Cross-product cap (256) reached for toponym 'North Appleford' — capped per-word options (was [5, 60], now [5, 51]) so all combos stay full-length.
Cross-product cap (256) reached for toponym 'North Barningham' — capped per-word options (was [5, 374], now [5, 51]) so all combos stay full-length.
Cross-product cap (256) reached for toponym 'North Barrow' — capped per-word options (was [5, 111], now [5, 51]) so all combos stay full-length.
Cross-product cap (256) reached for toponym 'North Barsham' — capped per-word options (was [5, 88], now [5, 51]) so all combos stay full-length.
Cross-product cap (256) reached for toponym 'North Benfleet' — capped per-word options (was [5, 63], now [5, 51]) so all combos stay full-length.
Cross-product cap (256) reached for toponym 'North Burlingham' — capped per-word options (was [5, 180], now [5, 51]) so all combos stay full-length.
Cross-product cap (256) reached for toponym 'North Carlton' — capped per-word options (was [5, 77], now [5, 51]) so all combos stay full-length.
Cross-product cap (256) reached for toponym 'North Charford' — capped per-word options (was [5, 70], now [5, 51]) so all combos stay full-length.
Cross-product cap (256) reached for toponym 'North Cockerington' — capped per-word options (was [5, 105], now [5, 51]) so all combos stay full-length.
Cross-product cap (256) reached for toponym 'North Collingham' — capped per-word options (was [5, 702], now [5, 51]) so all combos stay full-length.
Cross-product cap (256) reached for toponym 'North Elkington' — capped per-word options (was [5, 196], now [5, 51]) so all combos stay full-length.
Cross-product cap (256) reached for toponym 'North Elmham' — capped per-word options (was [5, 64], now [5, 51]) so all combos stay full-length.
Cross-product cap (256) reached for toponym 'North Elmsall' — capped per-word options (was [5, 80], now [5, 51]) so all combos stay full-length.
Cross-product cap (256) reached for toponym 'North Halling' — capped per-word options (was [5, 56], now [5, 51]) so all combos stay full-length.
Cross-product cap (256) reached for toponym 'North Hayling' — capped per-word options (was [5, 56], now [5, 51]) so all combos stay full-length.
Cross-product cap (256) reached for toponym 'North Holme House' — capped per-word options (was [5, 20, 4], now [5, 12, 4]) so all combos stay full-length.
Cross-product cap (256) reached for toponym 'North Killingholme' — capped per-word options (was [5, 128], now [5, 51]) so all combos stay full-length.
Cross-product cap (256) reached for toponym 'North Kilvington' — capped per-word options (was [5, 112], now [5, 51]) so all combos stay full-length.
Cross-product cap (256) reached for toponym 'North Marden' — capped per-word options (was [5, 80], now [5, 51]) so all combos stay full-length.
Cross-product cap (256) reached for toponym 'North Marston' — capped per-word options (was [5, 121], now [5, 51]) so all combos stay full-length.
Cross-product cap (256) reached for toponym 'North Milford' — capped per-word options (was [5, 70], now [5, 51]) so all combos stay full-length.
Cross-product cap (256) reached for toponym 'North Milford Hall' — capped per-word options (was [5, 70, 17], now [5, 7, 7]) so all combos stay full-length.
Cross-product cap (256) reached for toponym 'North Moreton' — capped per-word options (was [5, 56], now [5, 51]) so all combos stay full-length.
Cross-product cap (256) reached for toponym 'North Morton' — capped per-word options (was [5, 56], now [5, 51]) so all combos stay full-length.
Cross-product cap (256) reached for toponym 'North Ockendon' — capped per-word options (was [5, 90], now [5, 51]) so all combos stay full-length.
Cross-product cap (256) reached for toponym 'North Otterington' — capped per-word options (was [5, 238], now [5, 51]) so all combos stay full-length.
Cross-product cap (256) reached for toponym 'North Owersby' — capped per-word options (was [5, 90], now [5, 51]) so all combos stay full-length.
Cross-product cap (256) reached for toponym 'North Somercotes' — capped per-word options (was [5, 60], now [5, 51]) so all combos stay full-length.
Cross-product cap (256) reached for toponym 'North Stainley' — capped per-word options (was [5, 90], now [5, 51]) so all combos stay full-length.
Cross-product cap (256) reached for toponym 'North Standen' — capped per-word options (was [5, 91], now [5, 51]) so all combos stay full-length.
Cross-product cap (256) reached for toponym 'North Stoneham' — capped per-word options (was [5, 88], now [5, 51]) so all combos stay full-length.
Cross-product cap (256) reached for toponym 'North Weald Bassett' — capped per-word options (was [5, 2, 54], now [5, 2, 25]) so all combos stay full-length.
Cross-product cap (256) reached for toponym 'North Willingham' — capped per-word options (was [5, 240], now [5, 51]) so all combos stay full-length.
Cross-product cap (256) reached for toponym 'Norton Conyers' — capped per-word options (was [14, 24], now [14, 18]) so all combos stay full-length.
Cross-product cap (256) reached for toponym 'Norton Lindsey' — capped per-word options (was [14, 90], now [14, 18]) so all combos stay full-length.
Cross-product cap (256) reached for toponym 'Norton Malreward' — capped per-word options (was [14, 66], now [14, 18]) so all combos stay full-length.
Cross-product cap (256) reached for toponym 'Norton Mandeville' — capped per-word options (was [14, 30], now [14, 18]) so all combos stay full-length.
Cross-product cap (256) reached for toponym 'Norton in Hales' — capped per-word options (was [14, 3, 18], now [9, 3, 9]) so all combos stay full-length.
Cross-product cap (256) reached for toponym 'Norton in the Moors' — capped per-word options (was [14, 3, 4, 10], now [4, 3, 4, 5]) so all combos stay full-length.
Cross-product cap (256) reached for toponym 'Norton sub Hamdon' — capped per-word options (was [14, 1, 20], now [14, 1, 18]) so all combos stay full-length.
Cross-product cap (256) reached for toponym 'Norton-in-Hales' — capped per-word options (was [528], now [256]) so all combos stay full-length.
Cross-product cap (256) reached for toponym 'Norton-sub-Hamdon' — capped per-word options (was [720], now [256]) so all combos stay full-length.
Cross-product cap (256) reached for toponym 'Nuneham Courtenay' — capped per-word options (was [8, 42], now [8, 32]) so all combos stay full-length.
Cross-product cap (256) reached for toponym 'Nymet Rowland' — capped per-word options (was [8, 33], now [8, 32]) so all combos stay full-length.
Cross-product cap (256) reached for toponym 'Occleston Green' — capped per-word options (was [153, 6], now [42, 6]) so all combos stay full-length.
Cross-product cap (256) reached for toponym "Offord d'Arcy" — capped per-word options (was [30, 16], now [16, 16]) so all combos stay full-length.
Cross-product cap (256) reached for toponym 'Offord dArcy' — capped per-word options (was [30, 16], now [16, 16]) so all combos stay full-length.
Cross-product cap (256) reached for toponym 'Ogbourne Maizey' — capped per-word options (was [24, 15], now [17, 15]) so all combos stay full-length.
Cross-product cap (256) reached for toponym 'Ogbourne Saint Andrew' — capped per-word options (was [24, 6, 7], now [6, 6, 7]) so all combos stay full-length.
Cross-product cap (256) reached for toponym 'Ogbourne St Andrew' — capped per-word options (was [24, 3, 7], now [12, 3, 7]) so all combos stay full-length.
Cross-product cap (256) reached for toponym 'Oglethorpe Hall' — capped per-word options (was [36, 17], now [16, 16]) so all combos stay full-length.
Cross-product cap (256) reached for toponym 'Old Alresford' — capped per-word options (was [9, 120], now [9, 28]) so all combos stay full-length.
Cross-product cap (256) reached for toponym 'Old Arley' — capped per-word options (was [9, 75], now [9, 28]) so all combos stay full-length.
Cross-product cap (256) reached for toponym 'Old Basford' — capped per-word options (was [9, 60], now [9, 28]) so all combos stay full-length.
Cross-product cap (256) reached for toponym 'Old Bexley' — capped per-word options (was [9, 30], now [9, 28]) so all combos stay full-length.
Cross-product cap (256) reached for toponym 'Old Brumby' — capped per-word options (was [9, 36], now [9, 28]) so all combos stay full-length.
Cross-product cap (256) reached for toponym 'Old Buddington' — capped per-word options (was [9, 35], now [9, 28]) so all combos stay full-length.
Cross-product cap (256) reached for toponym 'Old Byland' — capped per-word options (was [9, 33], now [9, 28]) so all combos stay full-length.
Cross-product cap (256) reached for toponym 'Old Dalby' — capped per-word options (was [9, 36], now [9, 28]) so all combos stay full-length.
Cross-product cap (256) reached for toponym 'Old Edlington' — capped per-word options (was [9, 49], now [9, 28]) so all combos stay full-length.
Cross-product cap (256) reached for toponym 'Old Erringham' — capped per-word options (was [9, 51], now [9, 28]) so all combos stay full-length.
Cross-product cap (256) reached for toponym 'Old Ingarsby' — capped per-word options (was [9, 114], now [9, 28]) so all combos stay full-length.
Cross-product cap (256) reached for toponym 'Old Langport' — capped per-word options (was [9, 64], now [9, 28]) so all combos stay full-length.
Cross-product cap (256) reached for toponym 'Old Lindley' — capped per-word options (was [9, 135], now [9, 28]) so all combos stay full-length.
Cross-product cap (256) reached for toponym 'Old Malden' — capped per-word options (was [9, 88], now [9, 28]) so all combos stay full-length.
Cross-product cap (256) reached for toponym 'Old Malton' — capped per-word options (was [9, 77], now [9, 28]) so all combos stay full-length.
Cross-product cap (256) reached for toponym 'Old Milton' — capped per-word options (was [9, 49], now [9, 28]) so all combos stay full-length.
Cross-product cap (256) reached for toponym 'Old Milverton' — capped per-word options (was [9, 147], now [9, 28]) so all combos stay full-length.
Cross-product cap (256) reached for toponym 'Old Romney' — capped per-word options (was [9, 36], now [9, 28]) so all combos stay full-length.
Cross-product cap (256) reached for toponym 'Old Sleaford' — capped per-word options (was [9, 30], now [9, 28]) so all combos stay full-length.
Cross-product cap (256) reached for toponym 'Old Sodbury' — capped per-word options (was [9, 45], now [9, 28]) so all combos stay full-length.
Cross-product cap (256) reached for toponym 'Old Somerby' — capped per-word options (was [9, 90], now [9, 28]) so all combos stay full-length.
Cross-product cap (256) reached for toponym 'Old Sunderlandwick' — capped per-word options (was [9, 70], now [9, 28]) so all combos stay full-length.
Cross-product cap (256) reached for toponym 'Old Thornville Hall' — capped per-word options (was [9, 12, 17], now [6, 6, 7]) so all combos stay full-length.
Cross-product cap (256) reached for toponym 'Old Warden' — capped per-word options (was [9, 80], now [9, 28]) so all combos stay full-length.
Cross-product cap (256) reached for toponym 'Old Weston' — capped per-word options (was [9, 39], now [9, 28]) so all combos stay full-length.
Cross-product cap (256) reached for toponym 'Old Whitehill' — capped per-word options (was [9, 54], now [9, 28]) so all combos stay full-length.
Cross-product cap (256) reached for toponym 'Old Whittington' — capped per-word options (was [9, 112], now [9, 28]) so all combos stay full-length.
Cross-product cap (256) reached for toponym 'Oldbury on the Hill' — capped per-word options (was [63, 4, 4, 9], now [4, 4, 4, 4]) so all combos stay full-length.
Cross-product cap (256) reached for toponym 'Ormesby Saint Margaret' — capped per-word options (was [72, 6, 160], now [6, 6, 7]) so all combos stay full-length.
Cross-product cap (256) reached for toponym 'Ormesby Saint Michael' — capped per-word options (was [72, 6, 5], now [8, 6, 5]) so all combos stay full-length.
Cross-product cap (256) reached for toponym 'Ormesby St Margaret' — capped per-word options (was [72, 3, 160], now [9, 3, 9]) so all combos stay full-length.
Cross-product cap (256) reached for toponym 'Ormesby St Michael' — capped per-word options (was [72, 3, 5], now [17, 3, 5]) so all combos stay full-length.
Cross-product cap (256) reached for toponym 'Orton Longueville' — capped per-word options (was [21, 33], now [16, 16]) so all combos stay full-length.
Cross-product cap (256) reached for toponym 'Orton Waterville' — capped per-word options (was [21, 15], now [17, 15]) so all combos stay full-length.
Cross-product cap (256) reached for toponym 'Orton on the Hill' — capped per-word options (was [21, 4, 4, 9], now [4, 4, 4, 4]) so all combos stay full-length.
Cross-product cap (256) reached for toponym 'Orton-on-the-Hill' — capped per-word options (was [324], now [256]) so all combos stay full-length.
Cross-product cap (256) reached for toponym 'Osgoodby Hall' — capped per-word options (was [18, 17], now [16, 16]) so all combos stay full-length.
Cross-product cap (256) reached for toponym 'Osmaston by Derby' — capped per-word options (was [60, 7, 12], now [6, 6, 7]) so all combos stay full-length.
Cross-product cap (256) reached for toponym 'Osmaston-by-Derby' — capped per-word options (was [1152], now [256]) so all combos stay full-length.
Cross-product cap (256) reached for toponym 'Osmington' — capped per-word options (was [294], now [256]) so all combos stay full-length.
Cross-product cap (256) reached for toponym 'Osmotherley' — capped per-word options (was [360], now [256]) so all combos stay full-length.
Cross-product cap (256) reached for toponym 'Oswestry Castle' — capped per-word options (was [72, 14], now [18, 14]) so all combos stay full-length.
Cross-product cap (256) reached for toponym 'Otterhampton' — capped per-word options (was [315], now [256]) so all combos stay full-length.
Cross-product cap (256) reached for toponym 'Ottery Saint Mary' — capped per-word options (was [34, 6, 48], now [6, 6, 7]) so all combos stay full-length.
Cross-product cap (256) reached for toponym 'Ottery St Mary' — capped per-word options (was [34, 3, 48], now [9, 3, 9]) so all combos stay full-length.
Cross-product cap (256) reached for toponym 'Ouston Farm' — capped per-word options (was [30, 11], now [23, 11]) so all combos stay full-length.
Cross-product cap (256) reached for toponym 'Over Alderley' — capped per-word options (was [14, 180], now [14, 18]) so all combos stay full-length.
Cross-product cap (256) reached for toponym 'Over Burrow' — capped per-word options (was [14, 27], now [14, 18]) so all combos stay full-length.
Cross-product cap (256) reached for toponym 'Over Compton' — capped per-word options (was [14, 28], now [14, 18]) so all combos stay full-length.
Cross-product cap (256) reached for toponym 'Over Dinsdale Grange' — capped per-word options (was [14, 42, 7], now [6, 6, 7]) so all combos stay full-length.
Cross-product cap (256) reached for toponym 'Over Newbold' — capped per-word options (was [14, 20], now [14, 18]) so all combos stay full-length.
Cross-product cap (256) reached for toponym 'Over Stratton' — capped per-word options (was [14, 21], now [14, 18]) so all combos stay full-length.
Cross-product cap (256) reached for toponym 'Over Tabley' — capped per-word options (was [14, 19], now [14, 18]) so all combos stay full-length.
Cross-product cap (256) reached for toponym 'Over Worton' — capped per-word options (was [14, 21], now [14, 18]) so all combos stay full-length.
Cross-product cap (256) reached for toponym 'Over Worton' — capped per-word options (was [14, 21], now [14, 18]) so all combos stay full-length.
Cross-product cap (256) reached for toponym 'Oversley' — capped per-word options (was [266], now [256]) so all combos stay full-length.
Cross-product cap (256) reached for toponym 'Owston Ferry' — capped per-word options (was [30, 22], now [16, 16]) so all combos stay full-length.
Cross-product cap (256) reached for toponym 'Papworth Saint Agnes' — capped per-word options (was [6, 6, 8], now [6, 6, 7]) so all combos stay full-length.
Cross-product cap (256) reached for toponym 'Papworth Saint Agnes' — capped per-word options (was [6, 6, 8], now [6, 6, 7]) so all combos stay full-length.
Cross-product cap (256) reached for toponym 'Pencarrow' — capped per-word options (was [441], now [256]) so all combos stay full-length.
Cross-product cap (256) reached for toponym 'Penton Grafton' — capped per-word options (was [51, 7], now [36, 7]) so all combos stay full-length.
Cross-product cap (256) reached for toponym 'Peper Harrow' — capped per-word options (was [3, 181], now [3, 85]) so all combos stay full-length.
Cross-product cap (256) reached for toponym 'Peters Marland' — capped per-word options (was [5, 110], now [5, 51]) so all combos stay full-length.
Cross-product cap (256) reached for toponym 'Pillerton Hersey' — capped per-word options (was [28, 15], now [17, 15]) so all combos stay full-length.
Cross-product cap (256) reached for toponym 'Pitminster' — capped per-word options (was [512], now [256]) so all combos stay full-length.
Cross-product cap (256) reached for toponym 'Pledgdon Hall' — capped per-word options (was [50, 17], now [16, 16]) so all combos stay full-length.
Cross-product cap (256) reached for toponym 'Plompton Hall' — capped per-word options (was [21, 17], now [16, 16]) so all combos stay full-length.
Cross-product cap (256) reached for toponym 'Potter Brompton' — capped per-word options (was [7, 42], now [7, 36]) so all combos stay full-length.
Cross-product cap (256) reached for toponym 'Potters Marston' — capped per-word options (was [4, 121], now [4, 64]) so all combos stay full-length.
Cross-product cap (256) reached for toponym 'Preston Bowyer' — capped per-word options (was [18, 24], now [16, 16]) so all combos stay full-length.
Cross-product cap (256) reached for toponym 'Preston Candover' — capped per-word options (was [18, 30], now [16, 16]) so all combos stay full-length.
Cross-product cap (256) reached for toponym 'Preston Deanery' — capped per-word options (was [18, 18], now [16, 16]) so all combos stay full-length.
Cross-product cap (256) reached for toponym 'Preston Montford' — capped per-word options (was [18, 80], now [16, 16]) so all combos stay full-length.
Cross-product cap (256) reached for toponym 'Preston on Stour' — capped per-word options (was [18, 4, 4], now [16, 4, 4]) so all combos stay full-length.
Cross-product cap (256) reached for toponym 'Preston on Stour' — capped per-word options (was [18, 4, 4], now [16, 4, 4]) so all combos stay full-length.
Cross-product cap (256) reached for toponym 'Preston upon the Weald Moors' — capped per-word options (was [18, 9, 4, 2, 10], now [3, 3, 3, 2, 4]) so all combos stay full-length.
Cross-product cap (256) reached for toponym 'Priors Hardwick' — capped per-word options (was [3, 140], now [3, 85]) so all combos stay full-length.
Cross-product cap (256) reached for toponym 'Pulham Saint Mary Magdalene' — capped per-word options (was [8, 6, 48, 18], now [4, 4, 4, 4]) so all combos stay full-length.
Cross-product cap (256) reached for toponym 'Pulham Saint Mary the Virgin' — capped per-word options (was [8, 6, 48, 4, 3], now [3, 3, 3, 3, 3]) so all combos stay full-length.
Cross-product cap (256) reached for toponym 'Pulham St Mary Magdalene' — capped per-word options (was [8, 3, 48, 18], now [4, 3, 4, 5]) so all combos stay full-length.
Cross-product cap (256) reached for toponym 'Pulham St Mary the Virgin' — capped per-word options (was [8, 3, 48, 4, 3], now [3, 3, 3, 3, 3]) so all combos stay full-length.
Cross-product cap (256) reached for toponym 'Raithby by Spilsby' — capped per-word options (was [18, 7, 6], now [6, 7, 6]) so all combos stay full-length.
Cross-product cap (256) reached for toponym 'Ramsden Bellhouse' — capped per-word options (was [48, 35], now [16, 16]) so all combos stay full-length.
Cross-product cap (256) reached for toponym 'Ratcliffe on Soar' — capped per-word options (was [9, 4, 15], now [8, 4, 8]) so all combos stay full-length.
Cross-product cap (256) reached for toponym 'Ravensthorpe Manor' — capped per-word options (was [42, 30], now [16, 16]) so all combos stay full-length.
Cross-product cap (256) reached for toponym 'Redenhall' — capped per-word options (was [299], now [256]) so all combos stay full-length.
Cross-product cap (256) reached for toponym 'Redenhall' — capped per-word options (was [299], now [256]) so all combos stay full-length.
Cross-product cap (256) reached for toponym 'Redmarley' — capped per-word options (was [960], now [256]) so all combos stay full-length.
Cross-product cap (256) reached for toponym 'Redmarley' — capped per-word options (was [960], now [256]) so all combos stay full-length.
Cross-product cap (256) reached for toponym "Redmarley d'Abitot" — capped per-word options (was [960, 1], now [256, 1]) so all combos stay full-length.
Cross-product cap (256) reached for toponym "Redmarley d'Abitot" — capped per-word options (was [960, 1], now [256, 1]) so all combos stay full-length.
Cross-product cap (256) reached for toponym 'Redmarley dAbitot' — capped per-word options (was [960, 1], now [256, 1]) so all combos stay full-length.
Cross-product cap (256) reached for toponym 'Redmarley dAbitot' — capped per-word options (was [960, 1], now [256, 1]) so all combos stay full-length.
Cross-product cap (256) reached for toponym 'Rickinghall Inferior' — capped per-word options (was [94, 4], now [64, 4]) so all combos stay full-length.
Cross-product cap (256) reached for toponym 'Rickinghall Superior' — capped per-word options (was [94, 6], now [42, 6]) so all combos stay full-length.
Cross-product cap (256) reached for toponym 'Ringlestone' — capped per-word options (was [378], now [256]) so all combos stay full-length.
Cross-product cap (256) reached for toponym 'Roall Hall' — capped per-word options (was [21, 17], now [16, 16]) so all combos stay full-length.
Cross-product cap (256) reached for toponym "Rockell's Farm" — capped per-word options (was [28, 11], now [23, 11]) so all combos stay full-length.
Cross-product cap (256) reached for toponym 'Rockhampton' — capped per-word options (was [315], now [256]) so all combos stay full-length.
Cross-product cap (256) reached for toponym 'Rockingham' — capped per-word options (was [313], now [256]) so all combos stay full-length.
Cross-product cap (256) reached for toponym 'Rockland All Saints' — capped per-word options (was [77, 12, 5], now [7, 7, 5]) so all combos stay full-length.
Cross-product cap (256) reached for toponym 'Rockland Saint Andrew' — capped per-word options (was [77, 6, 7], now [6, 6, 7]) so all combos stay full-length.
Cross-product cap (256) reached for toponym 'Rockland Saint Mary' — capped per-word options (was [77, 6, 48], now [6, 6, 7]) so all combos stay full-length.
Cross-product cap (256) reached for toponym 'Rockland Saint Peter' — capped per-word options (was [77, 6, 9], now [6, 6, 7]) so all combos stay full-length.
Cross-product cap (256) reached for toponym 'Rockland St Andrew' — capped per-word options (was [77, 3, 7], now [12, 3, 7]) so all combos stay full-length.
Cross-product cap (256) reached for toponym 'Rockland St Mary' — capped per-word options (was [77, 3, 48], now [9, 3, 9]) so all combos stay full-length.
Cross-product cap (256) reached for toponym 'Rockland St Peter' — capped per-word options (was [77, 3, 9], now [9, 3, 9]) so all combos stay full-length.
Cross-product cap (256) reached for toponym 'Rogerthorpe Manor' — capped per-word options (was [21, 30], now [16, 16]) so all combos stay full-length.
Cross-product cap (256) reached for toponym 'Rokeby Hall' — capped per-word options (was [18, 17], now [16, 16]) so all combos stay full-length.
Cross-product cap (256) reached for toponym 'Rolleston on Dove' — capped per-word options (was [183, 4, 1], now [64, 4, 1]) so all combos stay full-length.
Cross-product cap (256) reached for toponym 'Romney Marsh' — capped per-word options (was [36, 16], now [16, 16]) so all combos stay full-length.
Cross-product cap (256) reached for toponym 'Roscarnon' — capped per-word options (was [306], now [256]) so all combos stay full-length.
Cross-product cap (256) reached for toponym 'Rossett Green' — capped per-word options (was [81, 6], now [42, 6]) so all combos stay full-length.
Cross-product cap (256) reached for toponym 'Rushmere Saint Andrew' — capped per-word options (was [8, 6, 7], now [6, 6, 7]) so all combos stay full-length.
Cross-product cap (256) reached for toponym 'Ruyton Eleven Towns' — capped per-word options (was [14, 18, 3], now [9, 9, 3]) so all combos stay full-length.
Cross-product cap (256) reached for toponym 'Ryton on Dunsmore' — capped per-word options (was [14, 4, 231], now [8, 4, 8]) so all combos stay full-length.
Cross-product cap (256) reached for toponym 'Ryton-on-Dunsmore' — capped per-word options (was [1008], now [256]) so all combos stay full-length.
Cross-product cap (256) reached for toponym 'Saham Toney' — capped per-word options (was [8, 36], now [8, 32]) so all combos stay full-length.
Cross-product cap (256) reached for toponym "Saint Margaret's" — capped per-word options (was [6, 160], now [6, 42]) so all combos stay full-length.
Cross-product cap (256) reached for toponym "Saint Margaret's at Cliffe" — capped per-word options (was [6, 160, 2, 3], now [6, 7, 2, 3]) so all combos stay full-length.
Cross-product cap (256) reached for toponym 'Saint Margarets' — capped per-word options (was [6, 80], now [6, 42]) so all combos stay full-length.
Cross-product cap (256) reached for toponym 'Saint Margarets at Cliffe' — capped per-word options (was [6, 80, 2, 3], now [6, 7, 2, 3]) so all combos stay full-length.
Cross-product cap (256) reached for toponym "Saint Martin's" — capped per-word options (was [6, 44], now [6, 42]) so all combos stay full-length.
Cross-product cap (256) reached for toponym 'Saint Mary Cray' — capped per-word options (was [6, 48, 5], now [6, 8, 5]) so all combos stay full-length.
Cross-product cap (256) reached for toponym 'Saint Mary Hoo' — capped per-word options (was [6, 48, 2], now [6, 21, 2]) so all combos stay full-length.
Cross-product cap (256) reached for toponym 'Saint Michaels Burton' — capped per-word options (was [6, 4, 22], now [6, 4, 10]) so all combos stay full-length.
Cross-product cap (256) reached for toponym "Saint Paul's Walden" — capped per-word options (was [6, 2, 40], now [6, 2, 21]) so all combos stay full-length.
Cross-product cap (256) reached for toponym "Saint Peter's Chapel" — capped per-word options (was [6, 6, 8], now [6, 6, 7]) so all combos stay full-length.
Cross-product cap (256) reached for toponym 'Saint Stephens by Launceston' — capped per-word options (was [6, 18, 7, 17], now [4, 4, 4, 4]) so all combos stay full-length.
Cross-product cap (256) reached for toponym 'Saint Stephens-by-Launceston' — capped per-word options (was [6, 714], now [6, 42]) so all combos stay full-length.
Cross-product cap (256) reached for toponym 'Saltfleetby All Saints' — capped per-word options (was [24, 12, 5], now [7, 7, 5]) so all combos stay full-length.
Cross-product cap (256) reached for toponym 'Saltfleetby Saint Clement' — capped per-word options (was [24, 6, 18], now [6, 6, 7]) so all combos stay full-length.
Cross-product cap (256) reached for toponym 'Saltfleetby Saint Peter' — capped per-word options (was [24, 6, 9], now [6, 6, 7]) so all combos stay full-length.
Cross-product cap (256) reached for toponym 'Saltfleetby St Clement' — capped per-word options (was [24, 3, 18], now [9, 3, 9]) so all combos stay full-length.
Cross-product cap (256) reached for toponym 'Saltfleetby St Peter' — capped per-word options (was [24, 3, 9], now [9, 3, 9]) so all combos stay full-length.
Cross-product cap (256) reached for toponym 'Sampford Arundel' — capped per-word options (was [20, 20], now [16, 16]) so all combos stay full-length.
Cross-product cap (256) reached for toponym 'Sampford Courtenay' — capped per-word options (was [20, 42], now [16, 16]) so all combos stay full-length.
Cross-product cap (256) reached for toponym 'Sandford Saint Martin' — capped per-word options (was [60, 6, 34], now [6, 6, 7]) so all combos stay full-length.
Cross-product cap (256) reached for toponym 'Sandford St Martin' — capped per-word options (was [60, 3, 34], now [9, 3, 9]) so all combos stay full-length.
Cross-product cap (256) reached for toponym 'Sandford on Thames' — capped per-word options (was [60, 4, 13], now [8, 4, 8]) so all combos stay full-length.
Cross-product cap (256) reached for toponym 'Sandford-on-Thames' — capped per-word options (was [312], now [256]) so all combos stay full-length.
Cross-product cap (256) reached for toponym 'Sandringham' — capped per-word options (was [340], now [256]) so all combos stay full-length.
Cross-product cap (256) reached for toponym 'Santon Downham' — capped per-word options (was [21, 16], now [16, 16]) so all combos stay full-length.
Cross-product cap (256) reached for toponym 'Saxby All Saints' — capped per-word options (was [6, 12, 5], now [6, 8, 5]) so all combos stay full-length.
Cross-product cap (256) reached for toponym 'Saxlingham Nethergate' — capped per-word options (was [60, 30], now [16, 16]) so all combos stay full-length.
Cross-product cap (256) reached for toponym 'Scarrington' — capped per-word options (was [294], now [256]) so all combos stay full-length.
Cross-product cap (256) reached for toponym 'Scoreby Manor' — capped per-word options (was [36, 30], now [16, 16]) so all combos stay full-length.
Cross-product cap (256) reached for toponym 'Seavington Saint Mary' — capped per-word options (was [28, 6, 48], now [6, 6, 7]) so all combos stay full-length.
Cross-product cap (256) reached for toponym 'Seavington Saint Michael' — capped per-word options (was [28, 6, 5], now [8, 6, 5]) so all combos stay full-length.
Cross-product cap (256) reached for toponym 'Seavington St Mary' — capped per-word options (was [28, 3, 48], now [9, 3, 9]) so all combos stay full-length.
Cross-product cap (256) reached for toponym 'Seavington St Michael' — capped per-word options (was [28, 3, 5], now [17, 3, 5]) so all combos stay full-length.
Cross-product cap (256) reached for toponym 'Sesswells Barton' — capped per-word options (was [6, 70], now [6, 42]) so all combos stay full-length.
Cross-product cap (256) reached for toponym 'Shalmsford Street' — capped per-word options (was [60, 8], now [32, 8]) so all combos stay full-length.
Cross-product cap (256) reached for toponym 'Sharrington' — capped per-word options (was [294], now [256]) so all combos stay full-length.
Cross-product cap (256) reached for toponym 'Shelton under Harley' — capped per-word options (was [7, 4, 300], now [7, 4, 9]) so all combos stay full-length.
Cross-product cap (256) reached for toponym 'Shelton-under-Harley' — capped per-word options (was [1260], now [256]) so all combos stay full-length.
Cross-product cap (256) reached for toponym 'Shenley Brook End' — capped per-word options (was [75, 4, 5], now [12, 4, 5]) so all combos stay full-length.
Cross-product cap (256) reached for toponym 'Shenley Church End' — capped per-word options (was [75, 3, 5], now [17, 3, 5]) so all combos stay full-length.
Cross-product cap (256) reached for toponym 'Shepton Mallet' — capped per-word options (was [7, 47], now [7, 36]) so all combos stay full-length.
Cross-product cap (256) reached for toponym 'Sherborne Saint John' — capped per-word options (was [16, 6, 3], now [14, 6, 3]) so all combos stay full-length.
Cross-product cap (256) reached for toponym 'Sherburn in Elmet' — capped per-word options (was [12, 3, 16], now [9, 3, 9]) so all combos stay full-length.
Cross-product cap (256) reached for toponym 'Sheriffs Haresfield' — capped per-word options (was [4, 120], now [4, 64]) so all combos stay full-length.
Cross-product cap (256) reached for toponym 'Shermanbury' — capped per-word options (was [396], now [256]) so all combos stay full-length.
Cross-product cap (256) reached for toponym 'Shillingford Abbot' — capped per-word options (was [130, 6], now [42, 6]) so all combos stay full-length.
Cross-product cap (256) reached for toponym 'Shillingford Saint George' — capped per-word options (was [130, 6, 1], now [42, 6, 1]) so all combos stay full-length.
Cross-product cap (256) reached for toponym 'Shillingford St George' — capped per-word options (was [130, 3, 1], now [85, 3, 1]) so all combos stay full-length.
Cross-product cap (256) reached for toponym 'Shilston Barton' — capped per-word options (was [10, 70], now [10, 25]) so all combos stay full-length.
Cross-product cap (256) reached for toponym 'Shiphay Collaton' — capped per-word options (was [17, 91], now [16, 16]) so all combos stay full-length.
Cross-product cap (256) reached for toponym 'Shipton Bellinger' — capped per-word options (was [7, 138], now [7, 36]) so all combos stay full-length.
Cross-product cap (256) reached for toponym 'Shipton Solers' — capped per-word options (was [7, 37], now [7, 36]) so all combos stay full-length.
Cross-product cap (256) reached for toponym 'Shipton on Cherwell' — capped per-word options (was [7, 4, 20], now [7, 4, 9]) so all combos stay full-length.
Cross-product cap (256) reached for toponym 'Shipton on Cherwell' — capped per-word options (was [7, 4, 20], now [7, 4, 9]) so all combos stay full-length.
Cross-product cap (256) reached for toponym 'Shotesham All Saints' — capped per-word options (was [16, 12, 5], now [7, 7, 5]) so all combos stay full-length.
Cross-product cap (256) reached for toponym 'Shotesham Saint Mary' — capped per-word options (was [16, 6, 48], now [6, 6, 7]) so all combos stay full-length.
Cross-product cap (256) reached for toponym 'Shotesham St Mary' — capped per-word options (was [16, 3, 48], now [9, 3, 9]) so all combos stay full-length.
Cross-product cap (256) reached for toponym 'Shouldham All Saints' — capped per-word options (was [16, 12, 5], now [7, 7, 5]) so all combos stay full-length.
Cross-product cap (256) reached for toponym 'Shouldham Saint Margaret' — capped per-word options (was [16, 6, 160], now [6, 6, 7]) so all combos stay full-length.
Cross-product cap (256) reached for toponym 'Shouldham St Margaret' — capped per-word options (was [16, 3, 160], now [9, 3, 9]) so all combos stay full-length.
Cross-product cap (256) reached for toponym 'Sibdon Carwood' — capped per-word options (was [10, 33], now [10, 25]) so all combos stay full-length.
Cross-product cap (256) reached for toponym 'Sinderland Green' — capped per-word options (was [44, 6], now [42, 6]) so all combos stay full-length.
Cross-product cap (256) reached for toponym 'Sixpenny Handley' — capped per-word options (was [12, 45], now [12, 21]) so all combos stay full-length.
Cross-product cap (256) reached for toponym 'Smeetham Hall' — capped per-word options (was [18, 17], now [16, 16]) so all combos stay full-length.
Cross-product cap (256) reached for toponym 'Smeeton Westerby' — capped per-word options (was [14, 96], now [14, 18]) so all combos stay full-length.
Cross-product cap (256) reached for toponym 'Somerford Booths' — capped per-word options (was [150, 3], now [85, 3]) so all combos stay full-length.
Cross-product cap (256) reached for toponym 'Somerford Keynes' — capped per-word options (was [150, 8], now [32, 8]) so all combos stay full-length.
Cross-product cap (256) reached for toponym 'Somerford Keynes' — capped per-word options (was [150, 8], now [32, 8]) so all combos stay full-length.
Cross-product cap (256) reached for toponym 'Somerleyton' — capped per-word options (was [630], now [256]) so all combos stay full-length.
Cross-product cap (256) reached for toponym 'Somersham' — capped per-word options (was [280], now [256]) so all combos stay full-length.
Cross-product cap (256) reached for toponym 'Somersham' — capped per-word options (was [280], now [256]) so all combos stay full-length.
Cross-product cap (256) reached for toponym 'South Aller' — capped per-word options (was [11, 32], now [11, 23]) so all combos stay full-length.
Cross-product cap (256) reached for toponym 'South Allington' — capped per-word options (was [11, 294], now [11, 23]) so all combos stay full-length.
Cross-product cap (256) reached for toponym 'South Anston' — capped per-word options (was [11, 54], now [11, 23]) so all combos stay full-length.
Cross-product cap (256) reached for toponym 'South Ashford' — capped per-word options (was [11, 40], now [11, 23]) so all combos stay full-length.
Cross-product cap (256) reached for toponym 'South Baddesley' — capped per-word options (was [11, 31], now [11, 23]) so all combos stay full-length.
Cross-product cap (256) reached for toponym 'South Barrow' — capped per-word options (was [11, 111], now [11, 23]) so all combos stay full-length.
Cross-product cap (256) reached for toponym 'South Benfleet' — capped per-word options (was [11, 63], now [11, 23]) so all combos stay full-length.
Cross-product cap (256) reached for toponym 'South Burlingham' — capped per-word options (was [11, 180], now [11, 23]) so all combos stay full-length.
Cross-product cap (256) reached for toponym 'South Cadbury' — capped per-word options (was [11, 27], now [11, 23]) so all combos stay full-length.
Cross-product cap (256) reached for toponym 'South Carlton' — capped per-word options (was [11, 77], now [11, 23]) so all combos stay full-length.
Cross-product cap (256) reached for toponym 'South Charford' — capped per-word options (was [11, 70], now [11, 23]) so all combos stay full-length.
Cross-product cap (256) reached for toponym 'South Cheriton' — capped per-word options (was [11, 28], now [11, 23]) so all combos stay full-length.
Cross-product cap (256) reached for toponym 'South Cockerington' — capped per-word options (was [11, 105], now [11, 23]) so all combos stay full-length.
Cross-product cap (256) reached for toponym 'South Collingham' — capped per-word options (was [11, 702], now [11, 23]) so all combos stay full-length.
Cross-product cap (256) reached for toponym 'South Conesby' — capped per-word options (was [11, 48], now [11, 23]) so all combos stay full-length.
Cross-product cap (256) reached for toponym 'South Dalton' — capped per-word options (was [11, 42], now [11, 23]) so all combos stay full-length.
Cross-product cap (256) reached for toponym 'South Denchworth' — capped per-word options (was [11, 24], now [11, 23]) so all combos stay full-length.
Cross-product cap (256) reached for toponym 'South Elkington' — capped per-word options (was [11, 196], now [11, 23]) so all combos stay full-length.
Cross-product cap (256) reached for toponym 'South Elmham' — capped per-word options (was [11, 64], now [11, 23]) so all combos stay full-length.
Cross-product cap (256) reached for toponym 'South Elmham All Saints' — capped per-word options (was [11, 64, 12, 5], now [4, 4, 4, 4]) so all combos stay full-length.
Cross-product cap (256) reached for toponym 'South Elmham Saint Cross' — capped per-word options (was [11, 64, 6, 7], now [4, 4, 4, 4]) so all combos stay full-length.
Cross-product cap (256) reached for toponym 'South Elmham Saint James' — capped per-word options (was [11, 64, 6, 4], now [4, 4, 4, 4]) so all combos stay full-length.
Cross-product cap (256) reached for toponym 'South Elmham Saint Margaret' — capped per-word options (was [11, 64, 6, 160], now [4, 4, 4, 4]) so all combos stay full-length.
Cross-product cap (256) reached for toponym 'South Elmham Saint Michael' — capped per-word options (was [11, 64, 6, 5], now [4, 4, 4, 4]) so all combos stay full-length.
Cross-product cap (256) reached for toponym 'South Elmham Saint Nicholas' — capped per-word options (was [11, 64, 6, 8], now [4, 4, 4, 4]) so all combos stay full-length.
Cross-product cap (256) reached for toponym 'South Elmham Saint Peter' — capped per-word options (was [11, 64, 6, 9], now [4, 4, 4, 4]) so all combos stay full-length.
Cross-product cap (256) reached for toponym 'South Elmham St Cross' — capped per-word options (was [11, 64, 3, 7], now [4, 4, 3, 5]) so all combos stay full-length.
Cross-product cap (256) reached for toponym 'South Elmham St James' — capped per-word options (was [11, 64, 3, 4], now [4, 5, 3, 4]) so all combos stay full-length.
Cross-product cap (256) reached for toponym 'South Elmham St Margaret' — capped per-word options (was [11, 64, 3, 160], now [4, 4, 3, 5]) so all combos stay full-length.
Cross-product cap (256) reached for toponym 'South Elmham St Michael' — capped per-word options (was [11, 64, 3, 5], now [4, 4, 3, 5]) so all combos stay full-length.
Cross-product cap (256) reached for toponym 'South Elmham St Nicholas' — capped per-word options (was [11, 64, 3, 8], now [4, 4, 3, 5]) so all combos stay full-length.
Cross-product cap (256) reached for toponym 'South Elmham St Peter' — capped per-word options (was [11, 64, 3, 9], now [4, 4, 3, 5]) so all combos stay full-length.
Cross-product cap (256) reached for toponym 'South Elmsall' — capped per-word options (was [11, 80], now [11, 23]) so all combos stay full-length.
Cross-product cap (256) reached for toponym 'South Ferriby' — capped per-word options (was [11, 24], now [11, 23]) so all combos stay full-length.
Cross-product cap (256) reached for toponym 'South Hanningfield' — capped per-word options (was [11, 36], now [11, 23]) so all combos stay full-length.
Cross-product cap (256) reached for toponym 'South Harting' — capped per-word options (was [11, 92], now [11, 23]) so all combos stay full-length.
Cross-product cap (256) reached for toponym 'South Hayling' — capped per-word options (was [11, 56], now [11, 23]) so all combos stay full-length.
Cross-product cap (256) reached for toponym 'South Hiendley' — capped per-word options (was [11, 30], now [11, 23]) so all combos stay full-length.
Cross-product cap (256) reached for toponym 'South Hykeham' — capped per-word options (was [11, 24], now [11, 23]) so all combos stay full-length.
Cross-product cap (256) reached for toponym 'South Killingholme' — capped per-word options (was [11, 128], now [11, 23]) so all combos stay full-length.
Cross-product cap (256) reached for toponym 'South Kilworth' — capped per-word options (was [11, 24], now [11, 23]) so all combos stay full-length.
Cross-product cap (256) reached for toponym 'South Kirkby' — capped per-word options (was [11, 42], now [11, 23]) so all combos stay full-length.
Cross-product cap (256) reached for toponym 'South Littleton' — capped per-word options (was [11, 29], now [11, 23]) so all combos stay full-length.
Cross-product cap (256) reached for toponym 'South Luffenham' — capped per-word options (was [11, 40], now [11, 23]) so all combos stay full-length.
Cross-product cap (256) reached for toponym 'South Luffenham' — capped per-word options (was [11, 40], now [11, 23]) so all combos stay full-length.
Cross-product cap (256) reached for toponym 'South Malling' — capped per-word options (was [11, 88], now [11, 23]) so all combos stay full-length.
Cross-product cap (256) reached for toponym 'South Marefield' — capped per-word options (was [11, 30], now [11, 23]) so all combos stay full-length.
Cross-product cap (256) reached for toponym 'South Merstham' — capped per-word options (was [11, 69], now [11, 23]) so all combos stay full-length.
Cross-product cap (256) reached for toponym 'South Milton' — capped per-word options (was [11, 49], now [11, 23]) so all combos stay full-length.
Cross-product cap (256) reached for toponym 'South Moreton' — capped per-word options (was [11, 56], now [11, 23]) so all combos stay full-length.
Cross-product cap (256) reached for toponym 'South Newington' — capped per-word options (was [11, 112], now [11, 23]) so all combos stay full-length.
Cross-product cap (256) reached for toponym 'South Newton' — capped per-word options (was [11, 28], now [11, 23]) so all combos stay full-length.
Cross-product cap (256) reached for toponym 'South Newton' — capped per-word options (was [11, 28], now [11, 23]) so all combos stay full-length.
Cross-product cap (256) reached for toponym 'South Normanton' — capped per-word options (was [11, 154], now [11, 23]) so all combos stay full-length.
Cross-product cap (256) reached for toponym 'South Ockendon' — capped per-word options (was [11, 90], now [11, 23]) so all combos stay full-length.
Cross-product cap (256) reached for toponym 'South Ordsall' — capped per-word options (was [11, 81], now [11, 23]) so all combos stay full-length.
Cross-product cap (256) reached for toponym 'South Ormsby' — capped per-word options (was [11, 36], now [11, 23]) so all combos stay full-length.
Cross-product cap (256) reached for toponym 'South Otterington' — capped per-word options (was [11, 238], now [11, 23]) so all combos stay full-length.
Cross-product cap (256) reached for toponym 'South Owersby' — capped per-word options (was [11, 90], now [11, 23]) so all combos stay full-length.
Cross-product cap (256) reached for toponym 'South Petherton' — capped per-word options (was [11, 28], now [11, 23]) so all combos stay full-length.
Cross-product cap (256) reached for toponym 'South Pickenham' — capped per-word options (was [11, 24], now [11, 23]) so all combos stay full-length.
Cross-product cap (256) reached for toponym 'South Ponshall' — capped per-word options (was [11, 39], now [11, 23]) so all combos stay full-length.
Cross-product cap (256) reached for toponym 'South Raynham' — capped per-word options (was [11, 48], now [11, 23]) so all combos stay full-length.
Cross-product cap (256) reached for toponym 'South Somercotes' — capped per-word options (was [11, 60], now [11, 23]) so all combos stay full-length.
Cross-product cap (256) reached for toponym 'South Stainley' — capped per-word options (was [11, 90], now [11, 23]) so all combos stay full-length.
Cross-product cap (256) reached for toponym 'South Stoneham' — capped per-word options (was [11, 88], now [11, 23]) so all combos stay full-length.
Cross-product cap (256) reached for toponym 'South Walsham' — capped per-word options (was [11, 40], now [11, 23]) so all combos stay full-length.
Cross-product cap (256) reached for toponym 'South Warnborough' — capped per-word options (was [11, 55], now [11, 23]) so all combos stay full-length.
Cross-product cap (256) reached for toponym 'South Weston' — capped per-word options (was [11, 39], now [11, 23]) so all combos stay full-length.
Cross-product cap (256) reached for toponym 'South Weston' — capped per-word options (was [11, 39], now [11, 23]) so all combos stay full-length.
Cross-product cap (256) reached for toponym 'South Wilderton' — capped per-word options (was [11, 56], now [11, 23]) so all combos stay full-length.
Cross-product cap (256) reached for toponym 'South Willingham' — capped per-word options (was [11, 240], now [11, 23]) so all combos stay full-length.
Cross-product cap (256) reached for toponym 'South Wingfield' — capped per-word options (was [11, 24], now [11, 23]) so all combos stay full-length.
Cross-product cap (256) reached for toponym 'South Witham' — capped per-word options (was [11, 41], now [11, 23]) so all combos stay full-length.
Cross-product cap (256) reached for toponym 'South Witham' — capped per-word options (was [11, 41], now [11, 23]) so all combos stay full-length.
Cross-product cap (256) reached for toponym 'Southampton' — capped per-word options (was [267], now [256]) so all combos stay full-length.
Cross-product cap (256) reached for toponym 'Southminster' — capped per-word options (was [1024], now [256]) so all combos stay full-length.
Cross-product cap (256) reached for toponym 'Sowerby Hall' — capped per-word options (was [90, 17], now [16, 16]) so all combos stay full-length.
Cross-product cap (256) reached for toponym 'Sowerby under Cotcliffe' — capped per-word options (was [90, 4, 3], now [21, 4, 3]) so all combos stay full-length.
Cross-product cap (256) reached for toponym 'Spurway Barton' — capped per-word options (was [6, 70], now [6, 42]) so all combos stay full-length.
Cross-product cap (256) reached for toponym "St Margaret's" — capped per-word options (was [3, 160], now [3, 85]) so all combos stay full-length.
Cross-product cap (256) reached for toponym "St Margaret's at Cliffe" — capped per-word options (was [3, 160, 2, 3], now [3, 14, 2, 3]) so all combos stay full-length.
Cross-product cap (256) reached for toponym 'St Margarets at Cliffe' — capped per-word options (was [3, 80, 2, 3], now [3, 14, 2, 3]) so all combos stay full-length.
Cross-product cap (256) reached for toponym 'St Mary Cray' — capped per-word options (was [3, 48, 5], now [3, 17, 5]) so all combos stay full-length.
Cross-product cap (256) reached for toponym 'St Mary Hoo' — capped per-word options (was [3, 48, 2], now [3, 42, 2]) so all combos stay full-length.
Cross-product cap (256) reached for toponym "St Michael's on Wyre" — capped per-word options (was [3, 8, 4, 3], now [3, 7, 4, 3]) so all combos stay full-length.
Cross-product cap (256) reached for toponym 'St Michaels Burton' — capped per-word options (was [3, 4, 22], now [3, 4, 21]) so all combos stay full-length.
Cross-product cap (256) reached for toponym 'St Stephens-by-Launceston' — capped per-word options (was [3, 714], now [3, 85]) so all combos stay full-length.
Cross-product cap (256) reached for toponym 'Stainborough Castle' — capped per-word options (was [30, 14], now [18, 14]) so all combos stay full-length.
Cross-product cap (256) reached for toponym 'Stainsby Hall' — capped per-word options (was [72, 17], now [16, 16]) so all combos stay full-length.
Cross-product cap (256) reached for toponym 'Stainton by Langworth' — capped per-word options (was [42, 7, 48], now [6, 6, 7]) so all combos stay full-length.
Cross-product cap (256) reached for toponym 'Stainton le Vale' — capped per-word options (was [42, 1, 7], now [36, 1, 7]) so all combos stay full-length.
Cross-product cap (256) reached for toponym 'Stainton-by-Langworth' — capped per-word options (was [1728], now [256]) so all combos stay full-length.
Cross-product cap (256) reached for toponym 'Stainton-le-Vale' — capped per-word options (was [432], now [256]) so all combos stay full-length.
Cross-product cap (256) reached for toponym 'Stalbridge Weston' — capped per-word options (was [24, 39], now [16, 16]) so all combos stay full-length.
Cross-product cap (256) reached for toponym 'Standen Chaworth' — capped per-word options (was [91, 18], now [16, 16]) so all combos stay full-length.
Cross-product cap (256) reached for toponym 'Stanford Dingley' — capped per-word options (was [110, 90], now [16, 16]) so all combos stay full-length.
Cross-product cap (256) reached for toponym 'Stanford Rivers' — capped per-word options (was [110, 6], now [42, 6]) so all combos stay full-length.
Cross-product cap (256) reached for toponym 'Stanford in the Vale' — capped per-word options (was [110, 3, 4, 7], now [4, 3, 4, 5]) so all combos stay full-length.
Cross-product cap (256) reached for toponym 'Stanford on Avon' — capped per-word options (was [110, 4, 5], now [12, 4, 5]) so all combos stay full-length.
Cross-product cap (256) reached for toponym 'Stanford on Avon' — capped per-word options (was [110, 4, 5], now [12, 4, 5]) so all combos stay full-length.
Cross-product cap (256) reached for toponym 'Stanford on Soar' — capped per-word options (was [110, 4, 15], now [8, 4, 8]) so all combos stay full-length.
Cross-product cap (256) reached for toponym 'Stanford on Teme' — capped per-word options (was [110, 4, 2], now [32, 4, 2]) so all combos stay full-length.
Cross-product cap (256) reached for toponym 'Stanley Pontlarge' — capped per-word options (was [165, 16], now [16, 16]) so all combos stay full-length.
Cross-product cap (256) reached for toponym 'Stanninghall' — capped per-word options (was [594], now [256]) so all combos stay full-length.
Cross-product cap (256) reached for toponym 'Stanstead Hall' — capped per-word options (was [36, 17], now [16, 16]) so all combos stay full-length.
Cross-product cap (256) reached for toponym 'Stansted Mountfitchet' — capped per-word options (was [25, 15], now [17, 15]) so all combos stay full-length.
Cross-product cap (256) reached for toponym 'Stanton Bury' — capped per-word options (was [77, 17], now [16, 16]) so all combos stay full-length.
Cross-product cap (256) reached for toponym 'Stanton Fitzwarren' — capped per-word options (was [77, 5], now [51, 5]) so all combos stay full-length.
Cross-product cap (256) reached for toponym 'Stanton Harcourt' — capped per-word options (was [77, 60], now [16, 16]) so all combos stay full-length.
Cross-product cap (256) reached for toponym 'Stanton Holdgate' — capped per-word options (was [77, 35], now [16, 16]) so all combos stay full-length.
Cross-product cap (256) reached for toponym 'Stanton Lacy' — capped per-word options (was [77, 4], now [64, 4]) so all combos stay full-length.
Cross-product cap (256) reached for toponym 'Stanton Long' — capped per-word options (was [77, 17], now [16, 16]) so all combos stay full-length.
Cross-product cap (256) reached for toponym 'Stanton Saint Bernard' — capped per-word options (was [77, 6, 42], now [6, 6, 7]) so all combos stay full-length.
Cross-product cap (256) reached for toponym 'Stanton Saint Gabriel' — capped per-word options (was [77, 6, 2], now [21, 6, 2]) so all combos stay full-length.
Cross-product cap (256) reached for toponym 'Stanton Saint Gabriels' — capped per-word options (was [77, 6, 1], now [42, 6, 1]) so all combos stay full-length.
Cross-product cap (256) reached for toponym 'Stanton Saint John' — capped per-word options (was [77, 6, 3], now [14, 6, 3]) so all combos stay full-length.
Cross-product cap (256) reached for toponym 'Stanton Saint Quintin' — capped per-word options (was [77, 6, 9], now [6, 6, 7]) so all combos stay full-length.
Cross-product cap (256) reached for toponym 'Stanton St Bernard' — capped per-word options (was [77, 3, 42], now [9, 3, 9]) so all combos stay full-length.
Cross-product cap (256) reached for toponym 'Stanton St Gabriel' — capped per-word options (was [77, 3, 2], now [42, 3, 2]) so all combos stay full-length.
Cross-product cap (256) reached for toponym 'Stanton St John' — capped per-word options (was [77, 3, 3], now [28, 3, 3]) so all combos stay full-length.
Cross-product cap (256) reached for toponym 'Stanton St Quintin' — capped per-word options (was [77, 3, 9], now [9, 3, 9]) so all combos stay full-length.
Cross-product cap (256) reached for toponym 'Stanton by Bridge' — capped per-word options (was [77, 7, 11], now [6, 6, 7]) so all combos stay full-length.
Cross-product cap (256) reached for toponym 'Stanton by Dale' — capped per-word options (was [77, 7, 12], now [6, 6, 7]) so all combos stay full-length.
Cross-product cap (256) reached for toponym 'Stanton in Peak' — capped per-word options (was [77, 3, 3], now [28, 3, 3]) so all combos stay full-length.
Cross-product cap (256) reached for toponym 'Stanton on the Wolds' — capped per-word options (was [77, 4, 4, 6], now [4, 4, 4, 4]) so all combos stay full-length.
Cross-product cap (256) reached for toponym 'Stanton under Bardon' — capped per-word options (was [77, 4, 100], now [8, 4, 8]) so all combos stay full-length.
Cross-product cap (256) reached for toponym 'Stanton upon Hine Heath' — capped per-word options (was [77, 9, 2, 2], now [8, 8, 2, 2]) so all combos stay full-length.
Cross-product cap (256) reached for toponym 'Stanton-by-Bridge' — capped per-word options (was [1056], now [256]) so all combos stay full-length.
Cross-product cap (256) reached for toponym 'Stanton-by-Dale' — capped per-word options (was [924], now [256]) so all combos stay full-length.
Cross-product cap (256) reached for toponym 'Stanton-on-the-Wolds' — capped per-word options (was [264], now [256]) so all combos stay full-length.
Cross-product cap (256) reached for toponym 'Stanton-under-Bardon' — capped per-word options (was [5280], now [256]) so all combos stay full-length.
Cross-product cap (256) reached for toponym 'Stanton-upon-Hine-Heath' — capped per-word options (was [264], now [256]) so all combos stay full-length.
Cross-product cap (256) reached for toponym 'Stantonbury' — capped per-word options (was [594], now [256]) so all combos stay full-length.
Cross-product cap (256) reached for toponym 'Stanwardine in the Fields' — capped per-word options (was [88, 3, 4, 3], now [7, 3, 4, 3]) so all combos stay full-length.
Cross-product cap (256) reached for toponym 'Stanwardine-in-the-Fields' — capped per-word options (was [528], now [256]) so all combos stay full-length.
Cross-product cap (256) reached for toponym 'Stapleford Abbotts' — capped per-word options (was [90, 6], now [42, 6]) so all combos stay full-length.
Cross-product cap (256) reached for toponym 'Stapleford Tawney' — capped per-word options (was [90, 6], now [42, 6]) so all combos stay full-length.
Cross-product cap (256) reached for toponym 'Staunton Harold' — capped per-word options (was [21, 60], now [16, 16]) so all combos stay full-length.
Cross-product cap (256) reached for toponym 'Staunton in the Vale' — capped per-word options (was [21, 3, 4, 7], now [4, 3, 4, 5]) so all combos stay full-length.
Cross-product cap (256) reached for toponym 'Staunton on Arrow' — capped per-word options (was [21, 4, 45], now [8, 4, 8]) so all combos stay full-length.
Cross-product cap (256) reached for toponym 'Staunton-on-Arrow' — capped per-word options (was [1296], now [256]) so all combos stay full-length.
Cross-product cap (256) reached for toponym 'Stebbingford House' — capped per-word options (was [120, 4], now [64, 4]) so all combos stay full-length.
Cross-product cap (256) reached for toponym 'Steeple Barton' — capped per-word options (was [4, 70], now [4, 64]) so all combos stay full-length.
Cross-product cap (256) reached for toponym 'Steeple Langford' — capped per-word options (was [4, 80], now [4, 64]) so all combos stay full-length.
Cross-product cap (256) reached for toponym 'Steeton Hall' — capped per-word options (was [28, 17], now [16, 16]) so all combos stay full-length.
Cross-product cap (256) reached for toponym 'Stevington End' — capped per-word options (was [84, 5], now [51, 5]) so all combos stay full-length.
Cross-product cap (256) reached for toponym 'Stocklinch Ottersey' — capped per-word options (was [15, 65], now [15, 17]) so all combos stay full-length.
Cross-product cap (256) reached for toponym 'Stocklinch Saint Magdalen' — capped per-word options (was [15, 6, 12], now [6, 6, 7]) so all combos stay full-length.
Cross-product cap (256) reached for toponym 'Stocklinch St Magdalen' — capped per-word options (was [15, 3, 12], now [9, 3, 9]) so all combos stay full-length.
Cross-product cap (256) reached for toponym 'Stockton on the Forest' — capped per-word options (was [21, 4, 4, 16], now [4, 4, 4, 4]) so all combos stay full-length.
Cross-product cap (256) reached for toponym 'Stoke Albany' — capped per-word options (was [5, 72], now [5, 51]) so all combos stay full-length.
Cross-product cap (256) reached for toponym 'Stoke Holy Cross' — capped per-word options (was [5, 29, 7], now [5, 7, 7]) so all combos stay full-length.
Cross-product cap (256) reached for toponym 'Stoke Newington' — capped per-word options (was [5, 112], now [5, 51]) so all combos stay full-length.
Cross-product cap (256) reached for toponym 'Stoke Saint Mary' — capped per-word options (was [5, 6, 48], now [5, 6, 8]) so all combos stay full-length.
Cross-product cap (256) reached for toponym 'Stoke Saint Milborough' — capped per-word options (was [5, 6, 35], now [5, 6, 8]) so all combos stay full-length.
Cross-product cap (256) reached for toponym 'Stoke St Mary' — capped per-word options (was [5, 3, 48], now [5, 3, 17]) so all combos stay full-length.
Cross-product cap (256) reached for toponym 'Stoke St Milborough' — capped per-word options (was [5, 3, 35], now [5, 3, 17]) so all combos stay full-length.
Cross-product cap (256) reached for toponym 'Stoke by Nayland' — capped per-word options (was [5, 7, 44], now [5, 7, 7]) so all combos stay full-length.
Cross-product cap (256) reached for toponym 'Stoke upon Trent' — capped per-word options (was [5, 9, 7], now [5, 7, 7]) so all combos stay full-length.
Cross-product cap (256) reached for toponym 'Stoke-by-Nayland' — capped per-word options (was [440], now [256]) so all combos stay full-length.
Cross-product cap (256) reached for toponym 'Stoke-sub-Hamdon' — capped per-word options (was [300], now [256]) so all combos stay full-length.
Cross-product cap (256) reached for toponym 'Stone Allerton' — capped per-word options (was [14, 140], now [14, 18]) so all combos stay full-length.
Cross-product cap (256) reached for toponym 'Stoneley Green' — capped per-word options (was [165, 6], now [42, 6]) so all combos stay full-length.
Cross-product cap (256) reached for toponym 'Stoney Middleton' — capped per-word options (was [57, 95], now [16, 16]) so all combos stay full-length.
Cross-product cap (256) reached for toponym 'Stoney Stanton' — capped per-word options (was [57, 77], now [16, 16]) so all combos stay full-length.
Cross-product cap (256) reached for toponym 'Stoney Stoke' — capped per-word options (was [57, 5], now [51, 5]) so all combos stay full-length.
Cross-product cap (256) reached for toponym 'Stonton Wyville' — capped per-word options (was [70, 9], now [28, 9]) so all combos stay full-length.
Cross-product cap (256) reached for toponym 'Stony Houghton' — capped per-word options (was [40, 7], now [36, 7]) so all combos stay full-length.
Cross-product cap (256) reached for toponym 'Stony Littleton' — capped per-word options (was [40, 29], now [16, 16]) so all combos stay full-length.
Cross-product cap (256) reached for toponym 'Stony Middleton' — capped per-word options (was [40, 95], now [16, 16]) so all combos stay full-length.
Cross-product cap (256) reached for toponym 'Stow Bedon' — capped per-word options (was [23, 24], now [16, 16]) so all combos stay full-length.
Cross-product cap (256) reached for toponym 'Stow Maries' — capped per-word options (was [23, 20], now [16, 16]) so all combos stay full-length.
Cross-product cap (256) reached for toponym 'Stow Saint Mary' — capped per-word options (was [23, 6, 48], now [6, 6, 7]) so all combos stay full-length.
Cross-product cap (256) reached for toponym 'Stow St Mary' — capped per-word options (was [23, 3, 48], now [9, 3, 9]) so all combos stay full-length.
Cross-product cap (256) reached for toponym 'Stow on the Wold' — capped per-word options (was [23, 4, 4, 5], now [4, 4, 4, 4]) so all combos stay full-length.
Cross-product cap (256) reached for toponym 'Stratfield Mortimer' — capped per-word options (was [9, 64], now [9, 28]) so all combos stay full-length.
Cross-product cap (256) reached for toponym 'Stratfield Mortimer' — capped per-word options (was [9, 64], now [9, 28]) so all combos stay full-length.
Cross-product cap (256) reached for toponym 'Stratford Saint Andrew' — capped per-word options (was [30, 6, 7], now [6, 6, 7]) so all combos stay full-length.
Cross-product cap (256) reached for toponym 'Stratford Saint Mary' — capped per-word options (was [30, 6, 48], now [6, 6, 7]) so all combos stay full-length.
Cross-product cap (256) reached for toponym 'Stratford St Andrew' — capped per-word options (was [30, 3, 7], now [12, 3, 7]) so all combos stay full-length.
Cross-product cap (256) reached for toponym 'Stratford St Mary' — capped per-word options (was [30, 3, 48], now [9, 3, 9]) so all combos stay full-length.
Cross-product cap (256) reached for toponym 'Stratford Tony' — capped per-word options (was [30, 28], now [16, 16]) so all combos stay full-length.
Cross-product cap (256) reached for toponym 'Stratford upon Avon' — capped per-word options (was [30, 9, 5], now [7, 7, 5]) so all combos stay full-length.
Cross-product cap (256) reached for toponym 'Stratton Audley' — capped per-word options (was [21, 30], now [16, 16]) so all combos stay full-length.
Cross-product cap (256) reached for toponym 'Stratton Saint Margaret' — capped per-word options (was [21, 6, 160], now [6, 6, 7]) so all combos stay full-length.
Cross-product cap (256) reached for toponym 'Stratton Saint Mary' — capped per-word options (was [21, 6, 48], now [6, 6, 7]) so all combos stay full-length.
Cross-product cap (256) reached for toponym 'Stratton Saint Michael' — capped per-word options (was [21, 6, 5], now [8, 6, 5]) so all combos stay full-length.
Cross-product cap (256) reached for toponym 'Stratton St Margaret' — capped per-word options (was [21, 3, 160], now [9, 3, 9]) so all combos stay full-length.
Cross-product cap (256) reached for toponym 'Stratton St Mary' — capped per-word options (was [21, 3, 48], now [9, 3, 9]) so all combos stay full-length.
Cross-product cap (256) reached for toponym 'Stratton St Michael' — capped per-word options (was [21, 3, 5], now [17, 3, 5]) so all combos stay full-length.
Cross-product cap (256) reached for toponym 'Stratton Strawless' — capped per-word options (was [21, 18], now [16, 16]) so all combos stay full-length.
Cross-product cap (256) reached for toponym 'Stratton on the Fosse' — capped per-word options (was [21, 4, 4, 1], now [16, 4, 4, 1]) so all combos stay full-length.
Cross-product cap (256) reached for toponym 'Stretton Baskerville' — capped per-word options (was [21, 57], now [16, 16]) so all combos stay full-length.
Cross-product cap (256) reached for toponym 'Stretton Grandison' — capped per-word options (was [21, 28], now [16, 16]) so all combos stay full-length.
Cross-product cap (256) reached for toponym 'Stretton on Dunsmore' — capped per-word options (was [21, 4, 231], now [8, 4, 8]) so all combos stay full-length.
Cross-product cap (256) reached for toponym 'Stretton-en-le-Field' — capped per-word options (was [324], now [256]) so all combos stay full-length.
Cross-product cap (256) reached for toponym 'Stretton-en-le-Field' — capped per-word options (was [324], now [256]) so all combos stay full-length.
Cross-product cap (256) reached for toponym 'Stretton-on-Dunsmore' — capped per-word options (was [1512], now [256]) so all combos stay full-length.
Cross-product cap (256) reached for toponym 'Strickland Roger' — capped per-word options (was [33, 12], now [21, 12]) so all combos stay full-length.
Cross-product cap (256) reached for toponym 'Studley Roger' — capped per-word options (was [45, 12], now [21, 12]) so all combos stay full-length.
Cross-product cap (256) reached for toponym 'Studley Royal' — capped per-word options (was [45, 7], now [36, 7]) so all combos stay full-length.
Cross-product cap (256) reached for toponym 'Sturminster' — capped per-word options (was [384], now [256]) so all combos stay full-length.
Cross-product cap (256) reached for toponym 'Sturminster Marshall' — capped per-word options (was [384, 176], now [16, 16]) so all combos stay full-length.
Cross-product cap (256) reached for toponym 'Sturminster Newton' — capped per-word options (was [384, 28], now [16, 16]) so all combos stay full-length.
Cross-product cap (256) reached for toponym 'Sturston Hall' — capped per-word options (was [51, 17], now [16, 16]) so all combos stay full-length.
Cross-product cap (256) reached for toponym 'Sturton by Stow' — capped per-word options (was [21, 7, 23], now [6, 6, 7]) so all combos stay full-length.
Cross-product cap (256) reached for toponym 'Sturton-by-Stow' — capped per-word options (was [540], now [256]) so all combos stay full-length.
Cross-product cap (256) reached for toponym 'Sutton Bassett' — capped per-word options (was [14, 54], now [14, 18]) so all combos stay full-length.
Cross-product cap (256) reached for toponym 'Sutton Bingham' — capped per-word options (was [14, 34], now [14, 18]) so all combos stay full-length.
Cross-product cap (256) reached for toponym 'Sutton Bonington' — capped per-word options (was [14, 112], now [14, 18]) so all combos stay full-length.
Cross-product cap (256) reached for toponym 'Sutton Cheney' — capped per-word options (was [14, 26], now [14, 18]) so all combos stay full-length.
Cross-product cap (256) reached for toponym 'Sutton Coldfield' — capped per-word options (was [14, 33], now [14, 18]) so all combos stay full-length.
Cross-product cap (256) reached for toponym 'Sutton Courtenay' — capped per-word options (was [14, 42], now [14, 18]) so all combos stay full-length.
Cross-product cap (256) reached for toponym 'Sutton Mallet' — capped per-word options (was [14, 47], now [14, 18]) so all combos stay full-length.
Cross-product cap (256) reached for toponym 'Sutton Mandeville' — capped per-word options (was [14, 30], now [14, 18]) so all combos stay full-length.
Cross-product cap (256) reached for toponym 'Sutton Saint Michael' — capped per-word options (was [14, 6, 5], now [8, 6, 5]) so all combos stay full-length.
Cross-product cap (256) reached for toponym 'Sutton Saint Nicholas' — capped per-word options (was [14, 6, 8], now [6, 6, 7]) so all combos stay full-length.
Cross-product cap (256) reached for toponym 'Sutton Scarsdale' — capped per-word options (was [14, 56], now [14, 18]) so all combos stay full-length.
Cross-product cap (256) reached for toponym 'Sutton St Nicholas' — capped per-word options (was [14, 3, 8], now [10, 3, 8]) so all combos stay full-length.
Cross-product cap (256) reached for toponym 'Sutton by Guildford' — capped per-word options (was [14, 7, 20], now [6, 6, 7]) so all combos stay full-length.
Cross-product cap (256) reached for toponym 'Sutton by Retford' — capped per-word options (was [14, 7, 20], now [6, 6, 7]) so all combos stay full-length.
Cross-product cap (256) reached for toponym 'Sutton by Shere' — capped per-word options (was [14, 7, 5], now [7, 7, 5]) so all combos stay full-length.
Cross-product cap (256) reached for toponym 'Sutton in Ashfield' — capped per-word options (was [14, 3, 12], now [9, 3, 9]) so all combos stay full-length.
Cross-product cap (256) reached for toponym 'Sutton in the Elms' — capped per-word options (was [14, 3, 4, 8], now [4, 3, 4, 5]) so all combos stay full-length.
Cross-product cap (256) reached for toponym 'Sutton on Trent' — capped per-word options (was [14, 4, 7], now [9, 4, 7]) so all combos stay full-length.
Cross-product cap (256) reached for toponym 'Sutton on the Forest' — capped per-word options (was [14, 4, 4, 16], now [4, 4, 4, 4]) so all combos stay full-length.
Cross-product cap (256) reached for toponym 'Sutton on the Hill' — capped per-word options (was [14, 4, 4, 9], now [4, 4, 4, 4]) so all combos stay full-length.
Cross-product cap (256) reached for toponym 'Sutton under Brailes' — capped per-word options (was [14, 4, 7], now [9, 4, 7]) so all combos stay full-length.
Cross-product cap (256) reached for toponym 'Sutton under Brailes' — capped per-word options (was [14, 4, 7], now [9, 4, 7]) so all combos stay full-length.
Cross-product cap (256) reached for toponym 'Sutton under Whitestone Cliffe' — capped per-word options (was [14, 4, 96, 3], now [4, 4, 5, 3]) so all combos stay full-length.
Cross-product cap (256) reached for toponym 'Sutton upon Derwent' — capped per-word options (was [14, 9, 6], now [6, 7, 6]) so all combos stay full-length.
Cross-product cap (256) reached for toponym 'Sutton-le-Marsh' — capped per-word options (was [432], now [256]) so all combos stay full-length.
Cross-product cap (256) reached for toponym 'Sutton-under-Whitestone-Cliffe' — capped per-word options (was [1080], now [256]) so all combos stay full-length.
Cross-product cap (256) reached for toponym 'Swanton Morley' — capped per-word options (was [21, 120], now [16, 16]) so all combos stay full-length.
Cross-product cap (256) reached for toponym 'Sydenham Damerel' — capped per-word options (was [80, 5], now [51, 5]) so all combos stay full-length.
Cross-product cap (256) reached for toponym 'Sydling Saint Nicholas' — capped per-word options (was [16, 6, 8], now [6, 6, 7]) so all combos stay full-length.
Cross-product cap (256) reached for toponym 'Sydling St Nicholas' — capped per-word options (was [16, 3, 8], now [10, 3, 8]) so all combos stay full-length.
Cross-product cap (256) reached for toponym 'Symonds Hall' — capped per-word options (was [16, 17], now [16, 16]) so all combos stay full-length.
Cross-product cap (256) reached for toponym 'Tachbrook Mallory' — capped per-word options (was [8, 66], now [8, 32]) so all combos stay full-length.
Cross-product cap (256) reached for toponym 'Tallington' — capped per-word options (was [294], now [256]) so all combos stay full-length.
Cross-product cap (256) reached for toponym 'Tarrant Crawford' — capped per-word options (was [28, 10], now [25, 10]) so all combos stay full-length.
Cross-product cap (256) reached for toponym 'Tarrant Hinton' — capped per-word options (was [28, 14], now [18, 14]) so all combos stay full-length.
Cross-product cap (256) reached for toponym 'Tarrant Keyneston' — capped per-word options (was [28, 34], now [16, 16]) so all combos stay full-length.
Cross-product cap (256) reached for toponym 'Tarrant Launceston' — capped per-word options (was [28, 17], now [16, 16]) so all combos stay full-length.
Cross-product cap (256) reached for toponym 'Tarrant Monkton' — capped per-word options (was [28, 56], now [16, 16]) so all combos stay full-length.
Cross-product cap (256) reached for toponym 'Tarrant Rawston' — capped per-word options (was [28, 30], now [16, 16]) so all combos stay full-length.
Cross-product cap (256) reached for toponym 'Tedburn Saint Mary' — capped per-word options (was [3, 6, 48], now [3, 6, 14]) so all combos stay full-length.
Cross-product cap (256) reached for toponym 'Tedburn St Mary' — capped per-word options (was [3, 3, 48], now [3, 3, 28]) so all combos stay full-length.
Cross-product cap (256) reached for toponym 'Temple Dinsley' — capped per-word options (was [5, 94], now [5, 51]) so all combos stay full-length.
Cross-product cap (256) reached for toponym 'Temple Normanton' — capped per-word options (was [5, 154], now [5, 51]) so all combos stay full-length.
Cross-product cap (256) reached for toponym 'Terrington Saint Clement' — capped per-word options (was [42, 6, 18], now [6, 6, 7]) so all combos stay full-length.
Cross-product cap (256) reached for toponym 'Terrington Saint John' — capped per-word options (was [42, 6, 3], now [14, 6, 3]) so all combos stay full-length.
Cross-product cap (256) reached for toponym 'Terrington St Clement' — capped per-word options (was [42, 3, 18], now [9, 3, 9]) so all combos stay full-length.
Cross-product cap (256) reached for toponym 'Terrington St John' — capped per-word options (was [42, 3, 3], now [28, 3, 3]) so all combos stay full-length.
Cross-product cap (256) reached for toponym 'Theddlethorpe All Saints' — capped per-word options (was [27, 12, 5], now [7, 7, 5]) so all combos stay full-length.
Cross-product cap (256) reached for toponym 'Theddlethorpe Saint Helen' — capped per-word options (was [27, 6, 3], now [14, 6, 3]) so all combos stay full-length.
Cross-product cap (256) reached for toponym 'Theydon Garnon' — capped per-word options (was [60, 56], now [16, 16]) so all combos stay full-length.
Cross-product cap (256) reached for toponym 'Theydon Mount' — capped per-word options (was [60, 6], now [42, 6]) so all combos stay full-length.
Cross-product cap (256) reached for toponym 'Thirkleby Manor' — capped per-word options (was [18, 30], now [16, 16]) so all combos stay full-length.
Cross-product cap (256) reached for toponym 'Thorne Saint Margaret' — capped per-word options (was [4, 6, 160], now [4, 6, 10]) so all combos stay full-length.
Cross-product cap (256) reached for toponym 'Thorne St Margaret' — capped per-word options (was [4, 3, 160], now [4, 3, 21]) so all combos stay full-length.
Cross-product cap (256) reached for toponym 'Thornham Magna' — capped per-word options (was [32, 10], now [25, 10]) so all combos stay full-length.
Cross-product cap (256) reached for toponym 'Thornton Bridge' — capped per-word options (was [28, 11], now [23, 11]) so all combos stay full-length.
Cross-product cap (256) reached for toponym 'Thornton Dale' — capped per-word options (was [28, 12], now [21, 12]) so all combos stay full-length.
Cross-product cap (256) reached for toponym 'Thornton Steward' — capped per-word options (was [28, 18], now [16, 16]) so all combos stay full-length.
Cross-product cap (256) reached for toponym 'Thornton in Lonsdale' — capped per-word options (was [28, 3, 21], now [9, 3, 9]) so all combos stay full-length.
Cross-product cap (256) reached for toponym 'Thornton le Moors' — capped per-word options (was [28, 1, 10], now [25, 1, 10]) so all combos stay full-length.
Cross-product cap (256) reached for toponym 'Thornton-in-Lonsdale' — capped per-word options (was [1008], now [256]) so all combos stay full-length.
Cross-product cap (256) reached for toponym 'Thornton-le-Beans' — capped per-word options (was [288], now [256]) so all combos stay full-length.
Cross-product cap (256) reached for toponym 'Thornton-le-Clay' — capped per-word options (was [432], now [256]) so all combos stay full-length.
Cross-product cap (256) reached for toponym 'Thornton-le-Moor' — capped per-word options (was [360], now [256]) so all combos stay full-length.
Cross-product cap (256) reached for toponym 'Thornton-le-Moor' — capped per-word options (was [360], now [256]) so all combos stay full-length.
Cross-product cap (256) reached for toponym 'Thornton-le-Moors' — capped per-word options (was [504], now [256]) so all combos stay full-length.
Cross-product cap (256) reached for toponym 'Thornton-le-Street' — capped per-word options (was [360], now [256]) so all combos stay full-length.
Cross-product cap (256) reached for toponym 'Thorpe by Newark' — capped per-word options (was [3, 7, 16], now [3, 7, 12]) so all combos stay full-length.
Cross-product cap (256) reached for toponym 'Thorpe by Water' — capped per-word options (was [3, 7, 13], now [3, 7, 12]) so all combos stay full-length.
Cross-product cap (256) reached for toponym 'Thorpe by Water' — capped per-word options (was [3, 7, 13], now [3, 7, 12]) so all combos stay full-length.
Cross-product cap (256) reached for toponym 'Thorpe on the Hill' — capped per-word options (was [3, 4, 4, 9], now [3, 4, 4, 5]) so all combos stay full-length.
Cross-product cap (256) reached for toponym 'Thorpe on the Hill' — capped per-word options (was [3, 4, 4, 9], now [3, 4, 4, 5]) so all combos stay full-length.
Cross-product cap (256) reached for toponym 'Thunderley Hall' — capped per-word options (was [30, 17], now [16, 16]) so all combos stay full-length.
Cross-product cap (256) reached for toponym 'Tilmanstone' — capped per-word options (was [288], now [256]) so all combos stay full-length.
Cross-product cap (256) reached for toponym 'Tilstone Fearnall' — capped per-word options (was [24, 50], now [16, 16]) so all combos stay full-length.
Cross-product cap (256) reached for toponym 'Tilton on the Hill' — capped per-word options (was [14, 4, 4, 9], now [4, 4, 4, 4]) so all combos stay full-length.
Cross-product cap (256) reached for toponym 'Tivetshall Saint Margaret' — capped per-word options (was [26, 6, 160], now [6, 6, 7]) so all combos stay full-length.
Cross-product cap (256) reached for toponym 'Tivetshall Saint Mary' — capped per-word options (was [26, 6, 48], now [6, 6, 7]) so all combos stay full-length.
Cross-product cap (256) reached for toponym 'Tivetshall St Margaret' — capped per-word options (was [26, 3, 160], now [9, 3, 9]) so all combos stay full-length.
Cross-product cap (256) reached for toponym 'Tivetshall St Mary' — capped per-word options (was [26, 3, 48], now [9, 3, 9]) so all combos stay full-length.
Cross-product cap (256) reached for toponym 'Toynton All Saints' — capped per-word options (was [14, 12, 5], now [7, 7, 5]) so all combos stay full-length.
Cross-product cap (256) reached for toponym 'Toynton Saint Peter' — capped per-word options (was [14, 6, 9], now [6, 6, 7]) so all combos stay full-length.
Cross-product cap (256) reached for toponym 'Toynton St Peter' — capped per-word options (was [14, 3, 9], now [9, 3, 9]) so all combos stay full-length.
Cross-product cap (256) reached for toponym "Treble's Holford" — capped per-word options (was [40, 70], now [16, 16]) so all combos stay full-length.
Cross-product cap (256) reached for toponym 'Trebles Holford' — capped per-word options (was [40, 70], now [16, 16]) so all combos stay full-length.
Cross-product cap (256) reached for toponym 'Trimley Saint Martin' — capped per-word options (was [30, 6, 34], now [6, 6, 7]) so all combos stay full-length.
Cross-product cap (256) reached for toponym 'Trimley Saint Mary' — capped per-word options (was [30, 6, 48], now [6, 6, 7]) so all combos stay full-length.
Cross-product cap (256) reached for toponym 'Trimley St Martin' — capped per-word options (was [30, 3, 34], now [9, 3, 9]) so all combos stay full-length.
Cross-product cap (256) reached for toponym 'Trimley St Mary' — capped per-word options (was [30, 3, 48], now [9, 3, 9]) so all combos stay full-length.
Cross-product cap (256) reached for toponym 'Tydd Saint Mary' — capped per-word options (was [2, 6, 48], now [2, 6, 21]) so all combos stay full-length.
Cross-product cap (256) reached for toponym 'Tydd St Mary' — capped per-word options (was [2, 3, 48], now [2, 3, 42]) so all combos stay full-length.
Cross-product cap (256) reached for toponym "Uleham's Farm" — capped per-word options (was [36, 11], now [23, 11]) so all combos stay full-length.
Cross-product cap (256) reached for toponym 'Ulverley Green' — capped per-word options (was [45, 6], now [42, 6]) so all combos stay full-length.
Cross-product cap (256) reached for toponym 'Up Holland' — capped per-word options (was [4, 77], now [4, 64]) so all combos stay full-length.
Cross-product cap (256) reached for toponym 'Up Marden' — capped per-word options (was [4, 80], now [4, 64]) so all combos stay full-length.
Cross-product cap (256) reached for toponym 'Upminster' — capped per-word options (was [512], now [256]) so all combos stay full-length.
Cross-product cap (256) reached for toponym 'Upper Appleford' — capped per-word options (was [18, 60], now [16, 16]) so all combos stay full-length.
Cross-product cap (256) reached for toponym 'Upper Arley' — capped per-word options (was [18, 75], now [16, 16]) so all combos stay full-length.
Cross-product cap (256) reached for toponym 'Upper Arley' — capped per-word options (was [18, 75], now [16, 16]) so all combos stay full-length.
Cross-product cap (256) reached for toponym 'Upper Arncott' — capped per-word options (was [18, 15], now [17, 15]) so all combos stay full-length.
Cross-product cap (256) reached for toponym 'Upper Bentley' — capped per-word options (was [18, 150], now [16, 16]) so all combos stay full-length.
Cross-product cap (256) reached for toponym 'Upper Berwick' — capped per-word options (was [18, 42], now [16, 16]) so all combos stay full-length.
Cross-product cap (256) reached for toponym 'Upper Boddington' — capped per-word options (was [18, 210], now [16, 16]) so all combos stay full-length.
Cross-product cap (256) reached for toponym 'Upper Broughton' — capped per-word options (was [18, 35], now [16, 16]) so all combos stay full-length.
Cross-product cap (256) reached for toponym 'Upper Bullington' — capped per-word options (was [18, 49], now [16, 16]) so all combos stay full-length.
Cross-product cap (256) reached for toponym 'Upper Burgate' — capped per-word options (was [18, 15], now [17, 15]) so all combos stay full-length.
Cross-product cap (256) reached for toponym 'Upper Burston' — capped per-word options (was [18, 37], now [16, 16]) so all combos stay full-length.
Cross-product cap (256) reached for toponym 'Upper Canterton' — capped per-word options (was [18, 70], now [16, 16]) so all combos stay full-length.
Cross-product cap (256) reached for toponym 'Upper Chancton' — capped per-word options (was [18, 42], now [16, 16]) so all combos stay full-length.
Cross-product cap (256) reached for toponym 'Upper Coberley' — capped per-word options (was [18, 45], now [16, 16]) so all combos stay full-length.
Cross-product cap (256) reached for toponym 'Upper Cowley' — capped per-word options (was [18, 15], now [17, 15]) so all combos stay full-length.
Cross-product cap (256) reached for toponym 'Upper Cranbourne' — capped per-word options (was [18, 24], now [16, 16]) so all combos stay full-length.
Cross-product cap (256) reached for toponym 'Upper Cumberworth' — capped per-word options (was [18, 36], now [16, 16]) so all combos stay full-length.
Cross-product cap (256) reached for toponym 'Upper Denby' — capped per-word options (was [18, 24], now [16, 16]) so all combos stay full-length.
Cross-product cap (256) reached for toponym 'Upper Dunsforth' — capped per-word options (was [18, 33], now [16, 16]) so all combos stay full-length.
Cross-product cap (256) reached for toponym 'Upper Dunsley' — capped per-word options (was [18, 173], now [16, 16]) so all combos stay full-length.
Cross-product cap (256) reached for toponym 'Upper Edenhope' — capped per-word options (was [18, 15], now [17, 15]) so all combos stay full-length.
Cross-product cap (256) reached for toponym 'Upper Ellastone' — capped per-word options (was [18, 48], now [16, 16]) so all combos stay full-length.
Cross-product cap (256) reached for toponym 'Upper Farringdon' — capped per-word options (was [18, 480], now [16, 16]) so all combos stay full-length.
Cross-product cap (256) reached for toponym 'Upper Halling' — capped per-word options (was [18, 56], now [16, 16]) so all combos stay full-length.
Cross-product cap (256) reached for toponym 'Upper Hambleton' — capped per-word options (was [18, 58], now [16, 16]) so all combos stay full-length.
Cross-product cap (256) reached for toponym 'Upper Hambleton' — capped per-word options (was [18, 58], now [16, 16]) so all combos stay full-length.
Cross-product cap (256) reached for toponym 'Upper Harcourt' — capped per-word options (was [18, 60], now [16, 16]) so all combos stay full-length.
Cross-product cap (256) reached for toponym 'Upper Hardres' — capped per-word options (was [18, 40], now [16, 16]) so all combos stay full-length.
Cross-product cap (256) reached for toponym 'Upper Harford' — capped per-word options (was [18, 200], now [16, 16]) so all combos stay full-length.
Cross-product cap (256) reached for toponym 'Upper Helmsley' — capped per-word options (was [18, 32], now [16, 16]) so all combos stay full-length.
Cross-product cap (256) reached for toponym 'Upper Heyford' — capped per-word options (was [18, 20], now [16, 16]) so all combos stay full-length.
Cross-product cap (256) reached for toponym 'Upper Heyford' — capped per-word options (was [18, 20], now [16, 16]) so all combos stay full-length.
Cross-product cap (256) reached for toponym 'Upper Kinsham' — capped per-word options (was [18, 40], now [16, 16]) so all combos stay full-length.
Cross-product cap (256) reached for toponym 'Upper Lemington' — capped per-word options (was [18, 98], now [16, 16]) so all combos stay full-length.
Cross-product cap (256) reached for toponym 'Upper Loxley' — capped per-word options (was [18, 15], now [17, 15]) so all combos stay full-length.
Cross-product cap (256) reached for toponym 'Upper Milcote' — capped per-word options (was [18, 35], now [16, 16]) so all combos stay full-length.
Cross-product cap (256) reached for toponym 'Upper Millichope' — capped per-word options (was [18, 44], now [16, 16]) so all combos stay full-length.
Cross-product cap (256) reached for toponym 'Upper Moorcroft' — capped per-word options (was [18, 16], now [16, 16]) so all combos stay full-length.
Cross-product cap (256) reached for toponym 'Upper Moreton' — capped per-word options (was [18, 56], now [16, 16]) so all combos stay full-length.
Cross-product cap (256) reached for toponym 'Upper Newbold' — capped per-word options (was [18, 20], now [16, 16]) so all combos stay full-length.
Cross-product cap (256) reached for toponym 'Upper Oddington' — capped per-word options (was [18, 105], now [16, 16]) so all combos stay full-length.
Cross-product cap (256) reached for toponym 'Upper Pilsley' — capped per-word options (was [18, 16], now [16, 16]) so all combos stay full-length.
Cross-product cap (256) reached for toponym 'Upper Pilsley' — capped per-word options (was [18, 16], now [16, 16]) so all combos stay full-length.
Cross-product cap (256) reached for toponym 'Upper Poppleton' — capped per-word options (was [18, 22], now [16, 16]) so all combos stay full-length.
Cross-product cap (256) reached for toponym 'Upper Quinton' — capped per-word options (was [18, 21], now [16, 16]) so all combos stay full-length.
Cross-product cap (256) reached for toponym 'Upper Quinton' — capped per-word options (was [18, 21], now [16, 16]) so all combos stay full-length.
Cross-product cap (256) reached for toponym 'Upper Redbrook' — capped per-word options (was [18, 16], now [16, 16]) so all combos stay full-length.
Cross-product cap (256) reached for toponym 'Upper Redbrook' — capped per-word options (was [18, 16], now [16, 16]) so all combos stay full-length.
Cross-product cap (256) reached for toponym 'Upper Rochford' — capped per-word options (was [18, 50], now [16, 16]) so all combos stay full-length.
Cross-product cap (256) reached for toponym 'Upper Rochford' — capped per-word options (was [18, 50], now [16, 16]) so all combos stay full-length.
Cross-product cap (256) reached for toponym 'Upper Siddington' — capped per-word options (was [18, 35], now [16, 16]) so all combos stay full-length.
Cross-product cap (256) reached for toponym 'Upper Stondon' — capped per-word options (was [18, 100], now [16, 16]) so all combos stay full-length.
Cross-product cap (256) reached for toponym 'Upper Swainswick' — capped per-word options (was [18, 28], now [16, 16]) so all combos stay full-length.
Cross-product cap (256) reached for toponym 'Upper Underley' — capped per-word options (was [18, 30], now [16, 16]) so all combos stay full-length.
Cross-product cap (256) reached for toponym 'Upper Watchingwell' — capped per-word options (was [18, 20], now [16, 16]) so all combos stay full-length.
Cross-product cap (256) reached for toponym 'Upper Welson' — capped per-word options (was [18, 56], now [16, 16]) so all combos stay full-length.
Cross-product cap (256) reached for toponym 'Upper Weston' — capped per-word options (was [18, 39], now [16, 16]) so all combos stay full-length.
Cross-product cap (256) reached for toponym 'Upper Wigmore' — capped per-word options (was [18, 21], now [16, 16]) so all combos stay full-length.
Cross-product cap (256) reached for toponym 'Upper Wilting' — capped per-word options (was [18, 16], now [16, 16]) so all combos stay full-length.
Cross-product cap (256) reached for toponym 'Upper Winchendon' — capped per-word options (was [18, 300], now [16, 16]) so all combos stay full-length.
Cross-product cap (256) reached for toponym 'Upper Wolverton' — capped per-word options (was [18, 63], now [16, 16]) so all combos stay full-length.
Cross-product cap (256) reached for toponym 'Upper Woolhampton' — capped per-word options (was [18, 45], now [16, 16]) so all combos stay full-length.
Cross-product cap (256) reached for toponym 'Upsall Hall' — capped per-word options (was [40, 17], now [16, 16]) so all combos stay full-length.
Cross-product cap (256) reached for toponym 'Upton Cressett' — capped per-word options (was [28, 18], now [16, 16]) so all combos stay full-length.
Cross-product cap (256) reached for toponym 'Upton Magna' — capped per-word options (was [28, 10], now [25, 10]) so all combos stay full-length.
Cross-product cap (256) reached for toponym 'Upton Saint Leonards' — capped per-word options (was [28, 6, 18], now [6, 6, 7]) so all combos stay full-length.
Cross-product cap (256) reached for toponym 'Upton Scudamore' — capped per-word options (was [28, 21], now [16, 16]) so all combos stay full-length.
Cross-product cap (256) reached for toponym 'Upton Snodsbury' — capped per-word options (was [28, 18], now [16, 16]) so all combos stay full-length.
Cross-product cap (256) reached for toponym 'Upton St Leonards' — capped per-word options (was [28, 3, 18], now [9, 3, 9]) so all combos stay full-length.
Cross-product cap (256) reached for toponym 'Upton Warren' — capped per-word options (was [28, 12], now [21, 12]) so all combos stay full-length.
Cross-product cap (256) reached for toponym 'Upton by Chester' — capped per-word options (was [28, 7, 19], now [6, 6, 7]) so all combos stay full-length.
Cross-product cap (256) reached for toponym 'Upton on Severn' — capped per-word options (was [28, 4, 3], now [21, 4, 3]) so all combos stay full-length.
Cross-product cap (256) reached for toponym 'Upton-by-Chester' — capped per-word options (was [912], now [256]) so all combos stay full-length.
Cross-product cap (256) reached for toponym 'Wainfleet All Saints' — capped per-word options (was [14, 12, 5], now [7, 7, 5]) so all combos stay full-length.
Cross-product cap (256) reached for toponym 'Wainfleet Saint Mary' — capped per-word options (was [14, 6, 48], now [6, 6, 7]) so all combos stay full-length.
Cross-product cap (256) reached for toponym 'Wainfleet St Mary' — capped per-word options (was [14, 3, 48], now [9, 3, 9]) so all combos stay full-length.
Cross-product cap (256) reached for toponym 'Walkeringham' — capped per-word options (was [640], now [256]) so all combos stay full-length.
Cross-product cap (256) reached for toponym 'Walkingham' — capped per-word options (was [295], now [256]) so all combos stay full-length.
Cross-product cap (256) reached for toponym 'Walkingham Hill' — capped per-word options (was [295, 9], now [28, 9]) so all combos stay full-length.
Cross-product cap (256) reached for toponym 'Wallingford' — capped per-word options (was [350], now [256]) so all combos stay full-length.
Cross-product cap (256) reached for toponym 'Wallingford' — capped per-word options (was [350], now [256]) so all combos stay full-length.
Cross-product cap (256) reached for toponym 'Walpole Saint Peter' — capped per-word options (was [5, 6, 9], now [5, 6, 8]) so all combos stay full-length.
Cross-product cap (256) reached for toponym 'Walter Hall' — capped per-word options (was [35, 17], now [16, 16]) so all combos stay full-length.
Cross-product cap (256) reached for toponym 'Waltham Holy Cross' — capped per-word options (was [45, 29, 7], now [6, 6, 7]) so all combos stay full-length.
Cross-product cap (256) reached for toponym 'Waltham Saint Lawrence' — capped per-word options (was [45, 6, 3], now [14, 6, 3]) so all combos stay full-length.
Cross-product cap (256) reached for toponym 'Waltham St Lawrence' — capped per-word options (was [45, 3, 3], now [28, 3, 3]) so all combos stay full-length.
Cross-product cap (256) reached for toponym 'Waltham on the Wolds' — capped per-word options (was [45, 4, 4, 6], now [4, 4, 4, 4]) so all combos stay full-length.
Cross-product cap (256) reached for toponym 'Walthamstow' — capped per-word options (was [450], now [256]) so all combos stay full-length.
Cross-product cap (256) reached for toponym 'Walton Cardiff' — capped per-word options (was [35, 11], now [23, 11]) so all combos stay full-length.
Cross-product cap (256) reached for toponym 'Walton in Gordano' — capped per-word options (was [35, 3, 8], now [10, 3, 8]) so all combos stay full-length.
Cross-product cap (256) reached for toponym 'Walton le Dale' — capped per-word options (was [35, 1, 12], now [21, 1, 12]) so all combos stay full-length.
Cross-product cap (256) reached for toponym 'Walton on Thames' — capped per-word options (was [35, 4, 13], now [8, 4, 8]) so all combos stay full-length.
Cross-product cap (256) reached for toponym 'Walton on Trent' — capped per-word options (was [35, 4, 7], now [9, 4, 7]) so all combos stay full-length.
Cross-product cap (256) reached for toponym 'Walton on the Hill' — capped per-word options (was [35, 4, 4, 9], now [4, 4, 4, 4]) so all combos stay full-length.
Cross-product cap (256) reached for toponym 'Walton on the Hill' — capped per-word options (was [35, 4, 4, 9], now [4, 4, 4, 4]) so all combos stay full-length.
Cross-product cap (256) reached for toponym 'Walton on the Hill' — capped per-word options (was [35, 4, 4, 9], now [4, 4, 4, 4]) so all combos stay full-length.
Cross-product cap (256) reached for toponym 'Walton on the Wolds' — capped per-word options (was [35, 4, 4, 6], now [4, 4, 4, 4]) so all combos stay full-length.
Cross-product cap (256) reached for toponym 'Walton upon Trent' — capped per-word options (was [35, 9, 7], now [6, 6, 7]) so all combos stay full-length.
Cross-product cap (256) reached for toponym 'Walton-in-Gordano' — capped per-word options (was [2400], now [256]) so all combos stay full-length.
Cross-product cap (256) reached for toponym 'Walton-le-Dale' — capped per-word options (was [630], now [256]) so all combos stay full-length.
Cross-product cap (256) reached for toponym 'Walton-on-Thames' — capped per-word options (was [780], now [256]) so all combos stay full-length.
Cross-product cap (256) reached for toponym 'Walton-on-the-Hill' — capped per-word options (was [540], now [256]) so all combos stay full-length.
Cross-product cap (256) reached for toponym 'Walton-on-the-Hill' — capped per-word options (was [540], now [256]) so all combos stay full-length.
Cross-product cap (256) reached for toponym 'Walton-on-the-Hill' — capped per-word options (was [540], now [256]) so all combos stay full-length.
Cross-product cap (256) reached for toponym 'Waplington Hall' — capped per-word options (was [49, 17], now [16, 16]) so all combos stay full-length.
Cross-product cap (256) reached for toponym 'Warbleton' — capped per-word options (was [290], now [256]) so all combos stay full-length.
Cross-product cap (256) reached for toponym 'Warblington' — capped per-word options (was [490], now [256]) so all combos stay full-length.
Cross-product cap (256) reached for toponym 'Warblington' — capped per-word options (was [490], now [256]) so all combos stay full-length.
Cross-product cap (256) reached for toponym 'Wareham Castle' — capped per-word options (was [80, 14], now [18, 14]) so all combos stay full-length.
Cross-product cap (256) reached for toponym 'Waresley' — capped per-word options (was [310], now [256]) so all combos stay full-length.
Cross-product cap (256) reached for toponym 'Warham All Saints' — capped per-word options (was [80, 12, 5], now [7, 7, 5]) so all combos stay full-length.
Cross-product cap (256) reached for toponym 'Warham Saint Mary' — capped per-word options (was [80, 6, 48], now [6, 6, 7]) so all combos stay full-length.
Cross-product cap (256) reached for toponym 'Warham St Mary' — capped per-word options (was [80, 3, 48], now [9, 3, 9]) so all combos stay full-length.
Cross-product cap (256) reached for toponym 'Waringstone' — capped per-word options (was [504], now [256]) so all combos stay full-length.
Cross-product cap (256) reached for toponym 'Warlingham' — capped per-word options (was [600], now [256]) so all combos stay full-length.
Cross-product cap (256) reached for toponym 'Warmington' — capped per-word options (was [980], now [256]) so all combos stay full-length.
Cross-product cap (256) reached for toponym 'Warmington' — capped per-word options (was [980], now [256]) so all combos stay full-length.
Cross-product cap (256) reached for toponym 'Warminster' — capped per-word options (was [1280], now [256]) so all combos stay full-length.
Cross-product cap (256) reached for toponym 'Warningore' — capped per-word options (was [407], now [256]) so all combos stay full-length.
Cross-product cap (256) reached for toponym 'Warrington' — capped per-word options (was [420], now [256]) so all combos stay full-length.
Cross-product cap (256) reached for toponym 'Water Fryston' — capped per-word options (was [13, 20], now [13, 19]) so all combos stay full-length.
Cross-product cap (256) reached for toponym 'Water Newton' — capped per-word options (was [13, 28], now [13, 19]) so all combos stay full-length.
Cross-product cap (256) reached for toponym 'Water Stratford' — capped per-word options (was [13, 30], now [13, 19]) so all combos stay full-length.
Cross-product cap (256) reached for toponym 'Weasenham All Saints' — capped per-word options (was [32, 12, 5], now [7, 7, 5]) so all combos stay full-length.
Cross-product cap (256) reached for toponym 'Weasenham Saint Peter' — capped per-word options (was [32, 6, 9], now [6, 6, 7]) so all combos stay full-length.
Cross-product cap (256) reached for toponym 'Weasenham St Peter' — capped per-word options (was [32, 3, 9], now [9, 3, 9]) so all combos stay full-length.
Cross-product cap (256) reached for toponym 'Week Saint Mary' — capped per-word options (was [2, 6, 48], now [2, 6, 21]) so all combos stay full-length.
Cross-product cap (256) reached for toponym 'Week St Mary' — capped per-word options (was [2, 3, 48], now [2, 3, 42]) so all combos stay full-length.
Cross-product cap (256) reached for toponym 'Welford on Avon' — capped per-word options (was [80, 4, 5], now [12, 4, 5]) so all combos stay full-length.
Cross-product cap (256) reached for toponym 'Welford on Avon' — capped per-word options (was [80, 4, 5], now [12, 4, 5]) so all combos stay full-length.
Cross-product cap (256) reached for toponym 'Wellesbourne' — capped per-word options (was [354], now [256]) so all combos stay full-length.
Cross-product cap (256) reached for toponym 'Wellesbourne Hastings' — capped per-word options (was [354, 8], now [32, 8]) so all combos stay full-length.
Cross-product cap (256) reached for toponym 'Wellesbourne Mountford' — capped per-word options (was [354, 50], now [16, 16]) so all combos stay full-length.
Cross-product cap (256) reached for toponym 'Wellingborough' — capped per-word options (was [370], now [256]) so all combos stay full-length.
Cross-product cap (256) reached for toponym 'Wellingham' — capped per-word options (was [632], now [256]) so all combos stay full-length.
Cross-product cap (256) reached for toponym 'Wellingore' — capped per-word options (was [690], now [256]) so all combos stay full-length.
Cross-product cap (256) reached for toponym 'Wellington' — capped per-word options (was [518], now [256]) so all combos stay full-length.
Cross-product cap (256) reached for toponym 'Wellington' — capped per-word options (was [518], now [256]) so all combos stay full-length.
Cross-product cap (256) reached for toponym 'Wellington' — capped per-word options (was [518], now [256]) so all combos stay full-length.
Cross-product cap (256) reached for toponym 'Welshampton' — capped per-word options (was [360], now [256]) so all combos stay full-length.
Cross-product cap (256) reached for toponym 'Welton le Marsh' — capped per-word options (was [56, 1, 16], now [16, 1, 16]) so all combos stay full-length.
Cross-product cap (256) reached for toponym 'Welton le Wold' — capped per-word options (was [56, 1, 5], now [51, 1, 5]) so all combos stay full-length.
Cross-product cap (256) reached for toponym 'Welton-le-Marsh' — capped per-word options (was [1728], now [256]) so all combos stay full-length.
Cross-product cap (256) reached for toponym 'Welton-le-Wold' — capped per-word options (was [432], now [256]) so all combos stay full-length.
Cross-product cap (256) reached for toponym 'West Allington' — capped per-word options (was [14, 294], now [14, 18]) so all combos stay full-length.
Cross-product cap (256) reached for toponym 'West Alvington' — capped per-word options (was [14, 168], now [14, 18]) so all combos stay full-length.
Cross-product cap (256) reached for toponym 'West Anstey' — capped per-word options (was [14, 50], now [14, 18]) so all combos stay full-length.
Cross-product cap (256) reached for toponym 'West Ardsley' — capped per-word options (was [14, 203], now [14, 18]) so all combos stay full-length.
Cross-product cap (256) reached for toponym 'West Ashby' — capped per-word options (was [14, 24], now [14, 18]) so all combos stay full-length.
Cross-product cap (256) reached for toponym 'West Ashton' — capped per-word options (was [14, 28], now [14, 18]) so all combos stay full-length.
Cross-product cap (256) reached for toponym 'West Ayton' — capped per-word options (was [14, 28], now [14, 18]) so all combos stay full-length.
Cross-product cap (256) reached for toponym 'West Backstone' — capped per-word options (was [14, 24], now [14, 18]) so all combos stay full-length.
Cross-product cap (256) reached for toponym 'West Balsdon' — capped per-word options (was [14, 50], now [14, 18]) so all combos stay full-length.
Cross-product cap (256) reached for toponym 'West Barkwith' — capped per-word options (was [14, 40], now [14, 18]) so all combos stay full-length.
Cross-product cap (256) reached for toponym 'West Barming' — capped per-word options (was [14, 140], now [14, 18]) so all combos stay full-length.
Cross-product cap (256) reached for toponym 'West Barnby' — capped per-word options (was [14, 66], now [14, 18]) so all combos stay full-length.
Cross-product cap (256) reached for toponym 'West Barsham' — capped per-word options (was [14, 88], now [14, 18]) so all combos stay full-length.
Cross-product cap (256) reached for toponym 'West Beckham' — capped per-word options (was [14, 24], now [14, 18]) so all combos stay full-length.
Cross-product cap (256) reached for toponym 'West Bexington' — capped per-word options (was [14, 56], now [14, 18]) so all combos stay full-length.
Cross-product cap (256) reached for toponym 'West Bolton' — capped per-word options (was [14, 21], now [14, 18]) so all combos stay full-length.
Cross-product cap (256) reached for toponym 'West Bradenham' — capped per-word options (was [14, 112], now [14, 18]) so all combos stay full-length.
Cross-product cap (256) reached for toponym 'West Bradford' — capped per-word options (was [14, 50], now [14, 18]) so all combos stay full-length.
Cross-product cap (256) reached for toponym 'West Bradley' — capped per-word options (was [14, 75], now [14, 18]) so all combos stay full-length.
Cross-product cap (256) reached for toponym 'West Bridgford' — capped per-word options (was [14, 20], now [14, 18]) so all combos stay full-length.
Cross-product cap (256) reached for toponym 'West Bromwich' — capped per-word options (was [14, 30], now [14, 18]) so all combos stay full-length.
Cross-product cap (256) reached for toponym 'West Bromwich' — capped per-word options (was [14, 30], now [14, 18]) so all combos stay full-length.
Cross-product cap (256) reached for toponym 'West Buckland' — capped per-word options (was [14, 33], now [14, 18]) so all combos stay full-length.
Cross-product cap (256) reached for toponym 'West Burton' — capped per-word options (was [14, 22], now [14, 18]) so all combos stay full-length.
Cross-product cap (256) reached for toponym 'West Burton' — capped per-word options (was [14, 22], now [14, 18]) so all combos stay full-length.
Cross-product cap (256) reached for toponym 'West Burton' — capped per-word options (was [14, 22], now [14, 18]) so all combos stay full-length.
Cross-product cap (256) reached for toponym 'West Bytham' — capped per-word options (was [14, 27], now [14, 18]) so all combos stay full-length.
Cross-product cap (256) reached for toponym 'West Carlton' — capped per-word options (was [14, 77], now [14, 18]) so all combos stay full-length.
Cross-product cap (256) reached for toponym 'West Chaldon' — capped per-word options (was [14, 30], now [14, 18]) so all combos stay full-length.
Cross-product cap (256) reached for toponym 'West Challow' — capped per-word options (was [14, 46], now [14, 18]) so all combos stay full-length.
Cross-product cap (256) reached for toponym 'West Charleton' — capped per-word options (was [14, 154], now [14, 18]) so all combos stay full-length.
Cross-product cap (256) reached for toponym 'West Chiltington' — capped per-word options (was [14, 84], now [14, 18]) so all combos stay full-length.
Cross-product cap (256) reached for toponym 'West Clandon' — capped per-word options (was [14, 42], now [14, 18]) so all combos stay full-length.
Cross-product cap (256) reached for toponym 'West Compton' — capped per-word options (was [14, 28], now [14, 18]) so all combos stay full-length.
Cross-product cap (256) reached for toponym 'West Cranmore' — capped per-word options (was [14, 84], now [14, 18]) so all combos stay full-length.
Cross-product cap (256) reached for toponym 'West Dereham' — capped per-word options (was [14, 24], now [14, 18]) so all combos stay full-length.
Cross-product cap (256) reached for toponym 'West Eling' — capped per-word options (was [14, 20], now [14, 18]) so all combos stay full-length.
Cross-product cap (256) reached for toponym 'West Farleigh' — capped per-word options (was [14, 40], now [14, 18]) so all combos stay full-length.
Cross-product cap (256) reached for toponym 'West Farndon' — capped per-word options (was [14, 90], now [14, 18]) so all combos stay full-length.
Cross-product cap (256) reached for toponym 'West Flotmanby' — capped per-word options (was [14, 66], now [14, 18]) so all combos stay full-length.
Cross-product cap (256) reached for toponym 'West Halton' — capped per-word options (was [14, 42], now [14, 18]) so all combos stay full-length.
Cross-product cap (256) reached for toponym 'West Handley' — capped per-word options (was [14, 45], now [14, 18]) so all combos stay full-length.
Cross-product cap (256) reached for toponym 'West Hanningfield' — capped per-word options (was [14, 36], now [14, 18]) so all combos stay full-length.
Cross-product cap (256) reached for toponym 'West Hardwick' — capped per-word options (was [14, 140], now [14, 18]) so all combos stay full-length.
Cross-product cap (256) reached for toponym 'West Harling' — capped per-word options (was [14, 160], now [14, 18]) so all combos stay full-length.
Cross-product cap (256) reached for toponym 'West Harlsey' — capped per-word options (was [14, 100], now [14, 18]) so all combos stay full-length.
Cross-product cap (256) reached for toponym 'West Harptree' — capped per-word options (was [14, 80], now [14, 18]) so all combos stay full-length.
Cross-product cap (256) reached for toponym 'West Harting' — capped per-word options (was [14, 92], now [14, 18]) so all combos stay full-length.
Cross-product cap (256) reached for toponym 'West Heanton' — capped per-word options (was [14, 21], now [14, 18]) so all combos stay full-length.
Cross-product cap (256) reached for toponym 'West Heslerton' — capped per-word options (was [14, 42], now [14, 18]) so all combos stay full-length.
Cross-product cap (256) reached for toponym 'West Horndon' — capped per-word options (was [14, 30], now [14, 18]) so all combos stay full-length.
Cross-product cap (256) reached for toponym 'West Horsley' — capped per-word options (was [14, 63], now [14, 18]) so all combos stay full-length.
Cross-product cap (256) reached for toponym 'West Ilkerton' — capped per-word options (was [14, 21], now [14, 18]) so all combos stay full-length.
Cross-product cap (256) reached for toponym 'West Langton' — capped per-word options (was [14, 56], now [14, 18]) so all combos stay full-length.
Cross-product cap (256) reached for toponym 'West Lavington' — capped per-word options (was [14, 28], now [14, 18]) so all combos stay full-length.
Cross-product cap (256) reached for toponym 'West Lockinge' — capped per-word options (was [14, 35], now [14, 18]) so all combos stay full-length.
Cross-product cap (256) reached for toponym 'West Lydford' — capped per-word options (was [14, 20], now [14, 18]) so all combos stay full-length.
Cross-product cap (256) reached for toponym 'West Malling' — capped per-word options (was [14, 88], now [14, 18]) so all combos stay full-length.
Cross-product cap (256) reached for toponym 'West Manley' — capped per-word options (was [14, 150], now [14, 18]) so all combos stay full-length.
Cross-product cap (256) reached for toponym 'West Marden' — capped per-word options (was [14, 80], now [14, 18]) so all combos stay full-length.
Cross-product cap (256) reached for toponym 'West Markham' — capped per-word options (was [14, 80], now [14, 18]) so all combos stay full-length.
Cross-product cap (256) reached for toponym 'West Marton' — capped per-word options (was [14, 70], now [14, 18]) so all combos stay full-length.
Cross-product cap (256) reached for toponym 'West Melton' — capped per-word options (was [14, 42], now [14, 18]) so all combos stay full-length.
Cross-product cap (256) reached for toponym 'West Middleton' — capped per-word options (was [14, 95], now [14, 18]) so all combos stay full-length.
Cross-product cap (256) reached for toponym 'West Milton' — capped per-word options (was [14, 49], now [14, 18]) so all combos stay full-length.
Cross-product cap (256) reached for toponym 'West Molesey' — capped per-word options (was [14, 95], now [14, 18]) so all combos stay full-length.
Cross-product cap (256) reached for toponym 'West Monkton' — capped per-word options (was [14, 56], now [14, 18]) so all combos stay full-length.
Cross-product cap (256) reached for toponym 'West Morton' — capped per-word options (was [14, 56], now [14, 18]) so all combos stay full-length.
Cross-product cap (256) reached for toponym 'West Newton' — capped per-word options (was [14, 28], now [14, 18]) so all combos stay full-length.
Cross-product cap (256) reached for toponym 'West Newton' — capped per-word options (was [14, 28], now [14, 18]) so all combos stay full-length.
Cross-product cap (256) reached for toponym 'West Newton' — capped per-word options (was [14, 28], now [14, 18]) so all combos stay full-length.
Cross-product cap (256) reached for toponym 'West Newton Grange' — capped per-word options (was [14, 28, 7], now [6, 6, 7]) so all combos stay full-length.
Cross-product cap (256) reached for toponym 'West Ogwell' — capped per-word options (was [14, 20], now [14, 18]) so all combos stay full-length.
Cross-product cap (256) reached for toponym 'West Orchard' — capped per-word options (was [14, 34], now [14, 18]) so all combos stay full-length.
Cross-product cap (256) reached for toponym 'West Overton' — capped per-word options (was [14, 77], now [14, 18]) so all combos stay full-length.
Cross-product cap (256) reached for toponym 'West Panson' — capped per-word options (was [14, 23], now [14, 18]) so all combos stay full-length.
Cross-product cap (256) reached for toponym 'West Parley' — capped per-word options (was [14, 60], now [14, 18]) so all combos stay full-length.
Cross-product cap (256) reached for toponym 'West Portlemouth' — capped per-word options (was [14, 96], now [14, 18]) so all combos stay full-length.
Cross-product cap (256) reached for toponym 'West Raddon' — capped per-word options (was [14, 30], now [14, 18]) so all combos stay full-length.
Cross-product cap (256) reached for toponym 'West Ravendale' — capped per-word options (was [14, 42], now [14, 18]) so all combos stay full-length.
Cross-product cap (256) reached for toponym 'West Raynham' — capped per-word options (was [14, 48], now [14, 18]) so all combos stay full-length.
Cross-product cap (256) reached for toponym 'West Retford' — capped per-word options (was [14, 20], now [14, 18]) so all combos stay full-length.
Cross-product cap (256) reached for toponym 'West Rounton' — capped per-word options (was [14, 21], now [14, 18]) so all combos stay full-length.
Cross-product cap (256) reached for toponym 'West Sherford' — capped per-word options (was [14, 40], now [14, 18]) so all combos stay full-length.
Cross-product cap (256) reached for toponym 'West Somerton' — capped per-word options (was [14, 105], now [14, 18]) so all combos stay full-length.
Cross-product cap (256) reached for toponym 'West Stafford' — capped per-word options (was [14, 30], now [14, 18]) so all combos stay full-length.
Cross-product cap (256) reached for toponym 'West Standen' — capped per-word options (was [14, 91], now [14, 18]) so all combos stay full-length.
Cross-product cap (256) reached for toponym 'West Stow' — capped per-word options (was [14, 23], now [14, 18]) so all combos stay full-length.
Cross-product cap (256) reached for toponym 'West Stowford' — capped per-word options (was [14, 40], now [14, 18]) so all combos stay full-length.
Cross-product cap (256) reached for toponym 'West Stratton' — capped per-word options (was [14, 21], now [14, 18]) so all combos stay full-length.
Cross-product cap (256) reached for toponym 'West Tarring' — capped per-word options (was [14, 20], now [14, 18]) so all combos stay full-length.
Cross-product cap (256) reached for toponym 'West Thorney' — capped per-word options (was [14, 21], now [14, 18]) so all combos stay full-length.
Cross-product cap (256) reached for toponym 'West Torrington' — capped per-word options (was [14, 168], now [14, 18]) so all combos stay full-length.
Cross-product cap (256) reached for toponym 'West Tytherley' — capped per-word options (was [14, 120], now [14, 18]) so all combos stay full-length.
Cross-product cap (256) reached for toponym 'West Tytherley' — capped per-word options (was [14, 120], now [14, 18]) so all combos stay full-length.
Cross-product cap (256) reached for toponym 'West Tytherton' — capped per-word options (was [14, 56], now [14, 18]) so all combos stay full-length.
Cross-product cap (256) reached for toponym 'West Walton' — capped per-word options (was [14, 35], now [14, 18]) so all combos stay full-length.
Cross-product cap (256) reached for toponym 'West Willoughby' — capped per-word options (was [14, 72], now [14, 18]) so all combos stay full-length.
Cross-product cap (256) reached for toponym 'West Winterslow' — capped per-word options (was [14, 312], now [14, 18]) so all combos stay full-length.
Cross-product cap (256) reached for toponym 'West Wittering' — capped per-word options (was [14, 45], now [14, 18]) so all combos stay full-length.
Cross-product cap (256) reached for toponym 'West Witton' — capped per-word options (was [14, 35], now [14, 18]) so all combos stay full-length.
Cross-product cap (256) reached for toponym 'West Worldham' — capped per-word options (was [14, 24], now [14, 18]) so all combos stay full-length.
Cross-product cap (256) reached for toponym 'West Worlington' — capped per-word options (was [14, 147], now [14, 18]) so all combos stay full-length.
Cross-product cap (256) reached for toponym 'West Wykeham' — capped per-word options (was [14, 24], now [14, 18]) so all combos stay full-length.
Cross-product cap (256) reached for toponym 'Westbury on Severn' — capped per-word options (was [99, 4, 3], now [21, 4, 3]) so all combos stay full-length.
Cross-product cap (256) reached for toponym 'Westbury on Trym' — capped per-word options (was [99, 4, 2], now [32, 4, 2]) so all combos stay full-length.
Cross-product cap (256) reached for toponym 'Westcott Barton' — capped per-word options (was [33, 70], now [16, 16]) so all combos stay full-length.
Cross-product cap (256) reached for toponym 'Westley Waterless' — capped per-word options (was [165, 30], now [16, 16]) so all combos stay full-length.
Cross-product cap (256) reached for toponym 'Westmancote' — capped per-word options (was [605], now [256]) so all combos stay full-length.
Cross-product cap (256) reached for toponym 'Westmancote' — capped per-word options (was [605], now [256]) so all combos stay full-length.
Cross-product cap (256) reached for toponym 'Westmeston' — capped per-word options (was [374], now [256]) so all combos stay full-length.
Cross-product cap (256) reached for toponym 'Westminster' — capped per-word options (was [1408], now [256]) so all combos stay full-length.
Cross-product cap (256) reached for toponym 'Weston Beggard' — capped per-word options (was [39, 20], now [16, 16]) so all combos stay full-length.
Cross-product cap (256) reached for toponym 'Weston Colville' — capped per-word options (was [39, 30], now [16, 16]) so all combos stay full-length.
Cross-product cap (256) reached for toponym 'Weston Colville' — capped per-word options (was [39, 30], now [16, 16]) so all combos stay full-length.
Cross-product cap (256) reached for toponym 'Weston Corbett' — capped per-word options (was [39, 12], now [21, 12]) so all combos stay full-length.
Cross-product cap (256) reached for toponym 'Weston Coton' — capped per-word options (was [39, 7], now [36, 7]) so all combos stay full-length.
Cross-product cap (256) reached for toponym 'Weston Coyney' — capped per-word options (was [39, 12], now [21, 12]) so all combos stay full-length.
Cross-product cap (256) reached for toponym 'Weston Hall' — capped per-word options (was [39, 17], now [16, 16]) so all combos stay full-length.
Cross-product cap (256) reached for toponym 'Weston Longville' — capped per-word options (was [39, 33], now [16, 16]) so all combos stay full-length.
Cross-product cap (256) reached for toponym 'Weston Peverell' — capped per-word options (was [39, 7], now [36, 7]) so all combos stay full-length.
Cross-product cap (256) reached for toponym 'Weston by Welland' — capped per-word options (was [39, 7, 108], now [6, 6, 7]) so all combos stay full-length.
Cross-product cap (256) reached for toponym 'Weston in Arden' — capped per-word options (was [39, 3, 43], now [9, 3, 9]) so all combos stay full-length.
Cross-product cap (256) reached for toponym 'Weston in Gordano' — capped per-word options (was [39, 3, 8], now [10, 3, 8]) so all combos stay full-length.
Cross-product cap (256) reached for toponym 'Weston on Avon' — capped per-word options (was [39, 4, 5], now [12, 4, 5]) so all combos stay full-length.
Cross-product cap (256) reached for toponym 'Weston on Avon' — capped per-word options (was [39, 4, 5], now [12, 4, 5]) so all combos stay full-length.
Cross-product cap (256) reached for toponym 'Weston on Trent' — capped per-word options (was [39, 4, 7], now [9, 4, 7]) so all combos stay full-length.
Cross-product cap (256) reached for toponym 'Weston on the Green' — capped per-word options (was [39, 4, 4, 6], now [4, 4, 4, 4]) so all combos stay full-length.
Cross-product cap (256) reached for toponym 'Weston under Lizard' — capped per-word options (was [39, 4, 6], now [10, 4, 6]) so all combos stay full-length.
Cross-product cap (256) reached for toponym 'Weston under Penyard' — capped per-word options (was [39, 4, 90], now [8, 4, 8]) so all combos stay full-length.
Cross-product cap (256) reached for toponym 'Weston under Redcastle' — capped per-word options (was [39, 4, 72], now [8, 4, 8]) so all combos stay full-length.
Cross-product cap (256) reached for toponym 'Weston under Wetherley' — capped per-word options (was [39, 4, 120], now [8, 4, 8]) so all combos stay full-length.
Cross-product cap (256) reached for toponym 'Weston upon Trent' — capped per-word options (was [39, 9, 7], now [6, 6, 7]) so all combos stay full-length.
Cross-product cap (256) reached for toponym 'Weston upon Trent' — capped per-word options (was [39, 9, 7], now [6, 6, 7]) so all combos stay full-length.
Cross-product cap (256) reached for toponym 'Weston-by-Welland' — capped per-word options (was [1428], now [256]) so all combos stay full-length.
Cross-product cap (256) reached for toponym 'Weston-in-Arden' — capped per-word options (was [2176], now [256]) so all combos stay full-length.
Cross-product cap (256) reached for toponym 'Weston-in-Gordano' — capped per-word options (was [2720], now [256]) so all combos stay full-length.
Cross-product cap (256) reached for toponym 'Weston-under-Lizard' — capped per-word options (was [408], now [256]) so all combos stay full-length.
Cross-product cap (256) reached for toponym 'Weston-under-Penyard' — capped per-word options (was [1632], now [256]) so all combos stay full-length.
Cross-product cap (256) reached for toponym 'Weston-under-Redcastle' — capped per-word options (was [612], now [256]) so all combos stay full-length.
Cross-product cap (256) reached for toponym 'Weston-under-Wetherley' — capped per-word options (was [4080], now [256]) so all combos stay full-length.
Cross-product cap (256) reached for toponym 'Westonzoyland' — capped per-word options (was [748], now [256]) so all combos stay full-length.
Cross-product cap (256) reached for toponym 'Wetheringsett' — capped per-word options (was [324], now [256]) so all combos stay full-length.
Cross-product cap (256) reached for toponym 'Whatton in the Vale' — capped per-word options (was [21, 3, 4, 7], now [4, 3, 4, 5]) so all combos stay full-length.
Cross-product cap (256) reached for toponym 'Whitchurch Canonicorum' — capped per-word options (was [8, 60], now [8, 32]) so all combos stay full-length.
Cross-product cap (256) reached for toponym 'White Ladies Aston' — capped per-word options (was [7, 2, 27], now [7, 2, 18]) so all combos stay full-length.
Cross-product cap (256) reached for toponym 'White Waltham' — capped per-word options (was [7, 45], now [7, 36]) so all combos stay full-length.
Cross-product cap (256) reached for toponym 'Whitelackington' — capped per-word options (was [294], now [256]) so all combos stay full-length.
Cross-product cap (256) reached for toponym 'Whittingham Hall' — capped per-word options (was [136, 17], now [16, 16]) so all combos stay full-length.
Cross-product cap (256) reached for toponym 'Whittlesey Mere' — capped per-word options (was [120, 8], now [32, 8]) so all combos stay full-length.
Cross-product cap (256) reached for toponym 'Whitwell on the Hill' — capped per-word options (was [20, 4, 4, 9], now [4, 4, 4, 4]) so all combos stay full-length.
Cross-product cap (256) reached for toponym 'Wick Rissington' — capped per-word options (was [8, 35], now [8, 32]) so all combos stay full-length.
Cross-product cap (256) reached for toponym 'Wickham Market' — capped per-word options (was [16, 26], now [16, 16]) so all combos stay full-length.
Cross-product cap (256) reached for toponym 'Widdington Hall' — capped per-word options (was [35, 17], now [16, 16]) so all combos stay full-length.
Cross-product cap (256) reached for toponym 'Wiganthorpe Hall' — capped per-word options (was [21, 17], now [16, 16]) so all combos stay full-length.
Cross-product cap (256) reached for toponym 'Wiggenhall Saint Germans' — capped per-word options (was [26, 6, 13], now [6, 6, 7]) so all combos stay full-length.
Cross-product cap (256) reached for toponym 'Wiggenhall Saint Mary Magdalen' — capped per-word options (was [26, 6, 48, 12], now [4, 4, 4, 4]) so all combos stay full-length.
Cross-product cap (256) reached for toponym 'Wiggenhall Saint Mary the Virgin' — capped per-word options (was [26, 6, 48, 4, 3], now [3, 3, 3, 3, 3]) so all combos stay full-length.
Cross-product cap (256) reached for toponym 'Wiggenhall Saint Peter' — capped per-word options (was [26, 6, 9], now [6, 6, 7]) so all combos stay full-length.
Cross-product cap (256) reached for toponym 'Wiggenhall St Germans' — capped per-word options (was [26, 3, 13], now [9, 3, 9]) so all combos stay full-length.
Cross-product cap (256) reached for toponym 'Wiggenhall St Mary Magdalen' — capped per-word options (was [26, 3, 48, 12], now [4, 3, 4, 5]) so all combos stay full-length.
Cross-product cap (256) reached for toponym 'Wiggenhall St Mary the Virgin' — capped per-word options (was [26, 3, 48, 4, 3], now [3, 3, 3, 3, 3]) so all combos stay full-length.
Cross-product cap (256) reached for toponym 'Wiggenhall St Peter' — capped per-word options (was [26, 3, 9], now [9, 3, 9]) so all combos stay full-length.
Cross-product cap (256) reached for toponym 'Wigmore Castle' — capped per-word options (was [21, 14], now [18, 14]) so all combos stay full-length.
Cross-product cap (256) reached for toponym 'Wildon Grange' — capped per-word options (was [40, 7], now [36, 7]) so all combos stay full-length.
Cross-product cap (256) reached for toponym 'Willersley' — capped per-word options (was [463], now [256]) so all combos stay full-length.
Cross-product cap (256) reached for toponym 'Willesley' — capped per-word options (was [388], now [256]) so all combos stay full-length.
Cross-product cap (256) reached for toponym 'Willesley' — capped per-word options (was [388], now [256]) so all combos stay full-length.
Cross-product cap (256) reached for toponym 'Willingham by Stow' — capped per-word options (was [240, 7, 23], now [6, 6, 7]) so all combos stay full-length.
Cross-product cap (256) reached for toponym 'Willingham-by-Stow' — capped per-word options (was [6000], now [256]) so all combos stay full-length.
Cross-product cap (256) reached for toponym 'Willoughby Waterless' — capped per-word options (was [72, 30], now [16, 16]) so all combos stay full-length.
Cross-product cap (256) reached for toponym 'Willoughby on the Wolds' — capped per-word options (was [72, 4, 4, 6], now [4, 4, 4, 4]) so all combos stay full-length.
Cross-product cap (256) reached for toponym 'Wilmcote Manor' — capped per-word options (was [40, 30], now [16, 16]) so all combos stay full-length.
Cross-product cap (256) reached for toponym 'Wilmingham' — capped per-word options (was [488], now [256]) so all combos stay full-length.
Cross-product cap (256) reached for toponym 'Wilmington' — capped per-word options (was [392], now [256]) so all combos stay full-length.
Cross-product cap (256) reached for toponym 'Wilmington' — capped per-word options (was [392], now [256]) so all combos stay full-length.
Cross-product cap (256) reached for toponym 'Wilmington' — capped per-word options (was [392], now [256]) so all combos stay full-length.
Cross-product cap (256) reached for toponym 'Wimborne Minster' — capped per-word options (was [8, 114], now [8, 32]) so all combos stay full-length.
Cross-product cap (256) reached for toponym 'Wimborne Saint Giles' — capped per-word options (was [8, 6, 13], now [6, 6, 7]) so all combos stay full-length.
Cross-product cap (256) reached for toponym 'Wimborne St Giles' — capped per-word options (was [8, 3, 13], now [8, 3, 10]) so all combos stay full-length.
Cross-product cap (256) reached for toponym 'Winchendon' — capped per-word options (was [300], now [256]) so all combos stay full-length.
Cross-product cap (256) reached for toponym 'Winterborne Belet' — capped per-word options (was [48, 16], now [16, 16]) so all combos stay full-length.
Cross-product cap (256) reached for toponym 'Winterborne Came' — capped per-word options (was [48, 9], now [28, 9]) so all combos stay full-length.
Cross-product cap (256) reached for toponym 'Winterborne Clenston' — capped per-word options (was [48, 68], now [16, 16]) so all combos stay full-length.
Cross-product cap (256) reached for toponym 'Winterborne Farringdon' — capped per-word options (was [48, 480], now [16, 16]) so all combos stay full-length.
Cross-product cap (256) reached for toponym 'Winterborne Herringston' — capped per-word options (was [48, 60], now [16, 16]) so all combos stay full-length.
Cross-product cap (256) reached for toponym 'Winterborne Houghton' — capped per-word options (was [48, 7], now [36, 7]) so all combos stay full-length.
Cross-product cap (256) reached for toponym 'Winterborne Kingston' — capped per-word options (was [48, 110], now [16, 16]) so all combos stay full-length.
Cross-product cap (256) reached for toponym 'Winterborne Monkton' — capped per-word options (was [48, 56], now [16, 16]) so all combos stay full-length.
Cross-product cap (256) reached for toponym 'Winterborne Muston' — capped per-word options (was [48, 10], now [25, 10]) so all combos stay full-length.
Cross-product cap (256) reached for toponym 'Winterborne Steepleton' — capped per-word options (was [48, 88], now [16, 16]) so all combos stay full-length.
Cross-product cap (256) reached for toponym 'Winterborne Stickland' — capped per-word options (was [48, 33], now [16, 16]) so all combos stay full-length.
Cross-product cap (256) reached for toponym 'Winterborne Tomson' — capped per-word options (was [48, 14], now [18, 14]) so all combos stay full-length.
Cross-product cap (256) reached for toponym 'Winterborne Whitechurch' — capped per-word options (was [48, 12], now [21, 12]) so all combos stay full-length.
Cross-product cap (256) reached for toponym 'Winterborne Zelston' — capped per-word options (was [48, 10], now [25, 10]) so all combos stay full-length.
Cross-product cap (256) reached for toponym 'Winterbourne Bassett' — capped per-word options (was [72, 54], now [16, 16]) so all combos stay full-length.
Cross-product cap (256) reached for toponym 'Winterbourne Dauntsey' — capped per-word options (was [72, 5], now [51, 5]) so all combos stay full-length.
Cross-product cap (256) reached for toponym 'Winterbourne Earls' — capped per-word options (was [72, 4], now [64, 4]) so all combos stay full-length.
Cross-product cap (256) reached for toponym 'Winterbourne Monkton' — capped per-word options (was [72, 56], now [16, 16]) so all combos stay full-length.
Cross-product cap (256) reached for toponym 'Winterbourne Stoke' — capped per-word options (was [72, 5], now [51, 5]) so all combos stay full-length.
Cross-product cap (256) reached for toponym 'Winteringham' — capped per-word options (was [510], now [256]) so all combos stay full-length.
Cross-product cap (256) reached for toponym 'Winterslow' — capped per-word options (was [312], now [256]) so all combos stay full-length.
Cross-product cap (256) reached for toponym 'Wintringham' — capped per-word options (was [306], now [256]) so all combos stay full-length.
Cross-product cap (256) reached for toponym 'Witham Friary' — capped per-word options (was [41, 18], now [16, 16]) so all combos stay full-length.
Cross-product cap (256) reached for toponym 'Witham on the Hill' — capped per-word options (was [41, 4, 4, 9], now [4, 4, 4, 4]) so all combos stay full-length.
Cross-product cap (256) reached for toponym 'Witham-on-the-Hill' — capped per-word options (was [540], now [256]) so all combos stay full-length.
Cross-product cap (256) reached for toponym 'Witherington' — capped per-word options (was [630], now [256]) so all combos stay full-length.
Cross-product cap (256) reached for toponym 'Withycombe Raleigh' — capped per-word options (was [75, 15], now [17, 15]) so all combos stay full-length.
Cross-product cap (256) reached for toponym 'Wolgarston' — capped per-word options (was [261], now [256]) so all combos stay full-length.
Cross-product cap (256) reached for toponym 'Wood Stanway' — capped per-word options (was [5, 66], now [5, 51]) so all combos stay full-length.
Cross-product cap (256) reached for toponym 'Woodham Ferrers' — capped per-word options (was [24, 12], now [21, 12]) so all combos stay full-length.
Cross-product cap (256) reached for toponym 'Woodham Mortimer' — capped per-word options (was [24, 64], now [16, 16]) so all combos stay full-length.
Cross-product cap (256) reached for toponym 'Woodham Walter' — capped per-word options (was [24, 35], now [16, 16]) so all combos stay full-length.
Cross-product cap (256) reached for toponym 'Woolsthorpe by Belvoir' — capped per-word options (was [4, 7, 24], now [4, 7, 9]) so all combos stay full-length.
Cross-product cap (256) reached for toponym 'Woolsthorpe by Colsterworth' — capped per-word options (was [4, 7, 180], now [4, 7, 9]) so all combos stay full-length.
Cross-product cap (256) reached for toponym 'Wootton Bassett' — capped per-word options (was [7, 54], now [7, 36]) so all combos stay full-length.
Cross-product cap (256) reached for toponym 'Wootton Courtenay' — capped per-word options (was [7, 42], now [7, 36]) so all combos stay full-length.
Cross-product cap (256) reached for toponym 'Wormingford' — capped per-word options (was [420], now [256]) so all combos stay full-length.
Cross-product cap (256) reached for toponym 'Worminghall' — capped per-word options (was [576], now [256]) so all combos stay full-length.
Cross-product cap (256) reached for toponym 'Wormington' — capped per-word options (was [294], now [256]) so all combos stay full-length.
Cross-product cap (256) reached for toponym 'Wotton Saint Mary' — capped per-word options (was [7, 6, 48], now [6, 6, 7]) so all combos stay full-length.
Cross-product cap (256) reached for toponym 'Wotton St Mary' — capped per-word options (was [7, 3, 48], now [7, 3, 12]) so all combos stay full-length.
Cross-product cap (256) reached for toponym 'Woughton on the Green' — capped per-word options (was [7, 4, 4, 6], now [4, 4, 4, 4]) so all combos stay full-length.
Cross-product cap (256) reached for toponym 'Wymington' — capped per-word options (was [294], now [256]) so all combos stay full-length.
Cross-product cap (256) reached for toponym 'Yardley Hastings' — capped per-word options (was [60, 8], now [32, 8]) so all combos stay full-length.
Cross-product cap (256) reached for toponym 'Yealand Conyers' — capped per-word options (was [14, 24], now [14, 18]) so all combos stay full-length.
Cross-product cap (256) reached for toponym 'Yealand Redmayne' — capped per-word options (was [14, 32], now [14, 18]) so all combos stay full-length.
Cross-product cap (256) reached for toponym 'other Attleborough' — capped per-word options (was [18, 30], now [16, 16]) so all combos stay full-length.
Cross-product cap (256) reached for toponym 'other Boyton' — capped per-word options (was [18, 42], now [16, 16]) so all combos stay full-length.
Cross-product cap (256) reached for toponym 'other Buckland' — capped per-word options (was [18, 33], now [16, 16]) so all combos stay full-length.
Cross-product cap (256) reached for toponym 'other Moulsham' — capped per-word options (was [18, 24], now [16, 16]) so all combos stay full-length.
Cross-product cap (256) reached for toponym 'other Moulsham Hall' — capped per-word options (was [18, 24, 17], now [6, 6, 7]) so all combos stay full-length.
Cross-product cap (256) reached for toponym 'other Navestock' — capped per-word options (was [18, 16], now [16, 16]) so all combos stay full-length.
Cross-product cap (256) reached for toponym 'other Pickenham' — capped per-word options (was [18, 24], now [16, 16]) so all combos stay full-length.
Cross-product cap (256) reached for toponym 'other Shotesham' — capped per-word options (was [18, 16], now [16, 16]) so all combos stay full-length.
Cross-product cap (256) reached for toponym 'other Shouldham' — capped per-word options (was [18, 16], now [16, 16]) so all combos stay full-length.
Cross-product cap (256) reached for toponym 'other Waldingfield' — capped per-word options (was [18, 75], now [16, 16]) so all combos stay full-length.
Cross-product cap (256) reached for toponym 'other Walsingham' — capped per-word options (was [18, 210], now [16, 16]) so all combos stay full-length.
Cross-product cap (256) reached for toponym 'Almodington' — capped per-word options (was [420], now [256]) so all combos stay full-length.
Cross-product cap (256) reached for toponym 'Ashurst and Ashurstwood' — capped per-word options (was [15, 8, 36], now [6, 6, 7]) so all combos stay full-length.
Cross-product cap (256) reached for toponym 'Barlavington' — capped per-word options (was [280], now [256]) so all combos stay full-length.
Cross-product cap (256) reached for toponym 'Bucksteep Manor' — capped per-word options (was [9, 30], now [9, 28]) so all combos stay full-length.
Cross-product cap (256) reached for toponym 'Dallington' — capped per-word options (was [294], now [256]) so all combos stay full-length.
Cross-product cap (256) reached for toponym 'Hollington' — capped per-word options (was [343], now [256]) so all combos stay full-length.
Cross-product cap (256) reached for toponym 'North and South' — capped per-word options (was [5, 8, 11], now [5, 7, 7]) so all combos stay full-length.
Cross-product cap (256) reached for toponym 'Offington House' — capped per-word options (was [105, 4], now [64, 4]) so all combos stay full-length.
Cross-product cap (256) reached for toponym 'Thorney Island' — capped per-word options (was [21, 13], now [19, 13]) so all combos stay full-length.
Cross-product cap (256) reached for toponym 'Oakley Green' — capped per-word options (was [45, 6], now [42, 6]) so all combos stay full-length.
Cross-product cap (256) reached for toponym 'Aldringham' — capped per-word options (was [306], now [256]) so all combos stay full-length.
Cross-product cap (256) reached for toponym 'Ballingdon' — capped per-word options (was [590], now [256]) so all combos stay full-length.
Cross-product cap (256) reached for toponym 'Arkillesgarth' — capped per-word options (was [585], now [256]) so all combos stay full-length.
Cross-product cap (256) reached for toponym 'Kirkelington' — capped per-word options (was [343], now [256]) so all combos stay full-length.
Cross-product cap (256) reached for toponym 'STANK House Stanke' — capped per-word options (was [11, 4, 11], now [8, 4, 8]) so all combos stay full-length.
Cross-product cap (256) reached for toponym 'Thorneton Collinge' — capped per-word options (was [28, 82], now [16, 16]) so all combos stay full-length.
Cross-product cap (256) reached for toponym 'Corriemulzie in Kincardine' — capped per-word options (was [14, 3, 42], now [9, 3, 9]) so all combos stay full-length.
Cross-product cap (256) reached for toponym 'Lochcarron Village' — capped per-word options (was [112, 5], now [51, 5]) so all combos stay full-length.
Cross-product cap (256) reached for toponym 'Abercairnie in Glen Ogilvie' — capped per-word options (was [9, 3, 8, 8], now [4, 3, 4, 5]) so all combos stay full-length.
Cross-product cap (256) reached for toponym 'Aberruthven in Auchterarder' — capped per-word options (was [22, 3, 112], now [9, 3, 9]) so all combos stay full-length.
Cross-product cap (256) reached for toponym 'Abhainn and Gleann Duibhailigh' — capped per-word options (was [36, 8, 9, 9], now [4, 4, 4, 4]) so all combos stay full-length.
Cross-product cap (256) reached for toponym 'Another Allan' — capped per-word options (was [24, 26], now [16, 16]) so all combos stay full-length.
Cross-product cap (256) reached for toponym 'Caddon Water' — capped per-word options (was [30, 13], now [19, 13]) so all combos stay full-length.
Cross-product cap (256) reached for toponym 'Closeburn in Dumfriesshire' — capped per-word options (was [6, 3, 30], now [6, 3, 14]) so all combos stay full-length.
Cross-product cap (256) reached for toponym 'Dechmont and Dechmont Hill' — capped per-word options (was [6, 8, 6, 9], now [4, 4, 4, 4]) so all combos stay full-length.
Cross-product cap (256) reached for toponym 'Dobhar and Iardhobhar' — capped per-word options (was [5, 8, 20], now [5, 7, 7]) so all combos stay full-length.
Cross-product cap (256) reached for toponym 'Dolcorachy' — capped per-word options (was [612], now [256]) so all combos stay full-length.
Cross-product cap (256) reached for toponym 'Dulsie on Findhorn' — capped per-word options (was [6, 4, 35], now [6, 4, 10]) so all combos stay full-length.
Cross-product cap (256) reached for toponym 'Eden of Wales' — capped per-word options (was [8, 3, 18], now [8, 3, 10]) so all combos stay full-length.
Cross-product cap (256) reached for toponym 'Kinmont in Annandale' — capped per-word options (was [18, 3, 203], now [9, 3, 9]) so all combos stay full-length.
Cross-product cap (256) reached for toponym 'Kirkgunzeon in Kirkcudbright' — capped per-word options (was [14, 3, 7], now [12, 3, 7]) so all combos stay full-length.
Cross-product cap (256) reached for toponym 'Perdovingishill in Renfrewshire' — capped per-word options (was [36, 3, 3], now [28, 3, 3]) so all combos stay full-length.
  [5000/2374285]  written=5000 failed=0
  [10000/2374285]  written=10000 failed=0
  [15000/2374285]  written=15000 failed=0
  [20000/2374285]  written=20000 failed=0
  [25000/2374285]  written=25000 failed=0
  [30000/2374285]  written=30000 failed=0
  [35000/2374285]  written=35000 failed=0
  [40000/2374285]  written=40000 failed=0
  [45000/2374285]  written=45000 failed=0
  [50000/2374285]  written=50000 failed=0
  [55000/2374285]  written=55000 failed=0
  [60000/2374285]  written=60000 failed=0
  [65000/2374285]  written=65000 failed=0
  [70000/2374285]  written=70000 failed=0
  [75000/2374285]  written=75000 failed=0
  [80000/2374285]  written=80000 failed=0
  [85000/2374285]  written=85000 failed=0
  [90000/2374285]  written=90000 failed=0
  [95000/2374285]  written=95000 failed=0
  [100000/2374285]  written=100000 failed=0
  [105000/2374285]  written=105000 failed=0
  [110000/2374285]  written=110000 failed=0
  [115000/2374285]  written=115000 failed=0
  [120000/2374285]  written=120000 failed=0
  [125000/2374285]  written=125000 failed=0
  [130000/2374285]  written=130000 failed=0
  [135000/2374285]  written=135000 failed=0
  [140000/2374285]  written=140000 failed=0
  [145000/2374285]  written=145000 failed=0
  [150000/2374285]  written=150000 failed=0
  [155000/2374285]  written=155000 failed=0
  [160000/2374285]  written=160000 failed=0
  [165000/2374285]  written=165000 failed=0
  [170000/2374285]  written=170000 failed=0
  [175000/2374285]  written=175000 failed=0
  [180000/2374285]  written=180000 failed=0
  [185000/2374285]  written=185000 failed=0
  [190000/2374285]  written=190000 failed=0
  [195000/2374285]  written=195000 failed=0
  [200000/2374285]  written=200000 failed=0
  [205000/2374285]  written=205000 failed=0
  [210000/2374285]  written=210000 failed=0
  [215000/2374285]  written=215000 failed=0
  [220000/2374285]  written=220000 failed=0
  [225000/2374285]  written=225000 failed=0
  [230000/2374285]  written=230000 failed=0
  [235000/2374285]  written=235000 failed=0
  [240000/2374285]  written=240000 failed=0
  [245000/2374285]  written=245000 failed=0
  [250000/2374285]  written=250000 failed=0
  [255000/2374285]  written=255000 failed=0
  [260000/2374285]  written=260000 failed=0
  [265000/2374285]  written=265000 failed=0
  [270000/2374285]  written=270000 failed=0
  [275000/2374285]  written=275000 failed=0
  [280000/2374285]  written=280000 failed=0
  [285000/2374285]  written=285000 failed=0
  [290000/2374285]  written=290000 failed=0
  [295000/2374285]  written=295000 failed=0
  [300000/2374285]  written=300000 failed=0
  [305000/2374285]  written=305000 failed=0
  [310000/2374285]  written=310000 failed=0
  [315000/2374285]  written=315000 failed=0
  [320000/2374285]  written=320000 failed=0
  [325000/2374285]  written=325000 failed=0
  [330000/2374285]  written=330000 failed=0
  [335000/2374285]  written=335000 failed=0
  [340000/2374285]  written=340000 failed=0
  [345000/2374285]  written=345000 failed=0
  [350000/2374285]  written=350000 failed=0
  [355000/2374285]  written=355000 failed=0
  [360000/2374285]  written=360000 failed=0
  [365000/2374285]  written=365000 failed=0
  [370000/2374285]  written=370000 failed=0
  [375000/2374285]  written=375000 failed=0
  [380000/2374285]  written=380000 failed=0
  [385000/2374285]  written=385000 failed=0
  [390000/2374285]  written=390000 failed=0
  [395000/2374285]  written=395000 failed=0
  [400000/2374285]  written=400000 failed=0
  [405000/2374285]  written=405000 failed=0
  [410000/2374285]  written=410000 failed=0
  [415000/2374285]  written=415000 failed=0
  [420000/2374285]  written=420000 failed=0
  [425000/2374285]  written=425000 failed=0
  [430000/2374285]  written=430000 failed=0
  [435000/2374285]  written=435000 failed=0
  [440000/2374285]  written=440000 failed=0
  [445000/2374285]  written=445000 failed=0
  [450000/2374285]  written=450000 failed=0
  [455000/2374285]  written=455000 failed=0
  [460000/2374285]  written=460000 failed=0
  [465000/2374285]  written=465000 failed=0
  [470000/2374285]  written=470000 failed=0
  [475000/2374285]  written=475000 failed=0
  [480000/2374285]  written=480000 failed=0
  [485000/2374285]  written=485000 failed=0
  [490000/2374285]  written=490000 failed=0
  [495000/2374285]  written=495000 failed=0
  [500000/2374285]  written=500000 failed=0
  [505000/2374285]  written=505000 failed=0
  [510000/2374285]  written=510000 failed=0
  [515000/2374285]  written=515000 failed=0
  [520000/2374285]  written=520000 failed=0
  [525000/2374285]  written=525000 failed=0
  [530000/2374285]  written=530000 failed=0
  [535000/2374285]  written=535000 failed=0
  [540000/2374285]  written=540000 failed=0
  [545000/2374285]  written=545000 failed=0
  [550000/2374285]  written=550000 failed=0
  [555000/2374285]  written=555000 failed=0
  [560000/2374285]  written=560000 failed=0
  [565000/2374285]  written=565000 failed=0
  [570000/2374285]  written=570000 failed=0
  [575000/2374285]  written=575000 failed=0
  [580000/2374285]  written=580000 failed=0
  [585000/2374285]  written=585000 failed=0
  [590000/2374285]  written=590000 failed=0
  [595000/2374285]  written=595000 failed=0
  [600000/2374285]  written=600000 failed=0
  [605000/2374285]  written=605000 failed=0
  [610000/2374285]  written=610000 failed=0
  [615000/2374285]  written=615000 failed=0
  [620000/2374285]  written=620000 failed=0
  [625000/2374285]  written=625000 failed=0
  [630000/2374285]  written=630000 failed=0
  [635000/2374285]  written=635000 failed=0
  [640000/2374285]  written=640000 failed=0
  [645000/2374285]  written=645000 failed=0
  [650000/2374285]  written=650000 failed=0
  [655000/2374285]  written=655000 failed=0
  [660000/2374285]  written=660000 failed=0
  [665000/2374285]  written=665000 failed=0
  [670000/2374285]  written=670000 failed=0
  [675000/2374285]  written=675000 failed=0
  [680000/2374285]  written=680000 failed=0
  [685000/2374285]  written=685000 failed=0
  [690000/2374285]  written=690000 failed=0
  [695000/2374285]  written=695000 failed=0
  [700000/2374285]  written=700000 failed=0
  [705000/2374285]  written=705000 failed=0
  [710000/2374285]  written=710000 failed=0
  [715000/2374285]  written=715000 failed=0
  [720000/2374285]  written=720000 failed=0
  [725000/2374285]  written=725000 failed=0
  [730000/2374285]  written=730000 failed=0
  [735000/2374285]  written=735000 failed=0
  [740000/2374285]  written=740000 failed=0
  [745000/2374285]  written=745000 failed=0
  [750000/2374285]  written=750000 failed=0
  [755000/2374285]  written=755000 failed=0
  [760000/2374285]  written=760000 failed=0
  [765000/2374285]  written=765000 failed=0
  [770000/2374285]  written=770000 failed=0
  [775000/2374285]  written=775000 failed=0
  [780000/2374285]  written=780000 failed=0
  [785000/2374285]  written=785000 failed=0
  [790000/2374285]  written=790000 failed=0
  [795000/2374285]  written=795000 failed=0
  [800000/2374285]  written=800000 failed=0
  [805000/2374285]  written=805000 failed=0
  [810000/2374285]  written=810000 failed=0
  [815000/2374285]  written=815000 failed=0
  [820000/2374285]  written=820000 failed=0
  [825000/2374285]  written=825000 failed=0
  [830000/2374285]  written=830000 failed=0
  [835000/2374285]  written=835000 failed=0
  [840000/2374285]  written=840000 failed=0
  [845000/2374285]  written=845000 failed=0
  [850000/2374285]  written=850000 failed=0
  [855000/2374285]  written=855000 failed=0
  [860000/2374285]  written=860000 failed=0
  [865000/2374285]  written=865000 failed=0
  [870000/2374285]  written=870000 failed=0
  [875000/2374285]  written=875000 failed=0
  [880000/2374285]  written=880000 failed=0
  [885000/2374285]  written=885000 failed=0
  [890000/2374285]  written=890000 failed=0
  [895000/2374285]  written=895000 failed=0
  [900000/2374285]  written=900000 failed=0
  [905000/2374285]  written=905000 failed=0
  [910000/2374285]  written=910000 failed=0
  [915000/2374285]  written=915000 failed=0
  [920000/2374285]  written=920000 failed=0
  [925000/2374285]  written=925000 failed=0
  [930000/2374285]  written=930000 failed=0
  [935000/2374285]  written=935000 failed=0
  [940000/2374285]  written=940000 failed=0
  [945000/2374285]  written=945000 failed=0
  [950000/2374285]  written=950000 failed=0
  [955000/2374285]  written=955000 failed=0
  [960000/2374285]  written=960000 failed=0
  [965000/2374285]  written=965000 failed=0
  [970000/2374285]  written=970000 failed=0
  [975000/2374285]  written=975000 failed=0
  [980000/2374285]  written=980000 failed=0
  [985000/2374285]  written=985000 failed=0
  [990000/2374285]  written=990000 failed=0
  [995000/2374285]  written=995000 failed=0
  [1000000/2374285]  written=1000000 failed=0
  [1005000/2374285]  written=1005000 failed=0
  [1010000/2374285]  written=1010000 failed=0
  [1015000/2374285]  written=1015000 failed=0
  [1020000/2374285]  written=1020000 failed=0
  [1025000/2374285]  written=1025000 failed=0
  [1030000/2374285]  written=1030000 failed=0
  [1035000/2374285]  written=1035000 failed=0
  [1040000/2374285]  written=1040000 failed=0
  [1045000/2374285]  written=1045000 failed=0
  [1050000/2374285]  written=1050000 failed=0
  [1055000/2374285]  written=1055000 failed=0
  [1060000/2374285]  written=1060000 failed=0
  [1065000/2374285]  written=1065000 failed=0
  [1070000/2374285]  written=1070000 failed=0
  [1075000/2374285]  written=1075000 failed=0
  [1080000/2374285]  written=1080000 failed=0
  [1085000/2374285]  written=1085000 failed=0
  [1090000/2374285]  written=1090000 failed=0
  [1095000/2374285]  written=1095000 failed=0
  [1100000/2374285]  written=1100000 failed=0
  [1105000/2374285]  written=1105000 failed=0
  [1110000/2374285]  written=1110000 failed=0
  [1115000/2374285]  written=1115000 failed=0
  [1120000/2374285]  written=1120000 failed=0
  [1125000/2374285]  written=1125000 failed=0
  [1130000/2374285]  written=1130000 failed=0
  [1135000/2374285]  written=1135000 failed=0
  [1140000/2374285]  written=1140000 failed=0
  [1145000/2374285]  written=1145000 failed=0
  [1150000/2374285]  written=1150000 failed=0
  [1155000/2374285]  written=1155000 failed=0
  [1160000/2374285]  written=1160000 failed=0
  [1165000/2374285]  written=1165000 failed=0
  [1170000/2374285]  written=1170000 failed=0
  [1175000/2374285]  written=1175000 failed=0
  [1180000/2374285]  written=1180000 failed=0
  [1185000/2374285]  written=1185000 failed=0
  [1190000/2374285]  written=1190000 failed=0
  [1195000/2374285]  written=1195000 failed=0
  [1200000/2374285]  written=1200000 failed=0
  [1205000/2374285]  written=1205000 failed=0
  [1210000/2374285]  written=1210000 failed=0
  [1215000/2374285]  written=1215000 failed=0
  [1220000/2374285]  written=1220000 failed=0
  [1225000/2374285]  written=1225000 failed=0
  [1230000/2374285]  written=1230000 failed=0
  [1235000/2374285]  written=1235000 failed=0
  [1240000/2374285]  written=1240000 failed=0
  [1245000/2374285]  written=1245000 failed=0
  [1250000/2374285]  written=1250000 failed=0
  [1255000/2374285]  written=1255000 failed=0
  [1260000/2374285]  written=1260000 failed=0
  [1265000/2374285]  written=1265000 failed=0
  [1270000/2374285]  written=1270000 failed=0
  [1275000/2374285]  written=1275000 failed=0
  [1280000/2374285]  written=1280000 failed=0
  [1285000/2374285]  written=1285000 failed=0
  [1290000/2374285]  written=1290000 failed=0
  [1295000/2374285]  written=1295000 failed=0
  [1300000/2374285]  written=1300000 failed=0
  [1305000/2374285]  written=1305000 failed=0
  [1310000/2374285]  written=1310000 failed=0
  [1315000/2374285]  written=1315000 failed=0
  [1320000/2374285]  written=1320000 failed=0
  [1325000/2374285]  written=1325000 failed=0
  [1330000/2374285]  written=1330000 failed=0
  [1335000/2374285]  written=1335000 failed=0
  [1340000/2374285]  written=1340000 failed=0
  [1345000/2374285]  written=1345000 failed=0
  [1350000/2374285]  written=1350000 failed=0
  [1355000/2374285]  written=1355000 failed=0
  [1360000/2374285]  written=1360000 failed=0
  [1365000/2374285]  written=1365000 failed=0
  [1370000/2374285]  written=1370000 failed=0
  [1375000/2374285]  written=1375000 failed=0
  [1380000/2374285]  written=1380000 failed=0
  [1385000/2374285]  written=1385000 failed=0
  [1390000/2374285]  written=1390000 failed=0
  [1395000/2374285]  written=1395000 failed=0
  [1400000/2374285]  written=1400000 failed=0
  [1405000/2374285]  written=1405000 failed=0
  [1410000/2374285]  written=1410000 failed=0
  [1415000/2374285]  written=1415000 failed=0
  [1420000/2374285]  written=1420000 failed=0
  [1425000/2374285]  written=1425000 failed=0
  [1430000/2374285]  written=1430000 failed=0
  [1435000/2374285]  written=1435000 failed=0
  [1440000/2374285]  written=1440000 failed=0
  [1445000/2374285]  written=1445000 failed=0
  [1450000/2374285]  written=1450000 failed=0
  [1455000/2374285]  written=1455000 failed=0
  [1460000/2374285]  written=1460000 failed=0
  [1465000/2374285]  written=1465000 failed=0
  [1470000/2374285]  written=1470000 failed=0
  [1475000/2374285]  written=1475000 failed=0
  [1480000/2374285]  written=1480000 failed=0
  [1485000/2374285]  written=1485000 failed=0
  [1490000/2374285]  written=1490000 failed=0
  [1495000/2374285]  written=1495000 failed=0
  [1500000/2374285]  written=1500000 failed=0
  [1505000/2374285]  written=1505000 failed=0
  [1510000/2374285]  written=1510000 failed=0
  [1515000/2374285]  written=1515000 failed=0
  [1520000/2374285]  written=1520000 failed=0
  [1525000/2374285]  written=1525000 failed=0
  [1530000/2374285]  written=1530000 failed=0
  [1535000/2374285]  written=1535000 failed=0
  [1540000/2374285]  written=1540000 failed=0
  [1545000/2374285]  written=1545000 failed=0
  [1550000/2374285]  written=1550000 failed=0
  [1555000/2374285]  written=1555000 failed=0
  [1560000/2374285]  written=1560000 failed=0
  [1565000/2374285]  written=1565000 failed=0
  [1570000/2374285]  written=1570000 failed=0
  [1575000/2374285]  written=1575000 failed=0
  [1580000/2374285]  written=1580000 failed=0
  [1585000/2374285]  written=1585000 failed=0
  [1590000/2374285]  written=1590000 failed=0
  [1595000/2374285]  written=1595000 failed=0
  [1600000/2374285]  written=1600000 failed=0
  [1605000/2374285]  written=1605000 failed=0
  [1610000/2374285]  written=1610000 failed=0
  [1615000/2374285]  written=1615000 failed=0
  [1620000/2374285]  written=1620000 failed=0
  [1625000/2374285]  written=1625000 failed=0
  [1630000/2374285]  written=1630000 failed=0
  [1635000/2374285]  written=1635000 failed=0
  [1640000/2374285]  written=1640000 failed=0
  [1645000/2374285]  written=1645000 failed=0
  [1650000/2374285]  written=1650000 failed=0
  [1655000/2374285]  written=1655000 failed=0
  [1660000/2374285]  written=1660000 failed=0
  [1665000/2374285]  written=1665000 failed=0
  [1670000/2374285]  written=1670000 failed=0
  [1675000/2374285]  written=1675000 failed=0
  [1680000/2374285]  written=1680000 failed=0
  [1685000/2374285]  written=1685000 failed=0
  [1690000/2374285]  written=1690000 failed=0
  [1695000/2374285]  written=1695000 failed=0
  [1700000/2374285]  written=1700000 failed=0
  [1705000/2374285]  written=1705000 failed=0
  [1710000/2374285]  written=1710000 failed=0
  [1715000/2374285]  written=1715000 failed=0
  [1720000/2374285]  written=1720000 failed=0
  [1725000/2374285]  written=1725000 failed=0
  [1730000/2374285]  written=1730000 failed=0
  [1735000/2374285]  written=1735000 failed=0
  [1740000/2374285]  written=1740000 failed=0
  [1745000/2374285]  written=1745000 failed=0
  [1750000/2374285]  written=1750000 failed=0
  [1755000/2374285]  written=1755000 failed=0
  [1760000/2374285]  written=1760000 failed=0
  [1765000/2374285]  written=1765000 failed=0
  [1770000/2374285]  written=1770000 failed=0
  [1775000/2374285]  written=1775000 failed=0
  [1780000/2374285]  written=1780000 failed=0
  [1785000/2374285]  written=1785000 failed=0
  [1790000/2374285]  written=1790000 failed=0
  [1795000/2374285]  written=1795000 failed=0
  [1800000/2374285]  written=1800000 failed=0
  [1805000/2374285]  written=1805000 failed=0
  [1810000/2374285]  written=1810000 failed=0
  [1815000/2374285]  written=1815000 failed=0
  [1820000/2374285]  written=1820000 failed=0
  [1825000/2374285]  written=1825000 failed=0
  [1830000/2374285]  written=1830000 failed=0
  [1835000/2374285]  written=1835000 failed=0
  [1840000/2374285]  written=1840000 failed=0
  [1845000/2374285]  written=1845000 failed=0
  [1850000/2374285]  written=1850000 failed=0
  [1855000/2374285]  written=1855000 failed=0
  [1860000/2374285]  written=1860000 failed=0
  [1865000/2374285]  written=1865000 failed=0
  [1870000/2374285]  written=1870000 failed=0
  [1875000/2374285]  written=1875000 failed=0
  [1880000/2374285]  written=1880000 failed=0
  [1885000/2374285]  written=1885000 failed=0
  [1890000/2374285]  written=1890000 failed=0
  [1895000/2374285]  written=1895000 failed=0
  [1900000/2374285]  written=1900000 failed=0
  [1905000/2374285]  written=1905000 failed=0
  [1910000/2374285]  written=1910000 failed=0
  [1915000/2374285]  written=1915000 failed=0
  [1920000/2374285]  written=1920000 failed=0
  [1925000/2374285]  written=1925000 failed=0
  [1930000/2374285]  written=1930000 failed=0
  [1935000/2374285]  written=1935000 failed=0
  [1940000/2374285]  written=1940000 failed=0
  [1945000/2374285]  written=1945000 failed=0
  [1950000/2374285]  written=1950000 failed=0
  [1955000/2374285]  written=1955000 failed=0
  [1960000/2374285]  written=1960000 failed=0
  [1965000/2374285]  written=1965000 failed=0
  [1970000/2374285]  written=1970000 failed=0
  [1975000/2374285]  written=1975000 failed=0
  [1980000/2374285]  written=1980000 failed=0
  [1985000/2374285]  written=1985000 failed=0
  [1990000/2374285]  written=1990000 failed=0
  [1995000/2374285]  written=1995000 failed=0
  [2000000/2374285]  written=2000000 failed=0
  [2005000/2374285]  written=2005000 failed=0
  [2010000/2374285]  written=2010000 failed=0
  [2015000/2374285]  written=2015000 failed=0
  [2020000/2374285]  written=2020000 failed=0
  [2025000/2374285]  written=2025000 failed=0
  [2030000/2374285]  written=2030000 failed=0
  [2035000/2374285]  written=2035000 failed=0
  [2040000/2374285]  written=2040000 failed=0
  [2045000/2374285]  written=2045000 failed=0
  [2050000/2374285]  written=2050000 failed=0
  [2055000/2374285]  written=2055000 failed=0
  [2060000/2374285]  written=2060000 failed=0
  [2065000/2374285]  written=2065000 failed=0
  [2070000/2374285]  written=2070000 failed=0
  [2075000/2374285]  written=2075000 failed=0
  [2080000/2374285]  written=2080000 failed=0
  [2085000/2374285]  written=2085000 failed=0
  [2090000/2374285]  written=2090000 failed=0
  [2095000/2374285]  written=2095000 failed=0
  [2100000/2374285]  written=2100000 failed=0
  [2105000/2374285]  written=2105000 failed=0
  [2110000/2374285]  written=2110000 failed=0
  [2115000/2374285]  written=2115000 failed=0
  [2120000/2374285]  written=2120000 failed=0
  [2125000/2374285]  written=2125000 failed=0
  [2130000/2374285]  written=2130000 failed=0
  [2135000/2374285]  written=2135000 failed=0
  [2140000/2374285]  written=2140000 failed=0
  [2145000/2374285]  written=2145000 failed=0
  [2150000/2374285]  written=2150000 failed=0
  [2155000/2374285]  written=2155000 failed=0
  [2160000/2374285]  written=2160000 failed=0
  [2165000/2374285]  written=2165000 failed=0
  [2170000/2374285]  written=2170000 failed=0
  [2175000/2374285]  written=2175000 failed=0
  [2180000/2374285]  written=2180000 failed=0
  [2185000/2374285]  written=2185000 failed=0
  [2190000/2374285]  written=2190000 failed=0
  [2195000/2374285]  written=2195000 failed=0
  [2200000/2374285]  written=2200000 failed=0
  [2205000/2374285]  written=2205000 failed=0
  [2210000/2374285]  written=2210000 failed=0
  [2215000/2374285]  written=2215000 failed=0
  [2220000/2374285]  written=2220000 failed=0
  [2225000/2374285]  written=2225000 failed=0
  [2230000/2374285]  written=2230000 failed=0
  [2235000/2374285]  written=2235000 failed=0
  [2240000/2374285]  written=2240000 failed=0
  [2245000/2374285]  written=2245000 failed=0
  [2250000/2374285]  written=2250000 failed=0
  [2255000/2374285]  written=2255000 failed=0
  [2260000/2374285]  written=2260000 failed=0
  [2265000/2374285]  written=2265000 failed=0
  [2270000/2374285]  written=2270000 failed=0
  [2275000/2374285]  written=2275000 failed=0
  [2280000/2374285]  written=2280000 failed=0
  [2285000/2374285]  written=2285000 failed=0
  [2290000/2374285]  written=2290000 failed=0
  [2295000/2374285]  written=2295000 failed=0
  [2300000/2374285]  written=2300000 failed=0
  [2305000/2374285]  written=2305000 failed=0
  [2310000/2374285]  written=2310000 failed=0
  [2315000/2374285]  written=2315000 failed=0
  [2320000/2374285]  written=2320000 failed=0
  [2325000/2374285]  written=2325000 failed=0
  [2330000/2374285]  written=2330000 failed=0
  [2335000/2374285]  written=2335000 failed=0
  [2340000/2374285]  written=2340000 failed=0
  [2345000/2374285]  written=2345000 failed=0
  [2350000/2374285]  written=2350000 failed=0
  [2355000/2374285]  written=2355000 failed=0
  [2360000/2374285]  written=2360000 failed=0
  [2365000/2374285]  written=2365000 failed=0
  [2370000/2374285]  written=2370000 failed=0
  [2374285/2374285]  written=2374285 failed=0
  [200]  rows_projected=7 candidates=14 (0.0001s/entry)
  [400]  rows_projected=14 candidates=28 (0.0000s/entry)
  [600]  rows_projected=45 candidates=90 (0.0000s/entry)
  [800]  rows_projected=91 candidates=182 (0.0000s/entry)
  [1000]  rows_projected=172 candidates=344 (0.0000s/entry)
  [1200]  rows_projected=332 candidates=664 (0.0000s/entry)
  [1400]  rows_projected=434 candidates=868 (0.0000s/entry)
  [1600]  rows_projected=519 candidates=1038 (0.0000s/entry)
  [1800]  rows_projected=611 candidates=1222 (0.0000s/entry)
  [2000]  rows_projected=713 candidates=1426 (0.0000s/entry)
  [2200]  rows_projected=822 candidates=1644 (0.0000s/entry)
  [2400]  rows_projected=903 candidates=1806 (0.0000s/entry)
  [2600]  rows_projected=963 candidates=1926 (0.0000s/entry)
  [2800]  rows_projected=1034 candidates=2068 (0.0000s/entry)
  [3000]  rows_projected=1072 candidates=2144 (0.0000s/entry)
  [3200]  rows_projected=1072 candidates=2144 (0.0000s/entry)
  [3400]  rows_projected=1072 candidates=2144 (0.0000s/entry)
  [3600]  rows_projected=1074 candidates=2148 (0.0000s/entry)
  [3800]  rows_projected=1074 candidates=2148 (0.0000s/entry)
  [4000]  rows_projected=1074 candidates=2148 (0.0000s/entry)
  [4200]  rows_projected=1074 candidates=2148 (0.0000s/entry)
  [4400]  rows_projected=1074 candidates=2148 (0.0000s/entry)
  [4600]  rows_projected=1074 candidates=2148 (0.0000s/entry)
  [4800]  rows_projected=1074 candidates=2148 (0.0000s/entry)
  [5000]  rows_projected=1075 candidates=2150 (0.0000s/entry)
  [5200]  rows_projected=1075 candidates=2150 (0.0000s/entry)
  [5400]  rows_projected=1079 candidates=2158 (0.0000s/entry)
  [5600]  rows_projected=1081 candidates=2162 (0.0000s/entry)
  [5800]  rows_projected=1081 candidates=2162 (0.0000s/entry)
  [6000]  rows_projected=1081 candidates=2162 (0.0000s/entry)
  [6200]  rows_projected=1081 candidates=2162 (0.0000s/entry)
  [6400]  rows_projected=1081 candidates=2162 (0.0000s/entry)
  [6600]  rows_projected=1081 candidates=2162 (0.0000s/entry)
  [6800]  rows_projected=1081 candidates=2162 (0.0000s/entry)
  [7000]  rows_projected=1081 candidates=2162 (0.0000s/entry)
  [7200]  rows_projected=1081 candidates=2162 (0.0000s/entry)
  [7400]  rows_projected=1088 candidates=2176 (0.0000s/entry)
  [7600]  rows_projected=1088 candidates=2176 (0.0000s/entry)
  [7800]  rows_projected=1088 candidates=2176 (0.0000s/entry)
  [8000]  rows_projected=1089 candidates=2178 (0.0000s/entry)
  [8200]  rows_projected=1089 candidates=2178 (0.0000s/entry)
  [8400]  rows_projected=1089 candidates=2178 (0.0000s/entry)
  [8600]  rows_projected=1089 candidates=2178 (0.0000s/entry)
  [8800]  rows_projected=1094 candidates=2188 (0.0000s/entry)
  [9000]  rows_projected=1094 candidates=2188 (0.0000s/entry)
  [9200]  rows_projected=1094 candidates=2188 (0.0000s/entry)
  [9400]  rows_projected=1094 candidates=2188 (0.0000s/entry)
  [9600]  rows_projected=1094 candidates=2188 (0.0000s/entry)
  [9800]  rows_projected=1094 candidates=2188 (0.0000s/entry)
  [10000]  rows_projected=1096 candidates=2192 (0.0000s/entry)
  [10200]  rows_projected=1096 candidates=2192 (0.0000s/entry)
  [10400]  rows_projected=1096 candidates=2192 (0.0000s/entry)
  [10600]  rows_projected=1096 candidates=2192 (0.0000s/entry)
  [10800]  rows_projected=1096 candidates=2192 (0.0000s/entry)
  [11000]  rows_projected=1096 candidates=2192 (0.0000s/entry)
  [11200]  rows_projected=1098 candidates=2196 (0.0000s/entry)
  [11400]  rows_projected=1098 candidates=2196 (0.0000s/entry)
  [11600]  rows_projected=1098 candidates=2196 (0.0000s/entry)
  [11800]  rows_projected=1098 candidates=2196 (0.0000s/entry)
  [12000]  rows_projected=1098 candidates=2196 (0.0000s/entry)
  [12200]  rows_projected=1098 candidates=2196 (0.0000s/entry)
  [12400]  rows_projected=1103 candidates=2206 (0.0000s/entry)
  [12600]  rows_projected=1103 candidates=2206 (0.0000s/entry)
  [12800]  rows_projected=1103 candidates=2206 (0.0000s/entry)
  [13000]  rows_projected=1107 candidates=2214 (0.0000s/entry)
  [13200]  rows_projected=1107 candidates=2214 (0.0000s/entry)
  [13400]  rows_projected=1107 candidates=2214 (0.0000s/entry)
  [13600]  rows_projected=1107 candidates=2214 (0.0000s/entry)
  [13800]  rows_projected=1107 candidates=2214 (0.0000s/entry)
  [14000]  rows_projected=1107 candidates=2214 (0.0000s/entry)
  [14200]  rows_projected=1107 candidates=2214 (0.0000s/entry)
  [14400]  rows_projected=1107 candidates=2214 (0.0000s/entry)
  [14600]  rows_projected=1107 candidates=2214 (0.0000s/entry)
  [14800]  rows_projected=1109 candidates=2218 (0.0000s/entry)
  [15000]  rows_projected=1109 candidates=2218 (0.0000s/entry)
  [15200]  rows_projected=1109 candidates=2218 (0.0000s/entry)
  [15400]  rows_projected=1109 candidates=2218 (0.0000s/entry)
  [15600]  rows_projected=1109 candidates=2218 (0.0000s/entry)
  [15800]  rows_projected=1109 candidates=2218 (0.0000s/entry)
  [16000]  rows_projected=1109 candidates=2218 (0.0000s/entry)
  [16200]  rows_projected=1110 candidates=2220 (0.0000s/entry)
  [16400]  rows_projected=1110 candidates=2220 (0.0000s/entry)
  [16600]  rows_projected=1110 candidates=2220 (0.0000s/entry)
  [16800]  rows_projected=1110 candidates=2220 (0.0000s/entry)
  [17000]  rows_projected=1112 candidates=2224 (0.0000s/entry)
  [17200]  rows_projected=1112 candidates=2224 (0.0000s/entry)
  [17400]  rows_projected=1112 candidates=2224 (0.0000s/entry)
  [17600]  rows_projected=1112 candidates=2224 (0.0000s/entry)
  [17800]  rows_projected=1112 candidates=2224 (0.0000s/entry)
  [18000]  rows_projected=1113 candidates=2226 (0.0000s/entry)
  [18200]  rows_projected=1113 candidates=2226 (0.0000s/entry)
  [18400]  rows_projected=1113 candidates=2226 (0.0000s/entry)
  [18600]  rows_projected=1113 candidates=2226 (0.0000s/entry)
  [18800]  rows_projected=1113 candidates=2226 (0.0000s/entry)
  [19000]  rows_projected=1113 candidates=2226 (0.0000s/entry)
  [19200]  rows_projected=1115 candidates=2230 (0.0000s/entry)
  [19400]  rows_projected=1115 candidates=2230 (0.0000s/entry)
  [19600]  rows_projected=1115 candidates=2230 (0.0000s/entry)
  [19800]  rows_projected=1115 candidates=2230 (0.0000s/entry)
  [20000]  rows_projected=1115 candidates=2230 (0.0000s/entry)
  [20200]  rows_projected=1115 candidates=2230 (0.0000s/entry)
  [20400]  rows_projected=1117 candidates=2234 (0.0000s/entry)
  [20600]  rows_projected=1117 candidates=2234 (0.0000s/entry)
  [20800]  rows_projected=1117 candidates=2234 (0.0000s/entry)
  [21000]  rows_projected=1117 candidates=2234 (0.0000s/entry)
  [21200]  rows_projected=1117 candidates=2234 (0.0000s/entry)
  [21400]  rows_projected=1117 candidates=2234 (0.0000s/entry)
  [21600]  rows_projected=1117 candidates=2234 (0.0000s/entry)
  [21800]  rows_projected=1117 candidates=2234 (0.0000s/entry)
  [22000]  rows_projected=1117 candidates=2234 (0.0000s/entry)
  [22200]  rows_projected=1117 candidates=2234 (0.0000s/entry)
  [22400]  rows_projected=1117 candidates=2234 (0.0000s/entry)
  [22600]  rows_projected=1117 candidates=2234 (0.0000s/entry)
  [22800]  rows_projected=1117 candidates=2234 (0.0000s/entry)
  [23000]  rows_projected=1129 candidates=2258 (0.0000s/entry)
  [23094/23094]  rows_projected=1138 candidates=2276 rows_written=1488 (0.0000s/entry)
## L3 enrichment chain

- Order: normalize-ocr → link-lemmas → apply-curation → apply-gloss-suppressions → apply-gloss-additions → apply-etymon-splits → decompose → cluster-cognates → classify-stratum → derive-english-shaped → tag-phonological-vectors → project-period-forms
- Applied: True

### OCR clustering (`cluster-ocr-v1`)
- Variant groups: 53719
- Etymons merged: 58713

### Lemma linkage (`link-lemmas-v1`)
- Inflected etymons linked: 97615

## L3 enrichment: curation overrides

- Method version: `manual-curation-v1`
- Curations processed: 5
- Lemma overrides set: 0
- Lemma overrides cleared: 1
- Merge overrides set: 4
- Merge overrides cleared: 0

## L3 enrichment: gloss suppressions

- Method version: `gloss-suppression-v1`
- Etymons touched: 25
- Glosses dropped: 28

## L3 enrichment: gloss additions

- Method version: `gloss-add-v1`
- Etymons touched: 2
- Glosses added: 1
- Additions already on etymon (idempotent): 1

## L3 enrichment: etymon splits

- Method version: `etymon-split-v1`
- Splits processed: 5
- Children created: 10
- Glosses moved: 12
- Tags moved: 0
- Citations moved to primary: 13
- Descent edges moved to primary: 11
- Etymology elements moved to primary: 14

### Decomposition
- Toponyms scanned: 21207
- Decompositions written: 360959
- Rule firings: scholar=98, scholar-disagreement=5, unique-zero=1832, tiebreaker=2740, no-canonical=16532

### Cognate clustering
- Roots walked: 137724
- Cognate_id assignments: 653780

### Stratum classification
- welsh: proposed=31352, written=31352, skipped=0
  - by stratum: brittonic-substrate=3525, english-loan=2241, latin-loan=738, medieval-welsh=2913, native-welsh=21935
- french: proposed=36547, written=36547, skipped=0
  - by stratum: frankish-substrate=520, gallo-roman=811, gaulish-substrate=831, medieval-french=18838, native-french=15547
- old-english: proposed=71822, written=71822, skipped=0
  - by stratum: celtic-substrate=27, latin-loan=458, native-old-english=71239, norse-loan=98
- old-norse: proposed=19325, written=19325, skipped=0
  - by stratum: east-norse=4626, english-loan=89, gaelic-substrate=38, latin-loan=72, low-german-loan=170, native-old-norse=14330

### English-shaped derivation
- Candidates: 137027
- Written: 48170
- Skipped (no input): 88857

### Period-form projection
- Rows scanned: 23094
- Projected: 1138
- Candidates: 2276
- Rows written: 1488
launching ingest at 05:19UTC
Using DB /home/devon/.wyrd/lexicon.db
Error: --candidates-out data/mining/phase2_candidates/unresolved.jsonl already exists; pass --force to overwrite
re-launching ingest with --force at 05:20UTC
Using DB /home/devon/.wyrd/lexicon.db
warning: --force overwriting existing data/mining/phase2_candidates/unresolved.jsonl
  loaded 10,000 mentions...
  loaded 20,000 mentions...
  loaded 30,000 mentions...
  loaded 40,000 mentions...
  loaded 50,000 mentions...
  loaded 60,000 mentions...
  loaded 70,000 mentions...
  loaded 80,000 mentions...
  loaded 90,000 mentions...
  loaded 100,000 mentions...
  loaded 110,000 mentions...
  loaded 120,000 mentions...
  loaded 130,000 mentions...
  loaded 140,000 mentions...
  loaded 150,000 mentions...
  loaded 160,000 mentions...
  loaded 170,000 mentions...
  loaded 180,000 mentions...
  loaded 190,000 mentions...
  loaded 200,000 mentions...
  loaded 210,000 mentions...
  loaded 220,000 mentions...
  loaded 230,000 mentions...
  loaded 240,000 mentions...
  loaded 250,000 mentions...
  loaded 260,000 mentions...
  loaded 270,000 mentions...
  loaded 280,000 mentions...
  loaded 290,000 mentions...
  loaded 300,000 mentions...
  loaded 310,000 mentions...
  loaded 320,000 mentions...
  loaded 330,000 mentions...
  loaded 340,000 mentions...
  loaded 350,000 mentions...
  loaded 360,000 mentions...
  loaded 370,000 mentions...
  loaded 380,000 mentions...
  loaded 390,000 mentions...
  loaded 400,000 mentions...
  loaded 410,000 mentions...
  loaded 420,000 mentions...
  loaded 430,000 mentions...
  loaded 440,000 mentions...
  loaded 450,000 mentions...
  loaded 460,000 mentions...
  loaded 470,000 mentions...
  loaded 480,000 mentions...
  loaded 490,000 mentions...
  loaded 500,000 mentions...
  loaded 510,000 mentions...
  loaded 520,000 mentions...
  loaded 530,000 mentions...
  loaded 540,000 mentions...
  loaded 550,000 mentions...
  loaded 560,000 mentions...
  loaded 570,000 mentions...
  loaded 580,000 mentions...
  loaded 590,000 mentions...
  loaded 600,000 mentions...
  loaded 610,000 mentions...
  loaded 620,000 mentions...
  loaded 630,000 mentions...
  loaded 640,000 mentions...
  loaded 650,000 mentions...
  loaded 660,000 mentions...
Loaded 669,837 mentions across 56 source(s)
Built resolver indexes: 18,931 forms, 20,214 toponyms with region
  [1/56] arbois_1890_recherches_propriete_fonciere: processed=13079 resolved=408 unresolved=12671 inserted=223 dup=185
  [2/56] bannister_1871_cornish_names: processed=17478 resolved=686 unresolved=16792 inserted=408 dup=278
  [3/56] bannister_1916_herefordshire: processed=8983 resolved=1853 unresolved=7130 inserted=771 dup=1082
  [4/56] coates_2020_grimsby_cleethorpes: processed=2926 resolved=700 unresolved=2226 inserted=215 dup=485
  [5/56] duignan_1902_staffordshire: processed=5140 resolved=1281 unresolved=3859 inserted=589 dup=692
  [6/56] ekwall_1922_lancashire: processed=19392 resolved=3040 unresolved=16352 inserted=1149 dup=1891
  [7/56] ekwall_1928_river_names: processed=24677 resolved=4489 unresolved=20188 inserted=2312 dup=2177
  [8/56] gillies_1906_argyll: processed=7265 resolved=212 unresolved=7053 inserted=110 dup=102
  [9/56] goodall_1914_sw_yorkshire: processed=12414 resolved=2588 unresolved=9826 inserted=1162 dup=1426
  [10/56] gover_stenton_1936_warwickshire: processed=16452 resolved=1960 unresolved=14492 inserted=1101 dup=859
  [11/56] harrison_1898_liverpool: processed=1640 resolved=309 unresolved=1331 inserted=150 dup=159
  [12/56] hill_1914_somerset: processed=1085 resolved=221 unresolved=864 inserted=148 dup=73
  [13/56] horsley_1921_kent: processed=2637 resolved=654 unresolved=1983 inserted=328 dup=326
  [14/56] johnston_1892_place_names_of_scotland: processed=12105 resolved=807 unresolved=11298 inserted=445 dup=362
  [15/56] johnston_1904_stirlingshire: processed=2232 resolved=410 unresolved=1822 inserted=183 dup=227
  [16/56] johnston_1915_place_names_of_england_and_wales: processed=27526 resolved=6619 unresolved=20907 inserted=4510 dup=2109
  [17/56] joret_1881_patois_normand_bessin: processed=371 resolved=11 unresolved=360 inserted=3 dup=8
  [18/56] joyce_1875_irish_names_vol1: processed=11672 resolved=344 unresolved=11328 inserted=107 dup=237
  [19/56] joyce_1875_irish_names_vol2: processed=11858 resolved=354 unresolved=11504 inserted=110 dup=244
  [20/56] joyce_1898_irish_names_vol3: processed=19730 resolved=207 unresolved=19523 inserted=88 dup=119
  [21/56] joyce_1913_irish_names_of_places: processed=19600 resolved=207 unresolved=19393 inserted=85 dup=122
  [22/56] lindkvist_1912_scandinavian_place_names: processed=8677 resolved=1195 unresolved=7482 inserted=738 dup=457
  [23/56] longnon_1920_noms_de_lieu_france_v1: processed=12247 resolved=138 unresolved=12109 inserted=63 dup=75
  [24/56] longnon_1920_noms_de_lieu_france_v2: processed=8463 resolved=53 unresolved=8410 inserted=14 dup=39
  [25/56] loth_1890_chrestomathie_bretonne: processed=9981 resolved=64 unresolved=9917 inserted=39 dup=25
  [26/56] macbain_1922_highlands_and_islands: processed=7929 resolved=384 unresolved=7545 inserted=149 dup=235
  [27/56] mawer_1920_northumberland_durham: processed=12037 resolved=3099 unresolved=8938 inserted=18 dup=3081
  [28/56] mawer_1922_place_names_and_history: processed=618 resolved=111 unresolved=507 inserted=104 dup=7
  [29/56] mawer_1924_chief_elements: processed=2652 resolved=893 unresolved=1759 inserted=796 dup=97
  [30/56] mawer_stenton_1924_introduction_to_survey: processed=8188 resolved=2465 unresolved=5723 inserted=1689 dup=776
  [31/56] mawer_stenton_1925_buckinghamshire: processed=16479 resolved=2783 unresolved=13696 inserted=855 dup=1928
  [32/56] mawer_stenton_1927_worcestershire: processed=25927 resolved=4352 unresolved=21575 inserted=1516 dup=2836
  [33/56] mawer_stenton_1930_sussex: processed=30923 resolved=2563 unresolved=28360 inserted=1065 dup=1498
  [34/56] mcclure_1910_british_place_names: processed=22567 resolved=2873 unresolved=19694 inserted=758 dup=2115
  [35/56] moore_1890_isle_of_man: processed=12555 resolved=695 unresolved=11860 inserted=172 dup=523
  [36/56] moorman_1910_west_riding_yorkshire: processed=15200 resolved=3447 unresolved=11753 inserted=1328 dup=2119
  [37/56] morgan_1887_wales_monmouthshire: processed=8025 resolved=657 unresolved=7368 inserted=240 dup=417
  [38/56] morgan_1912_wales: processed=6927 resolved=703 unresolved=6224 inserted=218 dup=485
  [39/56] quilgars_1906_loire_inferieure: processed=68084 resolved=58 unresolved=68026 inserted=17 dup=41
  [40/56] roberts_1914_sussex: processed=10485 resolved=1916 unresolved=8569 inserted=716 dup=1200
  [41/56] sedgefield_1915_cumberland_westmorland: processed=14491 resolved=1189 unresolved=13302 inserted=363 dup=826
  [42/56] skeat_1901_cambridgeshire: processed=4200 resolved=1214 unresolved=2986 inserted=338 dup=876
  [43/56] skeat_1904_hertfordshire: processed=3586 resolved=712 unresolved=2874 inserted=258 dup=454
  [44/56] skeat_1904_huntingdonshire: processed=3378 resolved=918 unresolved=2460 inserted=471 dup=447
  [45/56] skeat_1906_bedfordshire: processed=2382 resolved=746 unresolved=1636 inserted=278 dup=468
  [46/56] skeat_1911_berkshire: processed=2611 resolved=771 unresolved=1840 inserted=290 dup=481
  [47/56] skeat_1913_suffolk: processed=4613 resolved=1329 unresolved=3284 inserted=506 dup=823
  [48/56] smith_1928_north_riding_yorkshire: processed=13696 resolved=2918 unresolved=10778 inserted=1558 dup=1360
  [49/56] smith_1937_east_riding_yorkshire: processed=16881 resolved=3629 unresolved=13252 inserted=1555 dup=2074
  [50/56] smith_1961_west_riding_yorkshire_pt1: processed=9612 resolved=641 unresolved=8971 inserted=421 dup=220
  [51/56] smith_1986_west_riding_yorkshire_pt2: processed=14084 resolved=814 unresolved=13270 inserted=525 dup=289
  [52/56] taylor_1893_words_and_places: processed=5815 resolved=518 unresolved=5297 inserted=339 dup=179
  [53/56] watson_1904_ross_and_cromarty: processed=10825 resolved=205 unresolved=10620 inserted=97 dup=108
  [54/56] watson_1926_celtic_place_names_of_scotland: processed=20455 resolved=1064 unresolved=19391 inserted=292 dup=772
  [55/56] wyld_hirst_1911_lancashire: processed=11453 resolved=1292 unresolved=10161 inserted=696 dup=596
  [56/56] zachrisson_1909_anglo_norman_influence: processed=5529 resolved=1199 unresolved=4330 inserted=639 dup=560

TOTAL processed=669837 resolved=74968 unresolved=594869 inserted=33318 dup=41650 (APPLIED)
Wrote 594869 unresolved → data/mining/phase2_candidates/unresolved.jsonl
=== step 4: mine-empirical-baselines --apply ===
  [5000] scanned  emitted=0 skip_country_unknown=4999 skip_country_unmapped=0 skip_year_unknown=0 skip_year_out_of_range=0 skip_no_tag=0
  [10000] scanned  emitted=0 skip_country_unknown=9999 skip_country_unmapped=0 skip_year_unknown=0 skip_year_out_of_range=0 skip_no_tag=0
  [14294] scanned  emitted=0 skip_country_unknown=14294 skip_country_unmapped=0 skip_year_unknown=0 skip_year_out_of_range=0 skip_no_tag=0
mine-empirical-baselines:
  scanned= 14294  emitted=     0  native_cells=    0  loan_cells=    0
  skipped: country_unknown=14294  country_unmapped=    0  year_unknown=    0  year_out_of_range=    0  no_tag=    0
=== backfill-toponym-country (missing from handoff Phase B; needed for baselines) ===
backfill-toponym-country:
  inspected=4026  updated=2948  merged=0  region_unknown=1078
=== re-run mine-empirical-baselines --apply ===
  [5000] scanned  emitted=629 skip_country_unknown=1218 skip_country_unmapped=1576 skip_year_unknown=759 skip_year_out_of_range=0 skip_no_tag=817
  [10000] scanned  emitted=1830 skip_country_unknown=1267 skip_country_unmapped=2972 skip_year_unknown=1725 skip_year_out_of_range=0 skip_no_tag=2205
  [14294] scanned  emitted=2107 skip_country_unknown=3104 skip_country_unmapped=3987 skip_year_unknown=2556 skip_year_out_of_range=0 skip_no_tag=2540
mine-empirical-baselines:
  scanned= 14294  emitted=  2107  native_cells=  811  loan_cells=  811
  skipped: country_unknown= 3104  country_unmapped= 3987  year_unknown= 2556  year_out_of_range=    0  no_tag= 2540
=== step 5: dump-empirical-priors ===
dump-empirical-priors:
  wrote 169 native cells + 282 loan cells to data/mining/reports/after-rebuild-20260529/empirical_priors.json
=== step 6: tag-phonological-vectors --apply --force at 05:21UTC ===
  [5000/2374285]  written=5000 failed=0
  [10000/2374285]  written=10000 failed=0
  [15000/2374285]  written=15000 failed=0
  [20000/2374285]  written=20000 failed=0
  [25000/2374285]  written=25000 failed=0
  [30000/2374285]  written=30000 failed=0
  [35000/2374285]  written=35000 failed=0
  [40000/2374285]  written=40000 failed=0
  [45000/2374285]  written=45000 failed=0
  [50000/2374285]  written=50000 failed=0
  [55000/2374285]  written=55000 failed=0
  [60000/2374285]  written=60000 failed=0
  [65000/2374285]  written=65000 failed=0
  [70000/2374285]  written=70000 failed=0
  [75000/2374285]  written=75000 failed=0
  [80000/2374285]  written=80000 failed=0
  [85000/2374285]  written=85000 failed=0
  [90000/2374285]  written=90000 failed=0
  [95000/2374285]  written=95000 failed=0
  [100000/2374285]  written=100000 failed=0
  [105000/2374285]  written=105000 failed=0
  [110000/2374285]  written=110000 failed=0
  [115000/2374285]  written=115000 failed=0
  [120000/2374285]  written=120000 failed=0
  [125000/2374285]  written=125000 failed=0
  [130000/2374285]  written=130000 failed=0
  [135000/2374285]  written=135000 failed=0
  [140000/2374285]  written=140000 failed=0
  [145000/2374285]  written=145000 failed=0
  [150000/2374285]  written=150000 failed=0
  [155000/2374285]  written=155000 failed=0
  [160000/2374285]  written=160000 failed=0
  [165000/2374285]  written=165000 failed=0
  [170000/2374285]  written=170000 failed=0
  [175000/2374285]  written=175000 failed=0
  [180000/2374285]  written=180000 failed=0
  [185000/2374285]  written=185000 failed=0
  [190000/2374285]  written=190000 failed=0
  [195000/2374285]  written=195000 failed=0
  [200000/2374285]  written=200000 failed=0
  [205000/2374285]  written=205000 failed=0
  [210000/2374285]  written=210000 failed=0
  [215000/2374285]  written=215000 failed=0
  [220000/2374285]  written=220000 failed=0
  [225000/2374285]  written=225000 failed=0
  [230000/2374285]  written=230000 failed=0
  [235000/2374285]  written=235000 failed=0
  [240000/2374285]  written=240000 failed=0
  [245000/2374285]  written=245000 failed=0
  [250000/2374285]  written=250000 failed=0
  [255000/2374285]  written=255000 failed=0
  [260000/2374285]  written=260000 failed=0
  [265000/2374285]  written=265000 failed=0
  [270000/2374285]  written=270000 failed=0
  [275000/2374285]  written=275000 failed=0
  [280000/2374285]  written=280000 failed=0
  [285000/2374285]  written=285000 failed=0
  [290000/2374285]  written=290000 failed=0
  [295000/2374285]  written=295000 failed=0
  [300000/2374285]  written=300000 failed=0
  [305000/2374285]  written=305000 failed=0
  [310000/2374285]  written=310000 failed=0
  [315000/2374285]  written=315000 failed=0
  [320000/2374285]  written=320000 failed=0
  [325000/2374285]  written=325000 failed=0
  [330000/2374285]  written=330000 failed=0
  [335000/2374285]  written=335000 failed=0
  [340000/2374285]  written=340000 failed=0
  [345000/2374285]  written=345000 failed=0
  [350000/2374285]  written=350000 failed=0
  [355000/2374285]  written=355000 failed=0
  [360000/2374285]  written=360000 failed=0
  [365000/2374285]  written=365000 failed=0
  [370000/2374285]  written=370000 failed=0
  [375000/2374285]  written=375000 failed=0
  [380000/2374285]  written=380000 failed=0
  [385000/2374285]  written=385000 failed=0
  [390000/2374285]  written=390000 failed=0
  [395000/2374285]  written=395000 failed=0
  [400000/2374285]  written=400000 failed=0
  [405000/2374285]  written=405000 failed=0
  [410000/2374285]  written=410000 failed=0
  [415000/2374285]  written=415000 failed=0
  [420000/2374285]  written=420000 failed=0
  [425000/2374285]  written=425000 failed=0
  [430000/2374285]  written=430000 failed=0
  [435000/2374285]  written=435000 failed=0
  [440000/2374285]  written=440000 failed=0
  [445000/2374285]  written=445000 failed=0
  [450000/2374285]  written=450000 failed=0
  [455000/2374285]  written=455000 failed=0
  [460000/2374285]  written=460000 failed=0
  [465000/2374285]  written=465000 failed=0
  [470000/2374285]  written=470000 failed=0
  [475000/2374285]  written=475000 failed=0
  [480000/2374285]  written=480000 failed=0
  [485000/2374285]  written=485000 failed=0
  [490000/2374285]  written=490000 failed=0
  [495000/2374285]  written=495000 failed=0
  [500000/2374285]  written=500000 failed=0
  [505000/2374285]  written=505000 failed=0
  [510000/2374285]  written=510000 failed=0
  [515000/2374285]  written=515000 failed=0
  [520000/2374285]  written=520000 failed=0
  [525000/2374285]  written=525000 failed=0
  [530000/2374285]  written=530000 failed=0
  [535000/2374285]  written=535000 failed=0
  [540000/2374285]  written=540000 failed=0
  [545000/2374285]  written=545000 failed=0
  [550000/2374285]  written=550000 failed=0
  [555000/2374285]  written=555000 failed=0
  [560000/2374285]  written=560000 failed=0
  [565000/2374285]  written=565000 failed=0
  [570000/2374285]  written=570000 failed=0
  [575000/2374285]  written=575000 failed=0
  [580000/2374285]  written=580000 failed=0
  [585000/2374285]  written=585000 failed=0
  [590000/2374285]  written=590000 failed=0
  [595000/2374285]  written=595000 failed=0
  [600000/2374285]  written=600000 failed=0
  [605000/2374285]  written=605000 failed=0
  [610000/2374285]  written=610000 failed=0
  [615000/2374285]  written=615000 failed=0
  [620000/2374285]  written=620000 failed=0
  [625000/2374285]  written=625000 failed=0
  [630000/2374285]  written=630000 failed=0
  [635000/2374285]  written=635000 failed=0
  [640000/2374285]  written=640000 failed=0
  [645000/2374285]  written=645000 failed=0
  [650000/2374285]  written=650000 failed=0
  [655000/2374285]  written=655000 failed=0
  [660000/2374285]  written=660000 failed=0
  [665000/2374285]  written=665000 failed=0
  [670000/2374285]  written=670000 failed=0
  [675000/2374285]  written=675000 failed=0
  [680000/2374285]  written=680000 failed=0
  [685000/2374285]  written=685000 failed=0
  [690000/2374285]  written=690000 failed=0
  [695000/2374285]  written=695000 failed=0
  [700000/2374285]  written=700000 failed=0
  [705000/2374285]  written=705000 failed=0
  [710000/2374285]  written=710000 failed=0
  [715000/2374285]  written=715000 failed=0
  [720000/2374285]  written=720000 failed=0
  [725000/2374285]  written=725000 failed=0
  [730000/2374285]  written=730000 failed=0
  [735000/2374285]  written=735000 failed=0
  [740000/2374285]  written=740000 failed=0
  [745000/2374285]  written=745000 failed=0
  [750000/2374285]  written=750000 failed=0
  [755000/2374285]  written=755000 failed=0
  [760000/2374285]  written=760000 failed=0
  [765000/2374285]  written=765000 failed=0
  [770000/2374285]  written=770000 failed=0
  [775000/2374285]  written=775000 failed=0
  [780000/2374285]  written=780000 failed=0
  [785000/2374285]  written=785000 failed=0
  [790000/2374285]  written=790000 failed=0
  [795000/2374285]  written=795000 failed=0
  [800000/2374285]  written=800000 failed=0
  [805000/2374285]  written=805000 failed=0
  [810000/2374285]  written=810000 failed=0
  [815000/2374285]  written=815000 failed=0
  [820000/2374285]  written=820000 failed=0
  [825000/2374285]  written=825000 failed=0
  [830000/2374285]  written=830000 failed=0
  [835000/2374285]  written=835000 failed=0
  [840000/2374285]  written=840000 failed=0
  [845000/2374285]  written=845000 failed=0
  [850000/2374285]  written=850000 failed=0
  [855000/2374285]  written=855000 failed=0
  [860000/2374285]  written=860000 failed=0
  [865000/2374285]  written=865000 failed=0
  [870000/2374285]  written=870000 failed=0
  [875000/2374285]  written=875000 failed=0
  [880000/2374285]  written=880000 failed=0
  [885000/2374285]  written=885000 failed=0
  [890000/2374285]  written=890000 failed=0
  [895000/2374285]  written=895000 failed=0
  [900000/2374285]  written=900000 failed=0
  [905000/2374285]  written=905000 failed=0
  [910000/2374285]  written=910000 failed=0
  [915000/2374285]  written=915000 failed=0
  [920000/2374285]  written=920000 failed=0
  [925000/2374285]  written=925000 failed=0
  [930000/2374285]  written=930000 failed=0
  [935000/2374285]  written=935000 failed=0
  [940000/2374285]  written=940000 failed=0
  [945000/2374285]  written=945000 failed=0
  [950000/2374285]  written=950000 failed=0
  [955000/2374285]  written=955000 failed=0
  [960000/2374285]  written=960000 failed=0
  [965000/2374285]  written=965000 failed=0
  [970000/2374285]  written=970000 failed=0
  [975000/2374285]  written=975000 failed=0
  [980000/2374285]  written=980000 failed=0
  [985000/2374285]  written=985000 failed=0
  [990000/2374285]  written=990000 failed=0
  [995000/2374285]  written=995000 failed=0
  [1000000/2374285]  written=1000000 failed=0
  [1005000/2374285]  written=1005000 failed=0
  [1010000/2374285]  written=1010000 failed=0
  [1015000/2374285]  written=1015000 failed=0
  [1020000/2374285]  written=1020000 failed=0
  [1025000/2374285]  written=1025000 failed=0
  [1030000/2374285]  written=1030000 failed=0
  [1035000/2374285]  written=1035000 failed=0
  [1040000/2374285]  written=1040000 failed=0
  [1045000/2374285]  written=1045000 failed=0
  [1050000/2374285]  written=1050000 failed=0
  [1055000/2374285]  written=1055000 failed=0
  [1060000/2374285]  written=1060000 failed=0
  [1065000/2374285]  written=1065000 failed=0
  [1070000/2374285]  written=1070000 failed=0
  [1075000/2374285]  written=1075000 failed=0
  [1080000/2374285]  written=1080000 failed=0
  [1085000/2374285]  written=1085000 failed=0
  [1090000/2374285]  written=1090000 failed=0
  [1095000/2374285]  written=1095000 failed=0
  [1100000/2374285]  written=1100000 failed=0
  [1105000/2374285]  written=1105000 failed=0
  [1110000/2374285]  written=1110000 failed=0
  [1115000/2374285]  written=1115000 failed=0
  [1120000/2374285]  written=1120000 failed=0
  [1125000/2374285]  written=1125000 failed=0
  [1130000/2374285]  written=1130000 failed=0
  [1135000/2374285]  written=1135000 failed=0
  [1140000/2374285]  written=1140000 failed=0
  [1145000/2374285]  written=1145000 failed=0
  [1150000/2374285]  written=1150000 failed=0
  [1155000/2374285]  written=1155000 failed=0
  [1160000/2374285]  written=1160000 failed=0
  [1165000/2374285]  written=1165000 failed=0
  [1170000/2374285]  written=1170000 failed=0
  [1175000/2374285]  written=1175000 failed=0
  [1180000/2374285]  written=1180000 failed=0
  [1185000/2374285]  written=1185000 failed=0
  [1190000/2374285]  written=1190000 failed=0
  [1195000/2374285]  written=1195000 failed=0
  [1200000/2374285]  written=1200000 failed=0
  [1205000/2374285]  written=1205000 failed=0
  [1210000/2374285]  written=1210000 failed=0
  [1215000/2374285]  written=1215000 failed=0
  [1220000/2374285]  written=1220000 failed=0
  [1225000/2374285]  written=1225000 failed=0
  [1230000/2374285]  written=1230000 failed=0
  [1235000/2374285]  written=1235000 failed=0
  [1240000/2374285]  written=1240000 failed=0
  [1245000/2374285]  written=1245000 failed=0
  [1250000/2374285]  written=1250000 failed=0
  [1255000/2374285]  written=1255000 failed=0
  [1260000/2374285]  written=1260000 failed=0
  [1265000/2374285]  written=1265000 failed=0
  [1270000/2374285]  written=1270000 failed=0
  [1275000/2374285]  written=1275000 failed=0
  [1280000/2374285]  written=1280000 failed=0
  [1285000/2374285]  written=1285000 failed=0
  [1290000/2374285]  written=1290000 failed=0
  [1295000/2374285]  written=1295000 failed=0
  [1300000/2374285]  written=1300000 failed=0
  [1305000/2374285]  written=1305000 failed=0
  [1310000/2374285]  written=1310000 failed=0
  [1315000/2374285]  written=1315000 failed=0
  [1320000/2374285]  written=1320000 failed=0
  [1325000/2374285]  written=1325000 failed=0
  [1330000/2374285]  written=1330000 failed=0
  [1335000/2374285]  written=1335000 failed=0
  [1340000/2374285]  written=1340000 failed=0
  [1345000/2374285]  written=1345000 failed=0
  [1350000/2374285]  written=1350000 failed=0
  [1355000/2374285]  written=1355000 failed=0
  [1360000/2374285]  written=1360000 failed=0
  [1365000/2374285]  written=1365000 failed=0
  [1370000/2374285]  written=1370000 failed=0
  [1375000/2374285]  written=1375000 failed=0
  [1380000/2374285]  written=1380000 failed=0
  [1385000/2374285]  written=1385000 failed=0
  [1390000/2374285]  written=1390000 failed=0
  [1395000/2374285]  written=1395000 failed=0
  [1400000/2374285]  written=1400000 failed=0
  [1405000/2374285]  written=1405000 failed=0
  [1410000/2374285]  written=1410000 failed=0
  [1415000/2374285]  written=1415000 failed=0
  [1420000/2374285]  written=1420000 failed=0
  [1425000/2374285]  written=1425000 failed=0
  [1430000/2374285]  written=1430000 failed=0
  [1435000/2374285]  written=1435000 failed=0
  [1440000/2374285]  written=1440000 failed=0
  [1445000/2374285]  written=1445000 failed=0
  [1450000/2374285]  written=1450000 failed=0
  [1455000/2374285]  written=1455000 failed=0
  [1460000/2374285]  written=1460000 failed=0
  [1465000/2374285]  written=1465000 failed=0
  [1470000/2374285]  written=1470000 failed=0
  [1475000/2374285]  written=1475000 failed=0
  [1480000/2374285]  written=1480000 failed=0
  [1485000/2374285]  written=1485000 failed=0
  [1490000/2374285]  written=1490000 failed=0
  [1495000/2374285]  written=1495000 failed=0
  [1500000/2374285]  written=1500000 failed=0
  [1505000/2374285]  written=1505000 failed=0
  [1510000/2374285]  written=1510000 failed=0
  [1515000/2374285]  written=1515000 failed=0
  [1520000/2374285]  written=1520000 failed=0
  [1525000/2374285]  written=1525000 failed=0
  [1530000/2374285]  written=1530000 failed=0
  [1535000/2374285]  written=1535000 failed=0
  [1540000/2374285]  written=1540000 failed=0
  [1545000/2374285]  written=1545000 failed=0
  [1550000/2374285]  written=1550000 failed=0
  [1555000/2374285]  written=1555000 failed=0
  [1560000/2374285]  written=1560000 failed=0
  [1565000/2374285]  written=1565000 failed=0
  [1570000/2374285]  written=1570000 failed=0
  [1575000/2374285]  written=1575000 failed=0
  [1580000/2374285]  written=1580000 failed=0
  [1585000/2374285]  written=1585000 failed=0
  [1590000/2374285]  written=1590000 failed=0
  [1595000/2374285]  written=1595000 failed=0
  [1600000/2374285]  written=1600000 failed=0
  [1605000/2374285]  written=1605000 failed=0
  [1610000/2374285]  written=1610000 failed=0
  [1615000/2374285]  written=1615000 failed=0
  [1620000/2374285]  written=1620000 failed=0
  [1625000/2374285]  written=1625000 failed=0
  [1630000/2374285]  written=1630000 failed=0
  [1635000/2374285]  written=1635000 failed=0
  [1640000/2374285]  written=1640000 failed=0
  [1645000/2374285]  written=1645000 failed=0
  [1650000/2374285]  written=1650000 failed=0
  [1655000/2374285]  written=1655000 failed=0
  [1660000/2374285]  written=1660000 failed=0
  [1665000/2374285]  written=1665000 failed=0
  [1670000/2374285]  written=1670000 failed=0
  [1675000/2374285]  written=1675000 failed=0
  [1680000/2374285]  written=1680000 failed=0
  [1685000/2374285]  written=1685000 failed=0
  [1690000/2374285]  written=1690000 failed=0
  [1695000/2374285]  written=1695000 failed=0
  [1700000/2374285]  written=1700000 failed=0
  [1705000/2374285]  written=1705000 failed=0
  [1710000/2374285]  written=1710000 failed=0
  [1715000/2374285]  written=1715000 failed=0
  [1720000/2374285]  written=1720000 failed=0
  [1725000/2374285]  written=1725000 failed=0
  [1730000/2374285]  written=1730000 failed=0
  [1735000/2374285]  written=1735000 failed=0
  [1740000/2374285]  written=1740000 failed=0
  [1745000/2374285]  written=1745000 failed=0
  [1750000/2374285]  written=1750000 failed=0
  [1755000/2374285]  written=1755000 failed=0
  [1760000/2374285]  written=1760000 failed=0
  [1765000/2374285]  written=1765000 failed=0
  [1770000/2374285]  written=1770000 failed=0
  [1775000/2374285]  written=1775000 failed=0
  [1780000/2374285]  written=1780000 failed=0
  [1785000/2374285]  written=1785000 failed=0
  [1790000/2374285]  written=1790000 failed=0
  [1795000/2374285]  written=1795000 failed=0
  [1800000/2374285]  written=1800000 failed=0
  [1805000/2374285]  written=1805000 failed=0
  [1810000/2374285]  written=1810000 failed=0
  [1815000/2374285]  written=1815000 failed=0
  [1820000/2374285]  written=1820000 failed=0
  [1825000/2374285]  written=1825000 failed=0
  [1830000/2374285]  written=1830000 failed=0
  [1835000/2374285]  written=1835000 failed=0
  [1840000/2374285]  written=1840000 failed=0
  [1845000/2374285]  written=1845000 failed=0
  [1850000/2374285]  written=1850000 failed=0
  [1855000/2374285]  written=1855000 failed=0
  [1860000/2374285]  written=1860000 failed=0
  [1865000/2374285]  written=1865000 failed=0
  [1870000/2374285]  written=1870000 failed=0
  [1875000/2374285]  written=1875000 failed=0
  [1880000/2374285]  written=1880000 failed=0
  [1885000/2374285]  written=1885000 failed=0
  [1890000/2374285]  written=1890000 failed=0
  [1895000/2374285]  written=1895000 failed=0
  [1900000/2374285]  written=1900000 failed=0
  [1905000/2374285]  written=1905000 failed=0
  [1910000/2374285]  written=1910000 failed=0
  [1915000/2374285]  written=1915000 failed=0
  [1920000/2374285]  written=1920000 failed=0
  [1925000/2374285]  written=1925000 failed=0
  [1930000/2374285]  written=1930000 failed=0
  [1935000/2374285]  written=1935000 failed=0
  [1940000/2374285]  written=1940000 failed=0
  [1945000/2374285]  written=1945000 failed=0
  [1950000/2374285]  written=1950000 failed=0
  [1955000/2374285]  written=1955000 failed=0
  [1960000/2374285]  written=1960000 failed=0
  [1965000/2374285]  written=1965000 failed=0
  [1970000/2374285]  written=1970000 failed=0
  [1975000/2374285]  written=1975000 failed=0
  [1980000/2374285]  written=1980000 failed=0
  [1985000/2374285]  written=1985000 failed=0
  [1990000/2374285]  written=1990000 failed=0
  [1995000/2374285]  written=1995000 failed=0
  [2000000/2374285]  written=2000000 failed=0
  [2005000/2374285]  written=2005000 failed=0
  [2010000/2374285]  written=2010000 failed=0
  [2015000/2374285]  written=2015000 failed=0
  [2020000/2374285]  written=2020000 failed=0
  [2025000/2374285]  written=2025000 failed=0
  [2030000/2374285]  written=2030000 failed=0
  [2035000/2374285]  written=2035000 failed=0
  [2040000/2374285]  written=2040000 failed=0
  [2045000/2374285]  written=2045000 failed=0
  [2050000/2374285]  written=2050000 failed=0
  [2055000/2374285]  written=2055000 failed=0
  [2060000/2374285]  written=2060000 failed=0
  [2065000/2374285]  written=2065000 failed=0
  [2070000/2374285]  written=2070000 failed=0
  [2075000/2374285]  written=2075000 failed=0
  [2080000/2374285]  written=2080000 failed=0
  [2085000/2374285]  written=2085000 failed=0
  [2090000/2374285]  written=2090000 failed=0
  [2095000/2374285]  written=2095000 failed=0
  [2100000/2374285]  written=2100000 failed=0
  [2105000/2374285]  written=2105000 failed=0
  [2110000/2374285]  written=2110000 failed=0
  [2115000/2374285]  written=2115000 failed=0
  [2120000/2374285]  written=2120000 failed=0
  [2125000/2374285]  written=2125000 failed=0
  [2130000/2374285]  written=2130000 failed=0
  [2135000/2374285]  written=2135000 failed=0
  [2140000/2374285]  written=2140000 failed=0
  [2145000/2374285]  written=2145000 failed=0
  [2150000/2374285]  written=2150000 failed=0
  [2155000/2374285]  written=2155000 failed=0
  [2160000/2374285]  written=2160000 failed=0
  [2165000/2374285]  written=2165000 failed=0
  [2170000/2374285]  written=2170000 failed=0
  [2175000/2374285]  written=2175000 failed=0
  [2180000/2374285]  written=2180000 failed=0
  [2185000/2374285]  written=2185000 failed=0
  [2190000/2374285]  written=2190000 failed=0
  [2195000/2374285]  written=2195000 failed=0
  [2200000/2374285]  written=2200000 failed=0
  [2205000/2374285]  written=2205000 failed=0
  [2210000/2374285]  written=2210000 failed=0
  [2215000/2374285]  written=2215000 failed=0
  [2220000/2374285]  written=2220000 failed=0
  [2225000/2374285]  written=2225000 failed=0
  [2230000/2374285]  written=2230000 failed=0
  [2235000/2374285]  written=2235000 failed=0
  [2240000/2374285]  written=2240000 failed=0
  [2245000/2374285]  written=2245000 failed=0
  [2250000/2374285]  written=2250000 failed=0
  [2255000/2374285]  written=2255000 failed=0
  [2260000/2374285]  written=2260000 failed=0
  [2265000/2374285]  written=2265000 failed=0
  [2270000/2374285]  written=2270000 failed=0
  [2275000/2374285]  written=2275000 failed=0
  [2280000/2374285]  written=2280000 failed=0
  [2285000/2374285]  written=2285000 failed=0
  [2290000/2374285]  written=2290000 failed=0
  [2295000/2374285]  written=2295000 failed=0
  [2300000/2374285]  written=2300000 failed=0
  [2305000/2374285]  written=2305000 failed=0
  [2310000/2374285]  written=2310000 failed=0
  [2315000/2374285]  written=2315000 failed=0
  [2320000/2374285]  written=2320000 failed=0
  [2325000/2374285]  written=2325000 failed=0
  [2330000/2374285]  written=2330000 failed=0
  [2335000/2374285]  written=2335000 failed=0
  [2340000/2374285]  written=2340000 failed=0
  [2345000/2374285]  written=2345000 failed=0
  [2350000/2374285]  written=2350000 failed=0
  [2355000/2374285]  written=2355000 failed=0
  [2360000/2374285]  written=2360000 failed=0
  [2365000/2374285]  written=2365000 failed=0
  [2370000/2374285]  written=2370000 failed=0
  [2374285/2374285]  written=2374285 failed=0
PhonologicalVector enrichment (force, apply):
  candidates: 2374285
  written:    2374285
  failed:     0
  coverage:   2,374,285 / 2,374,285 (100.0%)
  sample:
    [1] in: {"aspirated_voiceless": 0.0, "cluster_density": 0.0, "final_cluster_rate": 0.0, "final_fortition": 0.0, "liquid_l_m_n": 0.5, "palatalization": 0.0, "pharyngeal": 0.0, "polysyllabic_bias": 0.5, "retroflexion": 0.0, "rhotic_r": 0.0, "sibilance": 0.0, "soft_consonants": 1.0, "stop_vs_continuant": -1.0, "vowel_backness": 1.0, "vowel_final_bias": 0.0, "vowel_height": -1.0, "vowel_tenseness": 1.0}
    [2] u: {"aspirated_voiceless": 0.0, "cluster_density": 0.0, "final_cluster_rate": 0.0, "final_fortition": 0.0, "liquid_l_m_n": 0.0, "palatalization": 0.0, "pharyngeal": 0.0, "polysyllabic_bias": 1.0, "retroflexion": 0.0, "rhotic_r": 0.0, "sibilance": 0.0, "soft_consonants": 0.0, "stop_vs_continuant": 0.0, "vowel_backness": -1.0, "vowel_final_bias": 1.0, "vowel_height": -1.0, "vowel_tenseness": 1.0}
    [3] *wa: {"aspirated_voiceless": 0.0, "cluster_density": 0.0, "final_cluster_rate": 0.0, "final_fortition": 0.0, "liquid_l_m_n": 0.0, "palatalization": 0.0, "pharyngeal": 0.0, "polysyllabic_bias": 0.3333, "retroflexion": 0.0, "rhotic_r": 0.0, "sibilance": 0.0, "soft_consonants": 0.0, "stop_vs_continuant": 0.0, "vowel_backness": 0.0, "vowel_final_bias": 1.0, "vowel_height": 0.0, "vowel_tenseness": 0.0}
    [4] anna: {"aspirated_voiceless": 0.0, "cluster_density": 0.5, "final_cluster_rate": 0.0, "final_fortition": 0.0, "liquid_l_m_n": 0.5, "palatalization": 0.0, "pharyngeal": 0.0, "polysyllabic_bias": 0.5, "retroflexion": 0.0, "rhotic_r": 0.0, "sibilance": 0.0, "soft_consonants": 1.0, "stop_vs_continuant": -1.0, "vowel_backness": 1.0, "vowel_final_bias": 1.0, "vowel_height": 1.0, "vowel_tenseness": 0.0}
    [5] ma: {"aspirated_voiceless": 0.0, "cluster_density": 0.0, "final_cluster_rate": 0.0, "final_fortition": 0.0, "liquid_l_m_n": 0.5, "palatalization": 0.0, "pharyngeal": 0.0, "polysyllabic_bias": 0.5, "retroflexion": 0.0, "rhotic_r": 0.0, "sibilance": 0.0, "soft_consonants": 1.0, "stop_vs_continuant": -1.0, "vowel_backness": 1.0, "vowel_final_bias": 1.0, "vowel_height": 1.0, "vowel_tenseness": 0.0}
=== step 7-9: export-runtime-db → seed-runtime.db at 05:23UTC ===
  collect_families 1008/50416 (2.0%) elapsed=3s eta=146s (338 roots/s)
  collect_families 2016/50416 (4.0%) elapsed=6s eta=142s (341 roots/s)
  collect_families 3024/50416 (6.0%) elapsed=9s eta=139s (341 roots/s)
  collect_families 4032/50416 (8.0%) elapsed=12s eta=136s (341 roots/s)
  collect_families 5040/50416 (10.0%) elapsed=15s eta=133s (342 roots/s)
  collect_families 6048/50416 (12.0%) elapsed=18s eta=130s (342 roots/s)
  collect_families 7056/50416 (14.0%) elapsed=21s eta=127s (341 roots/s)
  collect_families 8064/50416 (16.0%) elapsed=24s eta=124s (341 roots/s)
  collect_families 9072/50416 (18.0%) elapsed=27s eta=121s (341 roots/s)
  collect_families 10080/50416 (20.0%) elapsed=30s eta=118s (342 roots/s)
  collect_families 11088/50416 (22.0%) elapsed=32s eta=115s (342 roots/s)
  collect_families 12096/50416 (24.0%) elapsed=35s eta=112s (341 roots/s)
  collect_families 13104/50416 (26.0%) elapsed=38s eta=109s (341 roots/s)
  collect_families 14112/50416 (28.0%) elapsed=41s eta=106s (341 roots/s)
  collect_families 15120/50416 (30.0%) elapsed=44s eta=103s (341 roots/s)
  collect_families 16128/50416 (32.0%) elapsed=47s eta=100s (341 roots/s)
  collect_families 17136/50416 (34.0%) elapsed=50s eta=98s (341 roots/s)
  collect_families 18144/50416 (36.0%) elapsed=53s eta=95s (341 roots/s)
  collect_families 19152/50416 (38.0%) elapsed=56s eta=92s (339 roots/s)
  collect_families 20160/50416 (40.0%) elapsed=60s eta=89s (339 roots/s)
  collect_families 21168/50416 (42.0%) elapsed=63s eta=86s (338 roots/s)
  collect_families 22176/50416 (44.0%) elapsed=66s eta=83s (338 roots/s)
  collect_families 23184/50416 (46.0%) elapsed=68s eta=80s (339 roots/s)
  collect_families 24192/50416 (48.0%) elapsed=71s eta=77s (339 roots/s)
  collect_families 25200/50416 (50.0%) elapsed=74s eta=74s (339 roots/s)
  collect_families 26208/50416 (52.0%) elapsed=77s eta=71s (339 roots/s)
  collect_families 27216/50416 (54.0%) elapsed=80s eta=69s (339 roots/s)
  collect_families 28224/50416 (56.0%) elapsed=83s eta=66s (338 roots/s)
  collect_families 29232/50416 (58.0%) elapsed=86s eta=63s (339 roots/s)
  collect_families 30240/50416 (60.0%) elapsed=89s eta=60s (339 roots/s)
  collect_families 31248/50416 (62.0%) elapsed=92s eta=57s (339 roots/s)
  collect_families 32256/50416 (64.0%) elapsed=95s eta=54s (339 roots/s)
  collect_families 33264/50416 (66.0%) elapsed=98s eta=51s (338 roots/s)
  collect_families 34272/50416 (68.0%) elapsed=101s eta=48s (338 roots/s)
  collect_families 35280/50416 (70.0%) elapsed=104s eta=45s (338 roots/s)
  collect_families 36288/50416 (72.0%) elapsed=107s eta=42s (338 roots/s)
  collect_families 37296/50416 (74.0%) elapsed=110s eta=39s (338 roots/s)
  collect_families 38304/50416 (76.0%) elapsed=113s eta=36s (338 roots/s)
  collect_families 39312/50416 (78.0%) elapsed=116s eta=33s (338 roots/s)
  collect_families 40320/50416 (80.0%) elapsed=119s eta=30s (338 roots/s)
  collect_families 41328/50416 (82.0%) elapsed=122s eta=27s (338 roots/s)
  collect_families 42336/50416 (84.0%) elapsed=125s eta=24s (338 roots/s)
  collect_families 43344/50416 (86.0%) elapsed=128s eta=21s (338 roots/s)
  collect_families 44352/50416 (88.0%) elapsed=131s eta=18s (338 roots/s)
  collect_families 45360/50416 (90.0%) elapsed=134s eta=15s (338 roots/s)
  collect_families 46368/50416 (92.0%) elapsed=137s eta=12s (338 roots/s)
  collect_families 47376/50416 (94.0%) elapsed=140s eta=9s (338 roots/s)
  collect_families 48384/50416 (96.0%) elapsed=143s eta=6s (338 roots/s)
  collect_families 49392/50416 (98.0%) elapsed=146s eta=3s (338 roots/s)
  collect_families 50400/50416 (100.0%) elapsed=149s eta=0s (338 roots/s)
  collect_families 50416/50416 (100.0%) elapsed=149s eta=0s (338 roots/s)
Cross-product cap (256) reached for toponym 'Acton Burnell' — capped per-word options (was [22, 22], now [16, 16]) so all combos stay full-length.
Cross-product cap (256) reached for toponym 'Aldingbourne' — capped per-word options (was [420], now [256]) so all combos stay full-length.
Cross-product cap (256) reached for toponym 'Aldington' — capped per-word options (was [308], now [256]) so all combos stay full-length.
Cross-product cap (256) reached for toponym 'Allington' — capped per-word options (was [264], now [256]) so all combos stay full-length.
Cross-product cap (256) reached for toponym 'Alston Sutton' — capped per-word options (was [28, 33], now [16, 16]) so all combos stay full-length.
Cross-product cap (256) reached for toponym 'Alton Barnes' — capped per-word options (was [25, 50], now [16, 16]) so all combos stay full-length.
Cross-product cap (256) reached for toponym 'Alverstone' — capped per-word options (was [328], now [256]) so all combos stay full-length.
Cross-product cap (256) reached for toponym 'Angerton' — capped per-word options (was [770], now [256]) so all combos stay full-length.
Cross-product cap (256) reached for toponym 'Ardington' — capped per-word options (was [528], now [256]) so all combos stay full-length.
Cross-product cap (256) reached for toponym 'Arkendale' — capped per-word options (was [456], now [256]) so all combos stay full-length.
Cross-product cap (256) reached for toponym 'Arlington' — capped per-word options (was [528], now [256]) so all combos stay full-length.
Cross-product cap (256) reached for toponym 'Arrington' — capped per-word options (was [968], now [256]) so all combos stay full-length.
Cross-product cap (256) reached for toponym 'Ashby Magna' — capped per-word options (was [13, 63], now [13, 19]) so all combos stay full-length.
Cross-product cap (256) reached for toponym 'Ashington' — capped per-word options (was [264], now [256]) so all combos stay full-length.
Cross-product cap (256) reached for toponym 'Aston Botterell' — capped per-word options (was [28, 108], now [16, 16]) so all combos stay full-length.
Cross-product cap (256) reached for toponym 'Aston Sandford' — capped per-word options (was [28, 81], now [16, 16]) so all combos stay full-length.
Cross-product cap (256) reached for toponym 'Aston Somerville' — capped per-word options (was [28, 12], now [21, 12]) so all combos stay full-length.
Cross-product cap (256) reached for toponym 'Aston Upthorpe' — capped per-word options (was [28, 19], now [16, 16]) so all combos stay full-length.
Cross-product cap (256) reached for toponym 'Aston by Sutton' — capped per-word options (was [28, 3, 33], now [9, 3, 9]) so all combos stay full-length.
Cross-product cap (256) reached for toponym 'Balterley' — capped per-word options (was [280], now [256]) so all combos stay full-length.
Cross-product cap (256) reached for toponym 'Barford Saint John' — capped per-word options (was [45, 29, 4], now [8, 8, 4]) so all combos stay full-length.
Cross-product cap (256) reached for toponym 'Barford Saint Michael' — capped per-word options (was [45, 29, 6], now [6, 7, 6]) so all combos stay full-length.
Cross-product cap (256) reached for toponym 'Barlestone' — capped per-word options (was [300], now [256]) so all combos stay full-length.
Cross-product cap (256) reached for toponym 'Barnston' — capped per-word options (was [280], now [256]) so all combos stay full-length.
Cross-product cap (256) reached for toponym 'Barrington' — capped per-word options (was [1298], now [256]) so all combos stay full-length.
Cross-product cap (256) reached for toponym 'Barton on Sea' — capped per-word options (was [55, 3, 5], now [17, 3, 5]) so all combos stay full-length.
Cross-product cap (256) reached for toponym 'Beanthwaite' — capped per-word options (was [1059], now [256]) so all combos stay full-length.
Cross-product cap (256) reached for toponym 'Beckington' — capped per-word options (was [363], now [256]) so all combos stay full-length.
Cross-product cap (256) reached for toponym 'Beddington' — capped per-word options (was [418], now [256]) so all combos stay full-length.
Cross-product cap (256) reached for toponym 'Bedlington' — capped per-word options (was [396], now [256]) so all combos stay full-length.
Cross-product cap (256) reached for toponym 'Bedminster' — capped per-word options (was [500], now [256]) so all combos stay full-length.
Cross-product cap (256) reached for toponym 'Beeston Saint Andrew' — capped per-word options (was [56, 29, 42], now [6, 6, 7]) so all combos stay full-length.
Cross-product cap (256) reached for toponym 'Beeston Saint Lawrence' — capped per-word options (was [56, 29, 48], now [6, 6, 7]) so all combos stay full-length.
Cross-product cap (256) reached for toponym 'Benenden' — capped per-word options (was [306], now [256]) so all combos stay full-length.
Cross-product cap (256) reached for toponym 'Benington' — capped per-word options (was [528], now [256]) so all combos stay full-length.
Cross-product cap (256) reached for toponym 'Bermondsey' — capped per-word options (was [264], now [256]) so all combos stay full-length.
Cross-product cap (256) reached for toponym 'Berrington' — capped per-word options (was [968], now [256]) so all combos stay full-length.
Cross-product cap (256) reached for toponym 'Black Torrington' — capped per-word options (was [3, 1870], now [3, 85]) so all combos stay full-length.
Cross-product cap (256) reached for toponym 'Bonnington' — capped per-word options (was [880], now [256]) so all combos stay full-length.
Cross-product cap (256) reached for toponym 'Bradfield Saint Clare' — capped per-word options (was [16, 29, 12], now [6, 6, 7]) so all combos stay full-length.
Cross-product cap (256) reached for toponym 'Bradford on Avon' — capped per-word options (was [36, 3, 7], now [12, 3, 7]) so all combos stay full-length.
Cross-product cap (256) reached for toponym 'Bradley Green' — capped per-word options (was [28, 48], now [16, 16]) so all combos stay full-length.
Cross-product cap (256) reached for toponym 'Brimington' — capped per-word options (was [264], now [256]) so all combos stay full-length.
Cross-product cap (256) reached for toponym 'Broughton Astley' — capped per-word options (was [44, 56], now [16, 16]) so all combos stay full-length.
Cross-product cap (256) reached for toponym 'Buckland Newton' — capped per-word options (was [10, 88], now [10, 25]) so all combos stay full-length.
Cross-product cap (256) reached for toponym 'Buckland Saint Mary' — capped per-word options (was [10, 29, 27], now [6, 6, 7]) so all combos stay full-length.
Cross-product cap (256) reached for toponym 'Buckland in the Moor' — capped per-word options (was [10, 5, 6, 3], now [4, 4, 5, 3]) so all combos stay full-length.
Cross-product cap (256) reached for toponym 'Burmington' — capped per-word options (was [264], now [256]) so all combos stay full-length.
Cross-product cap (256) reached for toponym 'Burrington' — capped per-word options (was [484], now [256]) so all combos stay full-length.
Cross-product cap (256) reached for toponym 'Burton Bradstock' — capped per-word options (was [22, 32], now [16, 16]) so all combos stay full-length.
Cross-product cap (256) reached for toponym 'Burton Lazars' — capped per-word options (was [22, 14], now [18, 14]) so all combos stay full-length.
Cross-product cap (256) reached for toponym 'Burton on the Wolds' — capped per-word options (was [22, 3, 6, 2], now [7, 3, 6, 2]) so all combos stay full-length.
Cross-product cap (256) reached for toponym 'Callington' — capped per-word options (was [264], now [256]) so all combos stay full-length.
Cross-product cap (256) reached for toponym 'Camden Town' — capped per-word options (was [21, 13], now [19, 13]) so all combos stay full-length.
Cross-product cap (256) reached for toponym 'Cammeringham' — capped per-word options (was [440], now [256]) so all combos stay full-length.
Cross-product cap (256) reached for toponym 'Cardington' — capped per-word options (was [638], now [256]) so all combos stay full-length.
Cross-product cap (256) reached for toponym 'Carnforth' — capped per-word options (was [318], now [256]) so all combos stay full-length.
Cross-product cap (256) reached for toponym 'Carsington' — capped per-word options (was [616], now [256]) so all combos stay full-length.
Cross-product cap (256) reached for toponym 'Castlethorpe' — capped per-word options (was [270], now [256]) so all combos stay full-length.
Cross-product cap (256) reached for toponym 'Chillington' — capped per-word options (was [319], now [256]) so all combos stay full-length.
Cross-product cap (256) reached for toponym 'Christleton' — capped per-word options (was [264], now [256]) so all combos stay full-length.
Cross-product cap (256) reached for toponym 'Churchstanton' — capped per-word options (was [686], now [256]) so all combos stay full-length.
Cross-product cap (256) reached for toponym 'Collingbourne Kingston' — capped per-word options (was [180, 154], now [16, 16]) so all combos stay full-length.
Cross-product cap (256) reached for toponym 'Colston Bassett' — capped per-word options (was [14, 42], now [14, 18]) so all combos stay full-length.
Cross-product cap (256) reached for toponym 'Combe Martin' — capped per-word options (was [5, 165], now [5, 51]) so all combos stay full-length.
Cross-product cap (256) reached for toponym 'Coney Weston' — capped per-word options (was [24, 34], now [16, 16]) so all combos stay full-length.
Cross-product cap (256) reached for toponym 'Congerstone' — capped per-word options (was [1640], now [256]) so all combos stay full-length.
Cross-product cap (256) reached for toponym 'Conington' — capped per-word options (was [352], now [256]) so all combos stay full-length.
Cross-product cap (256) reached for toponym 'Corton Denham' — capped per-word options (was [22, 12], now [21, 12]) so all combos stay full-length.
Cross-product cap (256) reached for toponym 'Culmington' — capped per-word options (was [352], now [256]) so all combos stay full-length.
Cross-product cap (256) reached for toponym 'Dallington' — capped per-word options (was [660], now [256]) so all combos stay full-length.
Cross-product cap (256) reached for toponym 'Derrington' — capped per-word options (was [968], now [256]) so all combos stay full-length.
Cross-product cap (256) reached for toponym 'Down Saint Mary' — capped per-word options (was [4, 29, 27], now [4, 8, 8]) so all combos stay full-length.
Cross-product cap (256) reached for toponym 'Downham Market' — capped per-word options (was [8, 105], now [8, 32]) so all combos stay full-length.
Cross-product cap (256) reached for toponym 'Downinney' — capped per-word options (was [312], now [256]) so all combos stay full-length.
Cross-product cap (256) reached for toponym 'Dunkerton' — capped per-word options (was [308], now [256]) so all combos stay full-length.
Cross-product cap (256) reached for toponym 'Dunterton' — capped per-word options (was [572], now [256]) so all combos stay full-length.
Cross-product cap (256) reached for toponym 'Dunton Bassett' — capped per-word options (was [47, 42], now [16, 16]) so all combos stay full-length.
Cross-product cap (256) reached for toponym 'Durrington' — capped per-word options (was [484], now [256]) so all combos stay full-length.
Cross-product cap (256) reached for toponym 'East Anstey' — capped per-word options (was [20, 216], now [16, 16]) so all combos stay full-length.
Cross-product cap (256) reached for toponym 'East Barming' — capped per-word options (was [20, 63], now [16, 16]) so all combos stay full-length.
Cross-product cap (256) reached for toponym 'East Bradenham' — capped per-word options (was [20, 54], now [16, 16]) so all combos stay full-length.
Cross-product cap (256) reached for toponym 'East Brent' — capped per-word options (was [20, 40], now [16, 16]) so all combos stay full-length.
Cross-product cap (256) reached for toponym 'East Dean' — capped per-word options (was [20, 18], now [16, 16]) so all combos stay full-length.
Cross-product cap (256) reached for toponym 'East Farleigh' — capped per-word options (was [20, 24], now [16, 16]) so all combos stay full-length.
Cross-product cap (256) reached for toponym 'East Garston' — capped per-word options (was [20, 198], now [16, 16]) so all combos stay full-length.
Cross-product cap (256) reached for toponym 'East Halton' — capped per-word options (was [20, 25], now [16, 16]) so all combos stay full-length.
Cross-product cap (256) reached for toponym 'East Harling' — capped per-word options (was [20, 65], now [16, 16]) so all combos stay full-length.
Cross-product cap (256) reached for toponym 'East Horsley' — capped per-word options (was [20, 28], now [16, 16]) so all combos stay full-length.
Cross-product cap (256) reached for toponym 'East Kirkby' — capped per-word options (was [20, 15], now [17, 15]) so all combos stay full-length.
Cross-product cap (256) reached for toponym 'East Langton' — capped per-word options (was [20, 165], now [16, 16]) so all combos stay full-length.
Cross-product cap (256) reached for toponym 'East Malling' — capped per-word options (was [20, 65], now [16, 16]) so all combos stay full-length.
Cross-product cap (256) reached for toponym 'East Marden' — capped per-word options (was [20, 83], now [16, 16]) so all combos stay full-length.
Cross-product cap (256) reached for toponym 'East Mersea' — capped per-word options (was [20, 28], now [16, 16]) so all combos stay full-length.
Cross-product cap (256) reached for toponym 'East Newton' — capped per-word options (was [20, 88], now [16, 16]) so all combos stay full-length.
Cross-product cap (256) reached for toponym 'East Norton' — capped per-word options (was [20, 77], now [16, 16]) so all combos stay full-length.
Cross-product cap (256) reached for toponym 'East Orchard' — capped per-word options (was [20, 14], now [18, 14]) so all combos stay full-length.
Cross-product cap (256) reached for toponym 'East Somerton' — capped per-word options (was [20, 44], now [16, 16]) so all combos stay full-length.
Cross-product cap (256) reached for toponym 'East Sutton' — capped per-word options (was [20, 33], now [16, 16]) so all combos stay full-length.
Cross-product cap (256) reached for toponym 'East Torrington' — capped per-word options (was [20, 1870], now [16, 16]) so all combos stay full-length.
Cross-product cap (256) reached for toponym 'East Walton' — capped per-word options (was [20, 36], now [16, 16]) so all combos stay full-length.
Cross-product cap (256) reached for toponym 'East Wittering' — capped per-word options (was [20, 432], now [16, 16]) so all combos stay full-length.
Cross-product cap (256) reached for toponym 'East Worlington' — capped per-word options (was [20, 396], now [16, 16]) so all combos stay full-length.
Cross-product cap (256) reached for toponym 'Eastbourne' — capped per-word options (was [300], now [256]) so all combos stay full-length.
Cross-product cap (256) reached for toponym 'Eastbridge' — capped per-word options (was [540], now [256]) so all combos stay full-length.
Cross-product cap (256) reached for toponym 'Eastgate' — capped per-word options (was [540], now [256]) so all combos stay full-length.
Cross-product cap (256) reached for toponym 'Eastling' — capped per-word options (was [260], now [256]) so all combos stay full-length.
Cross-product cap (256) reached for toponym 'Eastrington' — capped per-word options (was [5280], now [256]) so all combos stay full-length.
Cross-product cap (256) reached for toponym 'Edwardstone' — capped per-word options (was [640], now [256]) so all combos stay full-length.
Cross-product cap (256) reached for toponym 'Elkington' — capped per-word options (was [363], now [256]) so all combos stay full-length.
Cross-product cap (256) reached for toponym 'Ellington' — capped per-word options (was [396], now [256]) so all combos stay full-length.
Cross-product cap (256) reached for toponym 'Elmley Castle' — capped per-word options (was [28, 18], now [16, 16]) so all combos stay full-length.
Cross-product cap (256) reached for toponym 'Elterwater' — capped per-word options (was [1620], now [256]) so all combos stay full-length.
Cross-product cap (256) reached for toponym 'Farlington' — capped per-word options (was [792], now [256]) so all combos stay full-length.
Cross-product cap (256) reached for toponym 'Farringdon' — capped per-word options (was [396], now [256]) so all combos stay full-length.
Cross-product cap (256) reached for toponym 'Field Dalling' — capped per-word options (was [4, 65], now [4, 64]) so all combos stay full-length.
Cross-product cap (256) reached for toponym 'Fordingbridge' — capped per-word options (was [2268], now [256]) so all combos stay full-length.
Cross-product cap (256) reached for toponym 'Fordington' — capped per-word options (was [924], now [256]) so all combos stay full-length.
Cross-product cap (256) reached for toponym 'Forthampton' — capped per-word options (was [504], now [256]) so all combos stay full-length.
Cross-product cap (256) reached for toponym 'Garmondsway' — capped per-word options (was [672], now [256]) so all combos stay full-length.
Cross-product cap (256) reached for toponym 'Garsington' — capped per-word options (was [1320], now [256]) so all combos stay full-length.
Cross-product cap (256) reached for toponym 'Garstang' — capped per-word options (was [814], now [256]) so all combos stay full-length.
Cross-product cap (256) reached for toponym 'Garton on the Wolds' — capped per-word options (was [124, 3, 6, 2], now [7, 3, 6, 2]) so all combos stay full-length.
Cross-product cap (256) reached for toponym 'Gate Burton' — capped per-word options (was [27, 22], now [16, 16]) so all combos stay full-length.
Cross-product cap (256) reached for toponym 'Gilling East' — capped per-word options (was [39, 20], now [16, 16]) so all combos stay full-length.
Cross-product cap (256) reached for toponym 'Glastonbury' — capped per-word options (was [497], now [256]) so all combos stay full-length.
Cross-product cap (256) reached for toponym 'Greenbank' — capped per-word options (was [672], now [256]) so all combos stay full-length.
Cross-product cap (256) reached for toponym 'Greenford' — capped per-word options (was [480], now [256]) so all combos stay full-length.
Cross-product cap (256) reached for toponym 'Guilden Sutton' — capped per-word options (was [28, 33], now [16, 16]) so all combos stay full-length.
Cross-product cap (256) reached for toponym 'Hallington' — capped per-word options (was [440], now [256]) so all combos stay full-length.
Cross-product cap (256) reached for toponym 'Harborough Magna' — capped per-word options (was [20, 63], now [16, 16]) so all combos stay full-length.
Cross-product cap (256) reached for toponym 'Hardingstone' — capped per-word options (was [1740], now [256]) so all combos stay full-length.
Cross-product cap (256) reached for toponym 'Hardington' — capped per-word options (was [638], now [256]) so all combos stay full-length.
Cross-product cap (256) reached for toponym 'Harlestone' — capped per-word options (was [300], now [256]) so all combos stay full-length.
Cross-product cap (256) reached for toponym 'Harlington' — capped per-word options (was [660], now [256]) so all combos stay full-length.
Cross-product cap (256) reached for toponym 'Harmondsworth' — capped per-word options (was [624], now [256]) so all combos stay full-length.
Cross-product cap (256) reached for toponym 'Harrington' — capped per-word options (was [1210], now [256]) so all combos stay full-length.
Cross-product cap (256) reached for toponym 'Harringworth' — capped per-word options (was [990], now [256]) so all combos stay full-length.
Cross-product cap (256) reached for toponym 'Harrow on the Hill' — capped per-word options (was [15, 3, 6, 3], now [5, 3, 5, 3]) so all combos stay full-length.
Cross-product cap (256) reached for toponym 'Hayling Island' — capped per-word options (was [65, 10], now [25, 10]) so all combos stay full-length.
Cross-product cap (256) reached for toponym 'Headington' — capped per-word options (was [671], now [256]) so all combos stay full-length.
Cross-product cap (256) reached for toponym 'Heath and Reach' — capped per-word options (was [14, 7, 12], now [6, 6, 7]) so all combos stay full-length.
Cross-product cap (256) reached for toponym 'Henstridge' — capped per-word options (was [680], now [256]) so all combos stay full-length.
Cross-product cap (256) reached for toponym 'High Littleton' — capped per-word options (was [3, 198], now [3, 85]) so all combos stay full-length.
Cross-product cap (256) reached for toponym 'High Newton' — capped per-word options (was [3, 88], now [3, 85]) so all combos stay full-length.
Cross-product cap (256) reached for toponym 'Higher Whitley' — capped per-word options (was [15, 21], now [15, 17]) so all combos stay full-length.
Cross-product cap (256) reached for toponym 'Hillington' — capped per-word options (was [319], now [256]) so all combos stay full-length.
Cross-product cap (256) reached for toponym 'Hollingbourne' — capped per-word options (was [360], now [256]) so all combos stay full-length.
Cross-product cap (256) reached for toponym 'Hollington' — capped per-word options (was [264], now [256]) so all combos stay full-length.
Cross-product cap (256) reached for toponym 'Horringer' — capped per-word options (was [264], now [256]) so all combos stay full-length.
Cross-product cap (256) reached for toponym 'Horsington' — capped per-word options (was [352], now [256]) so all combos stay full-length.
Cross-product cap (256) reached for toponym 'Kensington' — capped per-word options (was [704], now [256]) so all combos stay full-length.
Cross-product cap (256) reached for toponym 'Killington' — capped per-word options (was [264], now [256]) so all combos stay full-length.
Cross-product cap (256) reached for toponym 'Kingskerswell' — capped per-word options (was [1375], now [256]) so all combos stay full-length.
Cross-product cap (256) reached for toponym 'Kingstone' — capped per-word options (was [330], now [256]) so all combos stay full-length.
Cross-product cap (256) reached for toponym 'Kington Magna' — capped per-word options (was [121, 63], now [16, 16]) so all combos stay full-length.
Cross-product cap (256) reached for toponym 'Kington Saint Michael' — capped per-word options (was [121, 29, 6], now [6, 7, 6]) so all combos stay full-length.
Cross-product cap (256) reached for toponym 'Kingweston' — capped per-word options (was [374], now [256]) so all combos stay full-length.
Cross-product cap (256) reached for toponym 'Kirk Langley' — capped per-word options (was [5, 105], now [5, 51]) so all combos stay full-length.
Cross-product cap (256) reached for toponym 'Kirkby Green' — capped per-word options (was [15, 48], now [15, 17]) so all combos stay full-length.
Cross-product cap (256) reached for toponym 'Kirmington' — capped per-word options (was [264], now [256]) so all combos stay full-length.
Cross-product cap (256) reached for toponym 'Kirton in Lindsey' — capped per-word options (was [22, 5, 78], now [7, 5, 7]) so all combos stay full-length.
Cross-product cap (256) reached for toponym 'Kynaston' — capped per-word options (was [294], now [256]) so all combos stay full-length.
Cross-product cap (256) reached for toponym 'Lancaster' — capped per-word options (was [280], now [256]) so all combos stay full-length.
Cross-product cap (256) reached for toponym 'Langney' — capped per-word options (was [270], now [256]) so all combos stay full-length.
Cross-product cap (256) reached for toponym 'Langridge' — capped per-word options (was [310], now [256]) so all combos stay full-length.
Cross-product cap (256) reached for toponym 'Langstone' — capped per-word options (was [450], now [256]) so all combos stay full-length.
Cross-product cap (256) reached for toponym 'Lea Marston' — capped per-word options (was [4, 198], now [4, 64]) so all combos stay full-length.
Cross-product cap (256) reached for toponym 'Letcombe Bassett' — capped per-word options (was [30, 42], now [16, 16]) so all combos stay full-length.
Cross-product cap (256) reached for toponym 'Letheringham' — capped per-word options (was [528], now [256]) so all combos stay full-length.
Cross-product cap (256) reached for toponym 'Letheringsett' — capped per-word options (was [5544], now [256]) so all combos stay full-length.
Cross-product cap (256) reached for toponym 'Linstead Magna' — capped per-word options (was [118, 63], now [16, 16]) so all combos stay full-length.
Cross-product cap (256) reached for toponym 'Linstead Parva' — capped per-word options (was [118, 10], now [25, 10]) so all combos stay full-length.
Cross-product cap (256) reached for toponym 'Little Amwell' — capped per-word options (was [18, 16], now [16, 16]) so all combos stay full-length.
Cross-product cap (256) reached for toponym 'Little Barford' — capped per-word options (was [18, 45], now [16, 16]) so all combos stay full-length.
Cross-product cap (256) reached for toponym 'Little Barrington' — capped per-word options (was [18, 1298], now [16, 16]) so all combos stay full-length.
Cross-product cap (256) reached for toponym 'Little Bedwyn' — capped per-word options (was [18, 27], now [16, 16]) so all combos stay full-length.
Cross-product cap (256) reached for toponym 'Little Bradley' — capped per-word options (was [18, 28], now [16, 16]) so all combos stay full-length.
Cross-product cap (256) reached for toponym 'Little Broughton' — capped per-word options (was [18, 44], now [16, 16]) so all combos stay full-length.
Cross-product cap (256) reached for toponym 'Little Bytham' — capped per-word options (was [18, 18], now [16, 16]) so all combos stay full-length.
Cross-product cap (256) reached for toponym 'Little Comberton' — capped per-word options (was [18, 110], now [16, 16]) so all combos stay full-length.
Cross-product cap (256) reached for toponym 'Little Dalby' — capped per-word options (was [18, 15], now [17, 15]) so all combos stay full-length.
Cross-product cap (256) reached for toponym 'Little Eccleston' — capped per-word options (was [18, 56], now [16, 16]) so all combos stay full-length.
Cross-product cap (256) reached for toponym 'Little Ellingham' — capped per-word options (was [18, 72], now [16, 16]) so all combos stay full-length.
Cross-product cap (256) reached for toponym 'Little Hereford' — capped per-word options (was [18, 81], now [16, 16]) so all combos stay full-length.
Cross-product cap (256) reached for toponym 'Little Linford' — capped per-word options (was [18, 57], now [16, 16]) so all combos stay full-length.
Cross-product cap (256) reached for toponym 'Little Longstone' — capped per-word options (was [18, 480], now [16, 16]) so all combos stay full-length.
Cross-product cap (256) reached for toponym 'Little Marlow' — capped per-word options (was [18, 33], now [16, 16]) so all combos stay full-length.
Cross-product cap (256) reached for toponym 'Little Melton' — capped per-word options (was [18, 33], now [16, 16]) so all combos stay full-length.
Cross-product cap (256) reached for toponym 'Little Ponton' — capped per-word options (was [18, 42], now [16, 16]) so all combos stay full-length.
Cross-product cap (256) reached for toponym 'Little Somerford' — capped per-word options (was [18, 36], now [16, 16]) so all combos stay full-length.
Cross-product cap (256) reached for toponym 'Little Sutton' — capped per-word options (was [18, 33], now [16, 16]) so all combos stay full-length.
Cross-product cap (256) reached for toponym 'Little Thorpe' — capped per-word options (was [18, 15], now [17, 15]) so all combos stay full-length.
Cross-product cap (256) reached for toponym 'Little Torrington' — capped per-word options (was [18, 1870], now [16, 16]) so all combos stay full-length.
Cross-product cap (256) reached for toponym 'Little Waldingfield' — capped per-word options (was [18, 184], now [16, 16]) so all combos stay full-length.
Cross-product cap (256) reached for toponym 'Little Walsingham' — capped per-word options (was [18, 48], now [16, 16]) so all combos stay full-length.
Cross-product cap (256) reached for toponym 'Little Warley' — capped per-word options (was [18, 35], now [16, 16]) so all combos stay full-length.
Cross-product cap (256) reached for toponym 'Little Witley' — capped per-word options (was [18, 21], now [16, 16]) so all combos stay full-length.
Cross-product cap (256) reached for toponym 'Littlebourne' — capped per-word options (was [270], now [256]) so all combos stay full-length.
Cross-product cap (256) reached for toponym 'Littlehampton' — capped per-word options (was [504], now [256]) so all combos stay full-length.
Cross-product cap (256) reached for toponym 'Littlethorpe' — capped per-word options (was [270], now [256]) so all combos stay full-length.
Cross-product cap (256) reached for toponym 'Long Ashton' — capped per-word options (was [16, 33], now [16, 16]) so all combos stay full-length.
Cross-product cap (256) reached for toponym 'Long Marston' — capped per-word options (was [16, 198], now [16, 16]) so all combos stay full-length.
Cross-product cap (256) reached for toponym 'Long Melford' — capped per-word options (was [16, 30], now [16, 16]) so all combos stay full-length.
Cross-product cap (256) reached for toponym 'Long Sutton' — capped per-word options (was [16, 33], now [16, 16]) so all combos stay full-length.
Cross-product cap (256) reached for toponym 'Longdendale' — capped per-word options (was [1216], now [256]) so all combos stay full-length.
Cross-product cap (256) reached for toponym 'Longney' — capped per-word options (was [288], now [256]) so all combos stay full-length.
Cross-product cap (256) reached for toponym 'Longstanton' — capped per-word options (was [5488], now [256]) so all combos stay full-length.
Cross-product cap (256) reached for toponym 'Longstone' — capped per-word options (was [480], now [256]) so all combos stay full-length.
Cross-product cap (256) reached for toponym 'Lothersdale' — capped per-word options (was [432], now [256]) so all combos stay full-length.
Cross-product cap (256) reached for toponym 'Lower Dean' — capped per-word options (was [19, 18], now [16, 16]) so all combos stay full-length.
Cross-product cap (256) reached for toponym 'Lower Farringdon' — capped per-word options (was [19, 396], now [16, 16]) so all combos stay full-length.
Cross-product cap (256) reached for toponym 'Lower Stondon' — capped per-word options (was [19, 42], now [16, 16]) so all combos stay full-length.
Cross-product cap (256) reached for toponym 'Lower Westmancote' — capped per-word options (was [19, 1296], now [16, 16]) so all combos stay full-length.
Cross-product cap (256) reached for toponym 'Lower Whitley' — capped per-word options (was [19, 21], now [16, 16]) so all combos stay full-length.
Cross-product cap (256) reached for toponym 'Lower Wolverton' — capped per-word options (was [19, 44], now [16, 16]) so all combos stay full-length.
Cross-product cap (256) reached for toponym 'Madingley' — capped per-word options (was [322], now [256]) so all combos stay full-length.
Cross-product cap (256) reached for toponym 'Mainsforth' — capped per-word options (was [456], now [256]) so all combos stay full-length.
Cross-product cap (256) reached for toponym 'Manaton' — capped per-word options (was [352], now [256]) so all combos stay full-length.
Cross-product cap (256) reached for toponym 'Market Overton' — capped per-word options (was [105, 44], now [16, 16]) so all combos stay full-length.
Cross-product cap (256) reached for toponym 'Market Weston' — capped per-word options (was [105, 34], now [16, 16]) so all combos stay full-length.
Cross-product cap (256) reached for toponym 'Marlesford' — capped per-word options (was [264], now [256]) so all combos stay full-length.
Cross-product cap (256) reached for toponym 'Marlingford' — capped per-word options (was [1188], now [256]) so all combos stay full-length.
Cross-product cap (256) reached for toponym 'Marston Green' — capped per-word options (was [198, 48], now [16, 16]) so all combos stay full-length.
Cross-product cap (256) reached for toponym 'Marston Magna' — capped per-word options (was [198, 63], now [16, 16]) so all combos stay full-length.
Cross-product cap (256) reached for toponym 'Merrington' — capped per-word options (was [968], now [256]) so all combos stay full-length.
Cross-product cap (256) reached for toponym 'Middle Littleton' — capped per-word options (was [5, 198], now [5, 51]) so all combos stay full-length.
Cross-product cap (256) reached for toponym 'Milborne Saint Andrew' — capped per-word options (was [12, 29, 42], now [6, 6, 7]) so all combos stay full-length.
Cross-product cap (256) reached for toponym 'Millington' — capped per-word options (was [308], now [256]) so all combos stay full-length.
Cross-product cap (256) reached for toponym 'Milton on Stour' — capped per-word options (was [11, 3, 8], now [10, 3, 8]) so all combos stay full-length.
Cross-product cap (256) reached for toponym 'Nether Alderley' — capped per-word options (was [91, 84], now [16, 16]) so all combos stay full-length.
Cross-product cap (256) reached for toponym 'Nether Broughton' — capped per-word options (was [91, 44], now [16, 16]) so all combos stay full-length.
Cross-product cap (256) reached for toponym 'Nether Burrow' — capped per-word options (was [91, 6], now [42, 6]) so all combos stay full-length.
Cross-product cap (256) reached for toponym 'Nether Stowey' — capped per-word options (was [91, 24], now [16, 16]) so all combos stay full-length.
Cross-product cap (256) reached for toponym 'Nether Whitacre' — capped per-word options (was [91, 27], now [16, 16]) so all combos stay full-length.
Cross-product cap (256) reached for toponym 'Netheravon' — capped per-word options (was [511], now [256]) so all combos stay full-length.
Cross-product cap (256) reached for toponym 'Netherbury' — capped per-word options (was [438], now [256]) so all combos stay full-length.
Cross-product cap (256) reached for toponym 'Netherfield' — capped per-word options (was [292], now [256]) so all combos stay full-length.
Cross-product cap (256) reached for toponym 'Netherton' — capped per-word options (was [803], now [256]) so all combos stay full-length.
Cross-product cap (256) reached for toponym 'Newenden' — capped per-word options (was [447], now [256]) so all combos stay full-length.
Cross-product cap (256) reached for toponym 'Newington' — capped per-word options (was [704], now [256]) so all combos stay full-length.
Cross-product cap (256) reached for toponym 'Newmarket' — capped per-word options (was [840], now [256]) so all combos stay full-length.
Cross-product cap (256) reached for toponym 'Newton Burgoland' — capped per-word options (was [88, 50], now [16, 16]) so all combos stay full-length.
Cross-product cap (256) reached for toponym 'Newton Grange' — capped per-word options (was [88, 141], now [16, 16]) so all combos stay full-length.
Cross-product cap (256) reached for toponym 'Newton Hall' — capped per-word options (was [88, 4], now [64, 4]) so all combos stay full-length.
Cross-product cap (256) reached for toponym 'Newton Longville' — capped per-word options (was [88, 48], now [16, 16]) so all combos stay full-length.
Cross-product cap (256) reached for toponym 'Normanby' — capped per-word options (was [437], now [256]) so all combos stay full-length.
Cross-product cap (256) reached for toponym 'Normanton' — capped per-word options (was [1442], now [256]) so all combos stay full-length.
Cross-product cap (256) reached for toponym 'Normanton on Soar' — capped per-word options (was [1442, 3, 4], now [21, 3, 4]) so all combos stay full-length.
Cross-product cap (256) reached for toponym 'North Barrow' — capped per-word options (was [21, 16], now [16, 16]) so all combos stay full-length.
Cross-product cap (256) reached for toponym 'North Burlingham' — capped per-word options (was [21, 48], now [16, 16]) so all combos stay full-length.
Cross-product cap (256) reached for toponym 'North Dalton' — capped per-word options (was [21, 58], now [16, 16]) so all combos stay full-length.
Cross-product cap (256) reached for toponym 'North Elkington' — capped per-word options (was [21, 363], now [16, 16]) so all combos stay full-length.
Cross-product cap (256) reached for toponym 'North Killingholme' — capped per-word options (was [21, 216], now [16, 16]) so all combos stay full-length.
Cross-product cap (256) reached for toponym 'North Kilworth' — capped per-word options (was [21, 18], now [16, 16]) so all combos stay full-length.
Cross-product cap (256) reached for toponym 'North Littleton' — capped per-word options (was [21, 198], now [16, 16]) so all combos stay full-length.
Cross-product cap (256) reached for toponym 'North Marden' — capped per-word options (was [21, 83], now [16, 16]) so all combos stay full-length.
Cross-product cap (256) reached for toponym 'North Newton' — capped per-word options (was [21, 88], now [16, 16]) so all combos stay full-length.
Cross-product cap (256) reached for toponym 'North Reston' — capped per-word options (was [21, 56], now [16, 16]) so all combos stay full-length.
Cross-product cap (256) reached for toponym 'North Somercotes' — capped per-word options (was [21, 56], now [16, 16]) so all combos stay full-length.
Cross-product cap (256) reached for toponym 'North Stoneham' — capped per-word options (was [21, 60], now [16, 16]) so all combos stay full-length.
Cross-product cap (256) reached for toponym 'North Willingham' — capped per-word options (was [21, 28], now [16, 16]) so all combos stay full-length.
Cross-product cap (256) reached for toponym 'Northbourne' — capped per-word options (was [567], now [256]) so all combos stay full-length.
Cross-product cap (256) reached for toponym 'Northenden' — capped per-word options (was [1071], now [256]) so all combos stay full-length.
Cross-product cap (256) reached for toponym 'Northey Island' — capped per-word options (was [126, 10], now [25, 10]) so all combos stay full-length.
Cross-product cap (256) reached for toponym 'Norton Bridge' — capped per-word options (was [77, 27], now [16, 16]) so all combos stay full-length.
Cross-product cap (256) reached for toponym 'Norton Canes' — capped per-word options (was [77, 23], now [16, 16]) so all combos stay full-length.
Cross-product cap (256) reached for toponym 'Norton Canon' — capped per-word options (was [77, 21], now [16, 16]) so all combos stay full-length.
Cross-product cap (256) reached for toponym 'Norton Lindsey' — capped per-word options (was [77, 78], now [16, 16]) so all combos stay full-length.
Cross-product cap (256) reached for toponym 'Otterbourne' — capped per-word options (was [540], now [256]) so all combos stay full-length.
Cross-product cap (256) reached for toponym 'Otterhampton' — capped per-word options (was [1008], now [256]) so all combos stay full-length.
Cross-product cap (256) reached for toponym 'Otterton' — capped per-word options (was [396], now [256]) so all combos stay full-length.
Cross-product cap (256) reached for toponym 'Out Newton' — capped per-word options (was [3, 88], now [3, 85]) so all combos stay full-length.
Cross-product cap (256) reached for toponym 'Pitminster' — capped per-word options (was [400], now [256]) so all combos stay full-length.
Cross-product cap (256) reached for toponym 'Portington' — capped per-word options (was [704], now [256]) so all combos stay full-length.
Cross-product cap (256) reached for toponym 'Reymerston' — capped per-word options (was [1248], now [256]) so all combos stay full-length.
Cross-product cap (256) reached for toponym 'Ringlestone' — capped per-word options (was [1320], now [256]) so all combos stay full-length.
Cross-product cap (256) reached for toponym 'Ringstead' — capped per-word options (was [374], now [256]) so all combos stay full-length.
Cross-product cap (256) reached for toponym 'Saint Buryan' — capped per-word options (was [29, 48], now [16, 16]) so all combos stay full-length.
Cross-product cap (256) reached for toponym 'Saint Lawrence' — capped per-word options (was [29, 48], now [16, 16]) so all combos stay full-length.
Cross-product cap (256) reached for toponym "Saint Martin's" — capped per-word options (was [29, 132], now [16, 16]) so all combos stay full-length.
Cross-product cap (256) reached for toponym "Saint Peter's" — capped per-word options (was [29, 32], now [16, 16]) so all combos stay full-length.
Cross-product cap (256) reached for toponym 'Sandringham' — capped per-word options (was [524], now [256]) so all combos stay full-length.
Cross-product cap (256) reached for toponym 'Skellingthorpe' — capped per-word options (was [1350], now [256]) so all combos stay full-length.
Cross-product cap (256) reached for toponym 'Somerleyton' — capped per-word options (was [308], now [256]) so all combos stay full-length.
Cross-product cap (256) reached for toponym 'South Elkington' — capped per-word options (was [3, 363], now [3, 85]) so all combos stay full-length.
Cross-product cap (256) reached for toponym 'South Killingholme' — capped per-word options (was [3, 216], now [3, 85]) so all combos stay full-length.
Cross-product cap (256) reached for toponym 'South Littleton' — capped per-word options (was [3, 198], now [3, 85]) so all combos stay full-length.
Cross-product cap (256) reached for toponym 'South Newington' — capped per-word options (was [3, 704], now [3, 85]) so all combos stay full-length.
Cross-product cap (256) reached for toponym 'South Newton' — capped per-word options (was [3, 88], now [3, 85]) so all combos stay full-length.
Cross-product cap (256) reached for toponym 'South Normanton' — capped per-word options (was [3, 1442], now [3, 85]) so all combos stay full-length.
Cross-product cap (256) reached for toponym 'Springthorpe' — capped per-word options (was [450], now [256]) so all combos stay full-length.
Cross-product cap (256) reached for toponym 'Stanbridge' — capped per-word options (was [943], now [256]) so all combos stay full-length.
Cross-product cap (256) reached for toponym 'Standerwick' — capped per-word options (was [290], now [256]) so all combos stay full-length.
Cross-product cap (256) reached for toponym 'Stanford' — capped per-word options (was [285], now [256]) so all combos stay full-length.
Cross-product cap (256) reached for toponym 'Stanford Bishop' — capped per-word options (was [285, 3], now [85, 3]) so all combos stay full-length.
Cross-product cap (256) reached for toponym 'Stanford in the Vale' — capped per-word options (was [285, 5, 6, 6], now [4, 4, 4, 4]) so all combos stay full-length.
Cross-product cap (256) reached for toponym 'Stanford on Soar' — capped per-word options (was [285, 3, 4], now [21, 3, 4]) so all combos stay full-length.
Cross-product cap (256) reached for toponym 'Stanmore' — capped per-word options (was [319], now [256]) so all combos stay full-length.
Cross-product cap (256) reached for toponym 'Stanstead' — capped per-word options (was [621], now [256]) so all combos stay full-length.
Cross-product cap (256) reached for toponym 'Stanton' — capped per-word options (was [343], now [256]) so all combos stay full-length.
Cross-product cap (256) reached for toponym 'Stanton Long' — capped per-word options (was [343, 16], now [16, 16]) so all combos stay full-length.
Cross-product cap (256) reached for toponym 'Stanton Saint John' — capped per-word options (was [343, 29, 4], now [8, 8, 4]) so all combos stay full-length.
Cross-product cap (256) reached for toponym 'Stanton by Bridge' — capped per-word options (was [343, 3, 27], now [9, 3, 9]) so all combos stay full-length.
Cross-product cap (256) reached for toponym 'Stanton by Dale' — capped per-word options (was [343, 3, 12], now [9, 3, 9]) so all combos stay full-length.
Cross-product cap (256) reached for toponym 'Stanton in Peak' — capped per-word options (was [343, 5, 4], now [12, 5, 4]) so all combos stay full-length.
Cross-product cap (256) reached for toponym 'Stantonbury' — capped per-word options (was [2533], now [256]) so all combos stay full-length.
Cross-product cap (256) reached for toponym 'Stoke Newington' — capped per-word options (was [8, 704], now [8, 32]) so all combos stay full-length.
Cross-product cap (256) reached for toponym 'Stoke Saint Mary' — capped per-word options (was [8, 29, 27], now [6, 6, 7]) so all combos stay full-length.
Cross-product cap (256) reached for toponym 'Stoke Saint Milborough' — capped per-word options (was [8, 29, 4], now [8, 8, 4]) so all combos stay full-length.
Cross-product cap (256) reached for toponym 'Ston Easton' — capped per-word options (was [14, 70], now [14, 18]) so all combos stay full-length.
Cross-product cap (256) reached for toponym 'Stoneton' — capped per-word options (was [330], now [256]) so all combos stay full-length.
Cross-product cap (256) reached for toponym 'Stoney Stanton' — capped per-word options (was [88, 343], now [16, 16]) so all combos stay full-length.
Cross-product cap (256) reached for toponym 'Stonton Wyville' — capped per-word options (was [166, 6], now [42, 6]) so all combos stay full-length.
Cross-product cap (256) reached for toponym 'Stowmarket' — capped per-word options (was [420], now [256]) so all combos stay full-length.
Cross-product cap (256) reached for toponym 'Stringston' — capped per-word options (was [1344], now [256]) so all combos stay full-length.
Cross-product cap (256) reached for toponym 'Sutton Bassett' — capped per-word options (was [33, 42], now [16, 16]) so all combos stay full-length.
Cross-product cap (256) reached for toponym 'Sutton Green' — capped per-word options (was [33, 48], now [16, 16]) so all combos stay full-length.
Cross-product cap (256) reached for toponym 'Sutton Saint Michael' — capped per-word options (was [33, 29, 6], now [6, 7, 6]) so all combos stay full-length.
Cross-product cap (256) reached for toponym 'Sutton on the Hill' — capped per-word options (was [33, 3, 6, 3], now [5, 3, 5, 3]) so all combos stay full-length.
Cross-product cap (256) reached for toponym 'Tallington' — capped per-word options (was [792], now [256]) so all combos stay full-length.
Cross-product cap (256) reached for toponym 'Temple Normanton' — capped per-word options (was [12, 1442], now [12, 21]) so all combos stay full-length.
Cross-product cap (256) reached for toponym 'Theberton' — capped per-word options (was [264], now [256]) so all combos stay full-length.
Cross-product cap (256) reached for toponym 'Thornham Magna' — capped per-word options (was [48, 63], now [16, 16]) so all combos stay full-length.
Cross-product cap (256) reached for toponym 'Thornham Parva' — capped per-word options (was [48, 10], now [25, 10]) so all combos stay full-length.
Cross-product cap (256) reached for toponym 'Thornsett' — capped per-word options (was [630], now [256]) so all combos stay full-length.
Cross-product cap (256) reached for toponym 'Thornton' — capped per-word options (was [285], now [256]) so all combos stay full-length.
Cross-product cap (256) reached for toponym 'Thornton Dale' — capped per-word options (was [285, 12], now [21, 12]) so all combos stay full-length.
Cross-product cap (256) reached for toponym 'Thorpe Langton' — capped per-word options (was [15, 165], now [15, 17]) so all combos stay full-length.
Cross-product cap (256) reached for toponym 'Thorpe Saint Andrew' — capped per-word options (was [15, 29, 42], now [6, 6, 7]) so all combos stay full-length.
Cross-product cap (256) reached for toponym 'Thorpe Saint Peter' — capped per-word options (was [15, 29, 40], now [6, 6, 7]) so all combos stay full-length.
Cross-product cap (256) reached for toponym 'Thorpe by Water' — capped per-word options (was [15, 3, 30], now [9, 3, 9]) so all combos stay full-length.
Cross-product cap (256) reached for toponym 'Thorpe on the Hill' — capped per-word options (was [15, 3, 6, 3], now [5, 3, 5, 3]) so all combos stay full-length.
Cross-product cap (256) reached for toponym 'Tonbridge' — capped per-word options (was [357], now [256]) so all combos stay full-length.
Cross-product cap (256) reached for toponym 'Tredington' — capped per-word options (was [1760], now [256]) so all combos stay full-length.
Cross-product cap (256) reached for toponym 'Trenant' — capped per-word options (was [1344], now [256]) so all combos stay full-length.
Cross-product cap (256) reached for toponym 'Treyford' — capped per-word options (was [414], now [256]) so all combos stay full-length.
Cross-product cap (256) reached for toponym 'Upper Arley' — capped per-word options (was [12, 28], now [12, 21]) so all combos stay full-length.
Cross-product cap (256) reached for toponym 'Upper Broughton' — capped per-word options (was [12, 44], now [12, 21]) so all combos stay full-length.
Cross-product cap (256) reached for toponym 'Upper Farringdon' — capped per-word options (was [12, 396], now [12, 21]) so all combos stay full-length.
Cross-product cap (256) reached for toponym 'Upper Stondon' — capped per-word options (was [12, 42], now [12, 21]) so all combos stay full-length.
Cross-product cap (256) reached for toponym 'Upper Wolverton' — capped per-word options (was [12, 44], now [12, 21]) so all combos stay full-length.
Cross-product cap (256) reached for toponym 'Upton Magna' — capped per-word options (was [14, 63], now [14, 18]) so all combos stay full-length.
Cross-product cap (256) reached for toponym 'Upton Warren' — capped per-word options (was [14, 60], now [14, 18]) so all combos stay full-length.
Cross-product cap (256) reached for toponym 'Walkeringham' — capped per-word options (was [360], now [256]) so all combos stay full-length.
Cross-product cap (256) reached for toponym 'Walkington' — capped per-word options (was [363], now [256]) so all combos stay full-length.
Cross-product cap (256) reached for toponym 'Wallingford' — capped per-word options (was [396], now [256]) so all combos stay full-length.
Cross-product cap (256) reached for toponym 'Wallington' — capped per-word options (was [484], now [256]) so all combos stay full-length.
Cross-product cap (256) reached for toponym 'Waltham Saint Lawrence' — capped per-word options (was [20, 29, 48], now [6, 6, 7]) so all combos stay full-length.
Cross-product cap (256) reached for toponym 'Waltham on the Wolds' — capped per-word options (was [20, 3, 6, 2], now [7, 3, 6, 2]) so all combos stay full-length.
Cross-product cap (256) reached for toponym 'Walton on the Wolds' — capped per-word options (was [36, 3, 6, 2], now [7, 3, 6, 2]) so all combos stay full-length.
Cross-product cap (256) reached for toponym 'Warmington' — capped per-word options (was [616], now [256]) so all combos stay full-length.
Cross-product cap (256) reached for toponym 'Warminster' — capped per-word options (was [700], now [256]) so all combos stay full-length.
Cross-product cap (256) reached for toponym 'Warrington' — capped per-word options (was [1210], now [256]) so all combos stay full-length.
Cross-product cap (256) reached for toponym 'Water Newton' — capped per-word options (was [30, 88], now [16, 16]) so all combos stay full-length.
Cross-product cap (256) reached for toponym 'Wateringbury' — capped per-word options (was [1584], now [256]) so all combos stay full-length.
Cross-product cap (256) reached for toponym 'Waterperry' — capped per-word options (was [480], now [256]) so all combos stay full-length.
Cross-product cap (256) reached for toponym 'Waterton' — capped per-word options (was [264], now [256]) so all combos stay full-length.
Cross-product cap (256) reached for toponym 'Wellingore' — capped per-word options (was [265], now [256]) so all combos stay full-length.
Cross-product cap (256) reached for toponym 'Wellington' — capped per-word options (was [583], now [256]) so all combos stay full-length.
Cross-product cap (256) reached for toponym 'West Ashton' — capped per-word options (was [10, 33], now [10, 25]) so all combos stay full-length.
Cross-product cap (256) reached for toponym 'West Ayton' — capped per-word options (was [10, 44], now [10, 25]) so all combos stay full-length.
Cross-product cap (256) reached for toponym 'West Bradenham' — capped per-word options (was [10, 54], now [10, 25]) so all combos stay full-length.
Cross-product cap (256) reached for toponym 'West Bradford' — capped per-word options (was [10, 36], now [10, 25]) so all combos stay full-length.
Cross-product cap (256) reached for toponym 'West Bradley' — capped per-word options (was [10, 28], now [10, 25]) so all combos stay full-length.
Cross-product cap (256) reached for toponym 'West Horsley' — capped per-word options (was [10, 28], now [10, 25]) so all combos stay full-length.
Cross-product cap (256) reached for toponym 'West Marden' — capped per-word options (was [10, 83], now [10, 25]) so all combos stay full-length.
Cross-product cap (256) reached for toponym 'West Melton' — capped per-word options (was [10, 33], now [10, 25]) so all combos stay full-length.
Cross-product cap (256) reached for toponym 'West Mersea' — capped per-word options (was [10, 28], now [10, 25]) so all combos stay full-length.
Cross-product cap (256) reached for toponym 'West Newton' — capped per-word options (was [10, 88], now [10, 25]) so all combos stay full-length.
Cross-product cap (256) reached for toponym 'West Overton' — capped per-word options (was [10, 44], now [10, 25]) so all combos stay full-length.
Cross-product cap (256) reached for toponym 'West Somerton' — capped per-word options (was [10, 44], now [10, 25]) so all combos stay full-length.
Cross-product cap (256) reached for toponym 'West Thorney' — capped per-word options (was [10, 150], now [10, 25]) so all combos stay full-length.
Cross-product cap (256) reached for toponym 'West Torrington' — capped per-word options (was [10, 1870], now [10, 25]) so all combos stay full-length.
Cross-product cap (256) reached for toponym 'West Walton' — capped per-word options (was [10, 36], now [10, 25]) so all combos stay full-length.
Cross-product cap (256) reached for toponym 'West Wittering' — capped per-word options (was [10, 432], now [10, 25]) so all combos stay full-length.
Cross-product cap (256) reached for toponym 'Westcott Barton' — capped per-word options (was [120, 55], now [16, 16]) so all combos stay full-length.
Cross-product cap (256) reached for toponym 'Westgate' — capped per-word options (was [270], now [256]) so all combos stay full-length.
Cross-product cap (256) reached for toponym 'Westmancote' — capped per-word options (was [1296], now [256]) so all combos stay full-length.
Cross-product cap (256) reached for toponym 'Westminster' — capped per-word options (was [1200], now [256]) so all combos stay full-length.
Cross-product cap (256) reached for toponym 'Weston Green' — capped per-word options (was [34, 48], now [16, 16]) so all combos stay full-length.
Cross-product cap (256) reached for toponym 'Weston Longville' — capped per-word options (was [34, 48], now [16, 16]) so all combos stay full-length.
Cross-product cap (256) reached for toponym 'Weston Patrick' — capped per-word options (was [34, 26], now [16, 16]) so all combos stay full-length.
Cross-product cap (256) reached for toponym 'Westoning' — capped per-word options (was [308], now [256]) so all combos stay full-length.
Cross-product cap (256) reached for toponym 'Wickham Market' — capped per-word options (was [4, 105], now [4, 64]) so all combos stay full-length.
Cross-product cap (256) reached for toponym 'Wincanton' — capped per-word options (was [344], now [256]) so all combos stay full-length.
Cross-product cap (256) reached for toponym 'Windermere' — capped per-word options (was [319], now [256]) so all combos stay full-length.
Cross-product cap (256) reached for toponym 'Wingerworth' — capped per-word options (was [480], now [256]) so all combos stay full-length.
Cross-product cap (256) reached for toponym 'Winstanley' — capped per-word options (was [1015], now [256]) so all combos stay full-length.
Cross-product cap (256) reached for toponym 'Winterborne Kingston' — capped per-word options (was [636, 154], now [16, 16]) so all combos stay full-length.
Cross-product cap (256) reached for toponym 'Winterborne Whitechurch' — capped per-word options (was [636, 12], now [21, 12]) so all combos stay full-length.
Cross-product cap (256) reached for toponym 'Winterbourne' — capped per-word options (was [795], now [256]) so all combos stay full-length.
Cross-product cap (256) reached for toponym 'Winterbourne Bassett' — capped per-word options (was [795, 42], now [16, 16]) so all combos stay full-length.
Cross-product cap (256) reached for toponym 'Winterbourne Stoke' — capped per-word options (was [795, 8], now [32, 8]) so all combos stay full-length.
Cross-product cap (256) reached for toponym 'Winterburn' — capped per-word options (was [371], now [256]) so all combos stay full-length.
Cross-product cap (256) reached for toponym 'Winteringham' — capped per-word options (was [1160], now [256]) so all combos stay full-length.
Cross-product cap (256) reached for toponym 'Winterton' — capped per-word options (was [583], now [256]) so all combos stay full-length.
Cross-product cap (256) reached for toponym 'Witham on the Hill' — capped per-word options (was [6, 3, 6, 3], now [5, 3, 5, 3]) so all combos stay full-length.
Cross-product cap (256) reached for toponym 'Wolstanton' — capped per-word options (was [343], now [256]) so all combos stay full-length.
Cross-product cap (256) reached for toponym 'Woodcote Green' — capped per-word options (was [18, 48], now [16, 16]) so all combos stay full-length.
Cross-product cap (256) reached for toponym 'Woodmancote' — capped per-word options (was [297], now [256]) so all combos stay full-length.
Cross-product cap (256) reached for toponym 'Woodmancott' — capped per-word options (was [396], now [256]) so all combos stay full-length.
Cross-product cap (256) reached for toponym 'Worlington' — capped per-word options (was [396], now [256]) so all combos stay full-length.
Cross-product cap (256) reached for toponym 'Worlingworth' — capped per-word options (was [324], now [256]) so all combos stay full-length.
Cross-product cap (256) reached for toponym 'Wormingford' — capped per-word options (was [288], now [256]) so all combos stay full-length.
Cross-product cap (256) reached for toponym 'Wymington' — capped per-word options (was [264], now [256]) so all combos stay full-length.
Cross-product cap (256) reached for toponym 'Grangemouth' — capped per-word options (was [705], now [256]) so all combos stay full-length.
Cross-product cap (256) reached for toponym 'Inveraray' — capped per-word options (was [340], now [256]) so all combos stay full-length.
Cross-product cap (256) reached for toponym 'Newmarket' — capped per-word options (was [840], now [256]) so all combos stay full-length.
Cross-product cap (256) reached for toponym 'Thornton' — capped per-word options (was [285], now [256]) so all combos stay full-length.
Cross-product cap (256) reached for toponym 'Langstone' — capped per-word options (was [450], now [256]) so all combos stay full-length.
Cross-product cap (256) reached for toponym 'Thornton' — capped per-word options (was [285], now [256]) so all combos stay full-length.
Cross-product cap (256) reached for toponym 'Treherbert' — capped per-word options (was [768], now [256]) so all combos stay full-length.
Cross-product cap (256) reached for toponym 'Waterston' — capped per-word options (was [468], now [256]) so all combos stay full-length.
Cross-product cap (256) reached for toponym 'Cardington' — capped per-word options (was [638], now [256]) so all combos stay full-length.
Cross-product cap (256) reached for toponym 'Clonbunny' — capped per-word options (was [304], now [256]) so all combos stay full-length.
Cross-product cap (256) reached for toponym 'Gortacarnan' — capped per-word options (was [4751], now [256]) so all combos stay full-length.
Cross-product cap (256) reached for toponym 'Greenridge' — capped per-word options (was [960], now [256]) so all combos stay full-length.
Cross-product cap (256) reached for toponym 'Longstone' — capped per-word options (was [480], now [256]) so all combos stay full-length.
Cross-product cap (256) reached for toponym 'Lurganbane' — capped per-word options (was [670], now [256]) so all combos stay full-length.
Cross-product cap (256) reached for toponym 'Newmarket' — capped per-word options (was [840], now [256]) so all combos stay full-length.
Cross-product cap (256) reached for toponym 'Stanney' — capped per-word options (was [570], now [256]) so all combos stay full-length.
Cross-product cap (256) reached for toponym 'Warrington' — capped per-word options (was [1210], now [256]) so all combos stay full-length.
Cross-product cap (256) reached for toponym 'Wellington' — capped per-word options (was [583], now [256]) so all combos stay full-length.
Wrote L4 DB to wyrd/generators/kenning/data/seed-runtime.db: 49323 meaning rows, 6 fantasy morphemes, 3154 canonical decompositions, 4959 proportion rows across 5 cultures.
=== after-reports start 05:28UTC ===
report: 0
stats: 0
enrichment-status: 0
era-coverage: 0
language-report: 0
export-meanings: 0
rando: 1
drift-report (culture=english, count=1000, seed=0, priors=yes)...
  sample sizes: proportions=1000, vector=1000
  wrote: data/mining/reports/after-rebuild-20260529/drift_english.md
drift english md: 0
drift-report (culture=english, count=1000, seed=0, priors=yes)...
  sample sizes: proportions=1000, vector=1000
  wrote: data/mining/reports/after-rebuild-20260529/drift_english.json
drift english json: 0
drift-report (culture=scottish, count=1000, seed=0, priors=yes)...
  sample sizes: proportions=1000, vector=1000
  wrote: data/mining/reports/after-rebuild-20260529/drift_scottish.md
drift scottish md: 0
drift-report (culture=scottish, count=1000, seed=0, priors=yes)...
  sample sizes: proportions=1000, vector=1000
  wrote: data/mining/reports/after-rebuild-20260529/drift_scottish.json
drift scottish json: 0
drift-report (culture=welsh, count=1000, seed=0, priors=yes)...
  sample sizes: proportions=1000, vector=1000
  wrote: data/mining/reports/after-rebuild-20260529/drift_welsh.md
drift welsh md: 0
drift-report (culture=welsh, count=1000, seed=0, priors=yes)...
  sample sizes: proportions=1000, vector=1000
  wrote: data/mining/reports/after-rebuild-20260529/drift_welsh.json
drift welsh json: 0
drift-report (culture=irish, count=1000, seed=0, priors=yes)...
  sample sizes: proportions=1000, vector=1000
  wrote: data/mining/reports/after-rebuild-20260529/drift_irish.md
drift irish md: 0
drift-report (culture=irish, count=1000, seed=0, priors=yes)...
  sample sizes: proportions=1000, vector=1000
  wrote: data/mining/reports/after-rebuild-20260529/drift_irish.json
drift irish json: 0
drift-report (culture=breton, count=1000, seed=0, priors=yes)...
  sample sizes: proportions=1000, vector=1000
  wrote: data/mining/reports/after-rebuild-20260529/drift_breton.md
drift breton md: 0
drift-report (culture=breton, count=1000, seed=0, priors=yes)...
  sample sizes: proportions=1000, vector=1000
  wrote: data/mining/reports/after-rebuild-20260529/drift_breton.json
drift breton json: 0
=== after-reports done 05:32UTC ===
=== export #1: seed-runtime.db from rebuilt DB (pre-mine, empirical-less) 05:54UTC ===
  collect_families 1008/50416 (2.0%) elapsed=3s eta=145s (340 roots/s)
  collect_families 2016/50416 (4.0%) elapsed=6s eta=143s (338 roots/s)
  collect_families 3024/50416 (6.0%) elapsed=9s eta=140s (338 roots/s)
  collect_families 4032/50416 (8.0%) elapsed=12s eta=137s (338 roots/s)
  collect_families 5040/50416 (10.0%) elapsed=15s eta=134s (339 roots/s)
  collect_families 6048/50416 (12.0%) elapsed=18s eta=131s (340 roots/s)
  collect_families 7056/50416 (14.0%) elapsed=21s eta=127s (340 roots/s)
  collect_families 8064/50416 (16.0%) elapsed=24s eta=124s (341 roots/s)
  collect_families 9072/50416 (18.0%) elapsed=27s eta=121s (341 roots/s)
  collect_families 10080/50416 (20.0%) elapsed=30s eta=118s (341 roots/s)
  collect_families 11088/50416 (22.0%) elapsed=33s eta=115s (341 roots/s)
  collect_families 12096/50416 (24.0%) elapsed=35s eta=112s (341 roots/s)
  collect_families 13104/50416 (26.0%) elapsed=38s eta=109s (341 roots/s)
  collect_families 14112/50416 (28.0%) elapsed=41s eta=106s (341 roots/s)
  collect_families 15120/50416 (30.0%) elapsed=44s eta=103s (341 roots/s)
  collect_families 16128/50416 (32.0%) elapsed=47s eta=101s (341 roots/s)
  collect_families 17136/50416 (34.0%) elapsed=50s eta=98s (341 roots/s)
  collect_families 18144/50416 (36.0%) elapsed=53s eta=95s (341 roots/s)
  collect_families 19152/50416 (38.0%) elapsed=56s eta=92s (340 roots/s)
  collect_families 20160/50416 (40.0%) elapsed=59s eta=89s (340 roots/s)
  collect_families 21168/50416 (42.0%) elapsed=62s eta=86s (340 roots/s)
  collect_families 22176/50416 (44.0%) elapsed=65s eta=83s (340 roots/s)
  collect_families 23184/50416 (46.0%) elapsed=68s eta=80s (340 roots/s)
  collect_families 24192/50416 (48.0%) elapsed=71s eta=77s (340 roots/s)
  collect_families 25200/50416 (50.0%) elapsed=74s eta=74s (340 roots/s)
  collect_families 26208/50416 (52.0%) elapsed=77s eta=71s (340 roots/s)
  collect_families 27216/50416 (54.0%) elapsed=80s eta=68s (340 roots/s)
  collect_families 28224/50416 (56.0%) elapsed=83s eta=65s (340 roots/s)
  collect_families 29232/50416 (58.0%) elapsed=86s eta=62s (340 roots/s)
  collect_families 30240/50416 (60.0%) elapsed=89s eta=59s (340 roots/s)
  collect_families 31248/50416 (62.0%) elapsed=92s eta=56s (341 roots/s)
  collect_families 32256/50416 (64.0%) elapsed=95s eta=53s (341 roots/s)
  collect_families 33264/50416 (66.0%) elapsed=98s eta=50s (340 roots/s)
  collect_families 34272/50416 (68.0%) elapsed=101s eta=47s (341 roots/s)
  collect_families 35280/50416 (70.0%) elapsed=104s eta=44s (341 roots/s)
  collect_families 36288/50416 (72.0%) elapsed=107s eta=41s (341 roots/s)
  collect_families 37296/50416 (74.0%) elapsed=109s eta=39s (341 roots/s)
  collect_families 38304/50416 (76.0%) elapsed=112s eta=36s (341 roots/s)
  collect_families 39312/50416 (78.0%) elapsed=115s eta=33s (341 roots/s)
  collect_families 40320/50416 (80.0%) elapsed=118s eta=30s (341 roots/s)
  collect_families 41328/50416 (82.0%) elapsed=121s eta=27s (341 roots/s)
  collect_families 42336/50416 (84.0%) elapsed=124s eta=24s (340 roots/s)
  collect_families 43344/50416 (86.0%) elapsed=127s eta=21s (340 roots/s)
  collect_families 44352/50416 (88.0%) elapsed=130s eta=18s (340 roots/s)
  collect_families 45360/50416 (90.0%) elapsed=133s eta=15s (340 roots/s)
  collect_families 46368/50416 (92.0%) elapsed=136s eta=12s (340 roots/s)
  collect_families 47376/50416 (94.0%) elapsed=139s eta=9s (340 roots/s)
  collect_families 48384/50416 (96.0%) elapsed=142s eta=6s (340 roots/s)
  collect_families 49392/50416 (98.0%) elapsed=145s eta=3s (340 roots/s)
  collect_families 50400/50416 (100.0%) elapsed=148s eta=0s (340 roots/s)
  collect_families 50416/50416 (100.0%) elapsed=148s eta=0s (340 roots/s)
Cross-product cap (256) reached for toponym 'Acton Burnell' — capped per-word options (was [22, 22], now [16, 16]) so all combos stay full-length.
Cross-product cap (256) reached for toponym 'Aldingbourne' — capped per-word options (was [420], now [256]) so all combos stay full-length.
Cross-product cap (256) reached for toponym 'Aldington' — capped per-word options (was [308], now [256]) so all combos stay full-length.
Cross-product cap (256) reached for toponym 'Allington' — capped per-word options (was [264], now [256]) so all combos stay full-length.
Cross-product cap (256) reached for toponym 'Alston Sutton' — capped per-word options (was [28, 33], now [16, 16]) so all combos stay full-length.
Cross-product cap (256) reached for toponym 'Alton Barnes' — capped per-word options (was [25, 50], now [16, 16]) so all combos stay full-length.
Cross-product cap (256) reached for toponym 'Alverstone' — capped per-word options (was [328], now [256]) so all combos stay full-length.
Cross-product cap (256) reached for toponym 'Angerton' — capped per-word options (was [770], now [256]) so all combos stay full-length.
Cross-product cap (256) reached for toponym 'Ardington' — capped per-word options (was [528], now [256]) so all combos stay full-length.
Cross-product cap (256) reached for toponym 'Arkendale' — capped per-word options (was [456], now [256]) so all combos stay full-length.
Cross-product cap (256) reached for toponym 'Arlington' — capped per-word options (was [528], now [256]) so all combos stay full-length.
Cross-product cap (256) reached for toponym 'Arrington' — capped per-word options (was [968], now [256]) so all combos stay full-length.
Cross-product cap (256) reached for toponym 'Ashby Magna' — capped per-word options (was [13, 63], now [13, 19]) so all combos stay full-length.
Cross-product cap (256) reached for toponym 'Ashington' — capped per-word options (was [264], now [256]) so all combos stay full-length.
Cross-product cap (256) reached for toponym 'Aston Botterell' — capped per-word options (was [28, 108], now [16, 16]) so all combos stay full-length.
Cross-product cap (256) reached for toponym 'Aston Sandford' — capped per-word options (was [28, 81], now [16, 16]) so all combos stay full-length.
Cross-product cap (256) reached for toponym 'Aston Somerville' — capped per-word options (was [28, 12], now [21, 12]) so all combos stay full-length.
Cross-product cap (256) reached for toponym 'Aston Upthorpe' — capped per-word options (was [28, 19], now [16, 16]) so all combos stay full-length.
Cross-product cap (256) reached for toponym 'Aston by Sutton' — capped per-word options (was [28, 3, 33], now [9, 3, 9]) so all combos stay full-length.
Cross-product cap (256) reached for toponym 'Balterley' — capped per-word options (was [280], now [256]) so all combos stay full-length.
Cross-product cap (256) reached for toponym 'Barford Saint John' — capped per-word options (was [45, 29, 4], now [8, 8, 4]) so all combos stay full-length.
Cross-product cap (256) reached for toponym 'Barford Saint Michael' — capped per-word options (was [45, 29, 6], now [6, 7, 6]) so all combos stay full-length.
Cross-product cap (256) reached for toponym 'Barlestone' — capped per-word options (was [300], now [256]) so all combos stay full-length.
Cross-product cap (256) reached for toponym 'Barnston' — capped per-word options (was [280], now [256]) so all combos stay full-length.
Cross-product cap (256) reached for toponym 'Barrington' — capped per-word options (was [1298], now [256]) so all combos stay full-length.
Cross-product cap (256) reached for toponym 'Barton on Sea' — capped per-word options (was [55, 3, 5], now [17, 3, 5]) so all combos stay full-length.
Cross-product cap (256) reached for toponym 'Beanthwaite' — capped per-word options (was [1059], now [256]) so all combos stay full-length.
Cross-product cap (256) reached for toponym 'Beckington' — capped per-word options (was [363], now [256]) so all combos stay full-length.
Cross-product cap (256) reached for toponym 'Beddington' — capped per-word options (was [418], now [256]) so all combos stay full-length.
Cross-product cap (256) reached for toponym 'Bedlington' — capped per-word options (was [396], now [256]) so all combos stay full-length.
Cross-product cap (256) reached for toponym 'Bedminster' — capped per-word options (was [500], now [256]) so all combos stay full-length.
Cross-product cap (256) reached for toponym 'Beeston Saint Andrew' — capped per-word options (was [56, 29, 42], now [6, 6, 7]) so all combos stay full-length.
Cross-product cap (256) reached for toponym 'Beeston Saint Lawrence' — capped per-word options (was [56, 29, 48], now [6, 6, 7]) so all combos stay full-length.
Cross-product cap (256) reached for toponym 'Benenden' — capped per-word options (was [306], now [256]) so all combos stay full-length.
Cross-product cap (256) reached for toponym 'Benington' — capped per-word options (was [528], now [256]) so all combos stay full-length.
Cross-product cap (256) reached for toponym 'Bermondsey' — capped per-word options (was [264], now [256]) so all combos stay full-length.
Cross-product cap (256) reached for toponym 'Berrington' — capped per-word options (was [968], now [256]) so all combos stay full-length.
Cross-product cap (256) reached for toponym 'Black Torrington' — capped per-word options (was [3, 1870], now [3, 85]) so all combos stay full-length.
Cross-product cap (256) reached for toponym 'Bonnington' — capped per-word options (was [880], now [256]) so all combos stay full-length.
Cross-product cap (256) reached for toponym 'Bradfield Saint Clare' — capped per-word options (was [16, 29, 12], now [6, 6, 7]) so all combos stay full-length.
Cross-product cap (256) reached for toponym 'Bradford on Avon' — capped per-word options (was [36, 3, 7], now [12, 3, 7]) so all combos stay full-length.
Cross-product cap (256) reached for toponym 'Bradley Green' — capped per-word options (was [28, 48], now [16, 16]) so all combos stay full-length.
Cross-product cap (256) reached for toponym 'Brimington' — capped per-word options (was [264], now [256]) so all combos stay full-length.
Cross-product cap (256) reached for toponym 'Broughton Astley' — capped per-word options (was [44, 56], now [16, 16]) so all combos stay full-length.
Cross-product cap (256) reached for toponym 'Buckland Newton' — capped per-word options (was [10, 88], now [10, 25]) so all combos stay full-length.
Cross-product cap (256) reached for toponym 'Buckland Saint Mary' — capped per-word options (was [10, 29, 27], now [6, 6, 7]) so all combos stay full-length.
Cross-product cap (256) reached for toponym 'Buckland in the Moor' — capped per-word options (was [10, 5, 6, 3], now [4, 4, 5, 3]) so all combos stay full-length.
Cross-product cap (256) reached for toponym 'Burmington' — capped per-word options (was [264], now [256]) so all combos stay full-length.
Cross-product cap (256) reached for toponym 'Burrington' — capped per-word options (was [484], now [256]) so all combos stay full-length.
Cross-product cap (256) reached for toponym 'Burton Bradstock' — capped per-word options (was [22, 32], now [16, 16]) so all combos stay full-length.
Cross-product cap (256) reached for toponym 'Burton Lazars' — capped per-word options (was [22, 14], now [18, 14]) so all combos stay full-length.
Cross-product cap (256) reached for toponym 'Burton on the Wolds' — capped per-word options (was [22, 3, 6, 2], now [7, 3, 6, 2]) so all combos stay full-length.
Cross-product cap (256) reached for toponym 'Callington' — capped per-word options (was [264], now [256]) so all combos stay full-length.
Cross-product cap (256) reached for toponym 'Camden Town' — capped per-word options (was [21, 13], now [19, 13]) so all combos stay full-length.
Cross-product cap (256) reached for toponym 'Cammeringham' — capped per-word options (was [440], now [256]) so all combos stay full-length.
Cross-product cap (256) reached for toponym 'Cardington' — capped per-word options (was [638], now [256]) so all combos stay full-length.
Cross-product cap (256) reached for toponym 'Carnforth' — capped per-word options (was [318], now [256]) so all combos stay full-length.
Cross-product cap (256) reached for toponym 'Carsington' — capped per-word options (was [616], now [256]) so all combos stay full-length.
Cross-product cap (256) reached for toponym 'Castlethorpe' — capped per-word options (was [270], now [256]) so all combos stay full-length.
Cross-product cap (256) reached for toponym 'Chillington' — capped per-word options (was [319], now [256]) so all combos stay full-length.
Cross-product cap (256) reached for toponym 'Christleton' — capped per-word options (was [264], now [256]) so all combos stay full-length.
Cross-product cap (256) reached for toponym 'Churchstanton' — capped per-word options (was [686], now [256]) so all combos stay full-length.
Cross-product cap (256) reached for toponym 'Collingbourne Kingston' — capped per-word options (was [180, 154], now [16, 16]) so all combos stay full-length.
Cross-product cap (256) reached for toponym 'Colston Bassett' — capped per-word options (was [14, 42], now [14, 18]) so all combos stay full-length.
Cross-product cap (256) reached for toponym 'Combe Martin' — capped per-word options (was [5, 165], now [5, 51]) so all combos stay full-length.
Cross-product cap (256) reached for toponym 'Coney Weston' — capped per-word options (was [24, 34], now [16, 16]) so all combos stay full-length.
Cross-product cap (256) reached for toponym 'Congerstone' — capped per-word options (was [1640], now [256]) so all combos stay full-length.
Cross-product cap (256) reached for toponym 'Conington' — capped per-word options (was [352], now [256]) so all combos stay full-length.
Cross-product cap (256) reached for toponym 'Corton Denham' — capped per-word options (was [22, 12], now [21, 12]) so all combos stay full-length.
Cross-product cap (256) reached for toponym 'Culmington' — capped per-word options (was [352], now [256]) so all combos stay full-length.
Cross-product cap (256) reached for toponym 'Dallington' — capped per-word options (was [660], now [256]) so all combos stay full-length.
Cross-product cap (256) reached for toponym 'Derrington' — capped per-word options (was [968], now [256]) so all combos stay full-length.
Cross-product cap (256) reached for toponym 'Down Saint Mary' — capped per-word options (was [4, 29, 27], now [4, 8, 8]) so all combos stay full-length.
Cross-product cap (256) reached for toponym 'Downham Market' — capped per-word options (was [8, 105], now [8, 32]) so all combos stay full-length.
Cross-product cap (256) reached for toponym 'Downinney' — capped per-word options (was [312], now [256]) so all combos stay full-length.
Cross-product cap (256) reached for toponym 'Dunkerton' — capped per-word options (was [308], now [256]) so all combos stay full-length.
Cross-product cap (256) reached for toponym 'Dunterton' — capped per-word options (was [572], now [256]) so all combos stay full-length.
Cross-product cap (256) reached for toponym 'Dunton Bassett' — capped per-word options (was [47, 42], now [16, 16]) so all combos stay full-length.
Cross-product cap (256) reached for toponym 'Durrington' — capped per-word options (was [484], now [256]) so all combos stay full-length.
Cross-product cap (256) reached for toponym 'East Anstey' — capped per-word options (was [20, 216], now [16, 16]) so all combos stay full-length.
Cross-product cap (256) reached for toponym 'East Barming' — capped per-word options (was [20, 63], now [16, 16]) so all combos stay full-length.
Cross-product cap (256) reached for toponym 'East Bradenham' — capped per-word options (was [20, 54], now [16, 16]) so all combos stay full-length.
Cross-product cap (256) reached for toponym 'East Brent' — capped per-word options (was [20, 40], now [16, 16]) so all combos stay full-length.
Cross-product cap (256) reached for toponym 'East Dean' — capped per-word options (was [20, 18], now [16, 16]) so all combos stay full-length.
Cross-product cap (256) reached for toponym 'East Farleigh' — capped per-word options (was [20, 24], now [16, 16]) so all combos stay full-length.
Cross-product cap (256) reached for toponym 'East Garston' — capped per-word options (was [20, 198], now [16, 16]) so all combos stay full-length.
Cross-product cap (256) reached for toponym 'East Halton' — capped per-word options (was [20, 25], now [16, 16]) so all combos stay full-length.
Cross-product cap (256) reached for toponym 'East Harling' — capped per-word options (was [20, 65], now [16, 16]) so all combos stay full-length.
Cross-product cap (256) reached for toponym 'East Horsley' — capped per-word options (was [20, 28], now [16, 16]) so all combos stay full-length.
Cross-product cap (256) reached for toponym 'East Kirkby' — capped per-word options (was [20, 15], now [17, 15]) so all combos stay full-length.
Cross-product cap (256) reached for toponym 'East Langton' — capped per-word options (was [20, 165], now [16, 16]) so all combos stay full-length.
Cross-product cap (256) reached for toponym 'East Malling' — capped per-word options (was [20, 65], now [16, 16]) so all combos stay full-length.
Cross-product cap (256) reached for toponym 'East Marden' — capped per-word options (was [20, 83], now [16, 16]) so all combos stay full-length.
Cross-product cap (256) reached for toponym 'East Mersea' — capped per-word options (was [20, 28], now [16, 16]) so all combos stay full-length.
Cross-product cap (256) reached for toponym 'East Newton' — capped per-word options (was [20, 88], now [16, 16]) so all combos stay full-length.
Cross-product cap (256) reached for toponym 'East Norton' — capped per-word options (was [20, 77], now [16, 16]) so all combos stay full-length.
Cross-product cap (256) reached for toponym 'East Orchard' — capped per-word options (was [20, 14], now [18, 14]) so all combos stay full-length.
Cross-product cap (256) reached for toponym 'East Somerton' — capped per-word options (was [20, 44], now [16, 16]) so all combos stay full-length.
Cross-product cap (256) reached for toponym 'East Sutton' — capped per-word options (was [20, 33], now [16, 16]) so all combos stay full-length.
Cross-product cap (256) reached for toponym 'East Torrington' — capped per-word options (was [20, 1870], now [16, 16]) so all combos stay full-length.
Cross-product cap (256) reached for toponym 'East Walton' — capped per-word options (was [20, 36], now [16, 16]) so all combos stay full-length.
Cross-product cap (256) reached for toponym 'East Wittering' — capped per-word options (was [20, 432], now [16, 16]) so all combos stay full-length.
Cross-product cap (256) reached for toponym 'East Worlington' — capped per-word options (was [20, 396], now [16, 16]) so all combos stay full-length.
Cross-product cap (256) reached for toponym 'Eastbourne' — capped per-word options (was [300], now [256]) so all combos stay full-length.
Cross-product cap (256) reached for toponym 'Eastbridge' — capped per-word options (was [540], now [256]) so all combos stay full-length.
Cross-product cap (256) reached for toponym 'Eastgate' — capped per-word options (was [540], now [256]) so all combos stay full-length.
Cross-product cap (256) reached for toponym 'Eastling' — capped per-word options (was [260], now [256]) so all combos stay full-length.
Cross-product cap (256) reached for toponym 'Eastrington' — capped per-word options (was [5280], now [256]) so all combos stay full-length.
Cross-product cap (256) reached for toponym 'Edwardstone' — capped per-word options (was [640], now [256]) so all combos stay full-length.
Cross-product cap (256) reached for toponym 'Elkington' — capped per-word options (was [363], now [256]) so all combos stay full-length.
Cross-product cap (256) reached for toponym 'Ellington' — capped per-word options (was [396], now [256]) so all combos stay full-length.
Cross-product cap (256) reached for toponym 'Elmley Castle' — capped per-word options (was [28, 18], now [16, 16]) so all combos stay full-length.
Cross-product cap (256) reached for toponym 'Elterwater' — capped per-word options (was [1620], now [256]) so all combos stay full-length.
Cross-product cap (256) reached for toponym 'Farlington' — capped per-word options (was [792], now [256]) so all combos stay full-length.
Cross-product cap (256) reached for toponym 'Farringdon' — capped per-word options (was [396], now [256]) so all combos stay full-length.
Cross-product cap (256) reached for toponym 'Field Dalling' — capped per-word options (was [4, 65], now [4, 64]) so all combos stay full-length.
Cross-product cap (256) reached for toponym 'Fordingbridge' — capped per-word options (was [2268], now [256]) so all combos stay full-length.
Cross-product cap (256) reached for toponym 'Fordington' — capped per-word options (was [924], now [256]) so all combos stay full-length.
Cross-product cap (256) reached for toponym 'Forthampton' — capped per-word options (was [504], now [256]) so all combos stay full-length.
Cross-product cap (256) reached for toponym 'Garmondsway' — capped per-word options (was [672], now [256]) so all combos stay full-length.
Cross-product cap (256) reached for toponym 'Garsington' — capped per-word options (was [1320], now [256]) so all combos stay full-length.
Cross-product cap (256) reached for toponym 'Garstang' — capped per-word options (was [814], now [256]) so all combos stay full-length.
Cross-product cap (256) reached for toponym 'Garton on the Wolds' — capped per-word options (was [124, 3, 6, 2], now [7, 3, 6, 2]) so all combos stay full-length.
Cross-product cap (256) reached for toponym 'Gate Burton' — capped per-word options (was [27, 22], now [16, 16]) so all combos stay full-length.
Cross-product cap (256) reached for toponym 'Gilling East' — capped per-word options (was [39, 20], now [16, 16]) so all combos stay full-length.
Cross-product cap (256) reached for toponym 'Glastonbury' — capped per-word options (was [497], now [256]) so all combos stay full-length.
Cross-product cap (256) reached for toponym 'Greenbank' — capped per-word options (was [672], now [256]) so all combos stay full-length.
Cross-product cap (256) reached for toponym 'Greenford' — capped per-word options (was [480], now [256]) so all combos stay full-length.
Cross-product cap (256) reached for toponym 'Guilden Sutton' — capped per-word options (was [28, 33], now [16, 16]) so all combos stay full-length.
Cross-product cap (256) reached for toponym 'Hallington' — capped per-word options (was [440], now [256]) so all combos stay full-length.
Cross-product cap (256) reached for toponym 'Harborough Magna' — capped per-word options (was [20, 63], now [16, 16]) so all combos stay full-length.
Cross-product cap (256) reached for toponym 'Hardingstone' — capped per-word options (was [1740], now [256]) so all combos stay full-length.
Cross-product cap (256) reached for toponym 'Hardington' — capped per-word options (was [638], now [256]) so all combos stay full-length.
Cross-product cap (256) reached for toponym 'Harlestone' — capped per-word options (was [300], now [256]) so all combos stay full-length.
Cross-product cap (256) reached for toponym 'Harlington' — capped per-word options (was [660], now [256]) so all combos stay full-length.
Cross-product cap (256) reached for toponym 'Harmondsworth' — capped per-word options (was [624], now [256]) so all combos stay full-length.
Cross-product cap (256) reached for toponym 'Harrington' — capped per-word options (was [1210], now [256]) so all combos stay full-length.
Cross-product cap (256) reached for toponym 'Harringworth' — capped per-word options (was [990], now [256]) so all combos stay full-length.
Cross-product cap (256) reached for toponym 'Harrow on the Hill' — capped per-word options (was [15, 3, 6, 3], now [5, 3, 5, 3]) so all combos stay full-length.
Cross-product cap (256) reached for toponym 'Hayling Island' — capped per-word options (was [65, 10], now [25, 10]) so all combos stay full-length.
Cross-product cap (256) reached for toponym 'Headington' — capped per-word options (was [671], now [256]) so all combos stay full-length.
Cross-product cap (256) reached for toponym 'Heath and Reach' — capped per-word options (was [14, 7, 12], now [6, 6, 7]) so all combos stay full-length.
Cross-product cap (256) reached for toponym 'Henstridge' — capped per-word options (was [680], now [256]) so all combos stay full-length.
Cross-product cap (256) reached for toponym 'High Littleton' — capped per-word options (was [3, 198], now [3, 85]) so all combos stay full-length.
Cross-product cap (256) reached for toponym 'High Newton' — capped per-word options (was [3, 88], now [3, 85]) so all combos stay full-length.
Cross-product cap (256) reached for toponym 'Higher Whitley' — capped per-word options (was [15, 21], now [15, 17]) so all combos stay full-length.
Cross-product cap (256) reached for toponym 'Hillington' — capped per-word options (was [319], now [256]) so all combos stay full-length.
Cross-product cap (256) reached for toponym 'Hollingbourne' — capped per-word options (was [360], now [256]) so all combos stay full-length.
Cross-product cap (256) reached for toponym 'Hollington' — capped per-word options (was [264], now [256]) so all combos stay full-length.
Cross-product cap (256) reached for toponym 'Horringer' — capped per-word options (was [264], now [256]) so all combos stay full-length.
Cross-product cap (256) reached for toponym 'Horsington' — capped per-word options (was [352], now [256]) so all combos stay full-length.
Cross-product cap (256) reached for toponym 'Kensington' — capped per-word options (was [704], now [256]) so all combos stay full-length.
Cross-product cap (256) reached for toponym 'Killington' — capped per-word options (was [264], now [256]) so all combos stay full-length.
Cross-product cap (256) reached for toponym 'Kingskerswell' — capped per-word options (was [1375], now [256]) so all combos stay full-length.
Cross-product cap (256) reached for toponym 'Kingstone' — capped per-word options (was [330], now [256]) so all combos stay full-length.
Cross-product cap (256) reached for toponym 'Kington Magna' — capped per-word options (was [121, 63], now [16, 16]) so all combos stay full-length.
Cross-product cap (256) reached for toponym 'Kington Saint Michael' — capped per-word options (was [121, 29, 6], now [6, 7, 6]) so all combos stay full-length.
Cross-product cap (256) reached for toponym 'Kingweston' — capped per-word options (was [374], now [256]) so all combos stay full-length.
Cross-product cap (256) reached for toponym 'Kirk Langley' — capped per-word options (was [5, 105], now [5, 51]) so all combos stay full-length.
Cross-product cap (256) reached for toponym 'Kirkby Green' — capped per-word options (was [15, 48], now [15, 17]) so all combos stay full-length.
Cross-product cap (256) reached for toponym 'Kirmington' — capped per-word options (was [264], now [256]) so all combos stay full-length.
Cross-product cap (256) reached for toponym 'Kirton in Lindsey' — capped per-word options (was [22, 5, 78], now [7, 5, 7]) so all combos stay full-length.
Cross-product cap (256) reached for toponym 'Kynaston' — capped per-word options (was [294], now [256]) so all combos stay full-length.
Cross-product cap (256) reached for toponym 'Lancaster' — capped per-word options (was [280], now [256]) so all combos stay full-length.
Cross-product cap (256) reached for toponym 'Langney' — capped per-word options (was [270], now [256]) so all combos stay full-length.
Cross-product cap (256) reached for toponym 'Langridge' — capped per-word options (was [310], now [256]) so all combos stay full-length.
Cross-product cap (256) reached for toponym 'Langstone' — capped per-word options (was [450], now [256]) so all combos stay full-length.
Cross-product cap (256) reached for toponym 'Lea Marston' — capped per-word options (was [4, 198], now [4, 64]) so all combos stay full-length.
Cross-product cap (256) reached for toponym 'Letcombe Bassett' — capped per-word options (was [30, 42], now [16, 16]) so all combos stay full-length.
Cross-product cap (256) reached for toponym 'Letheringham' — capped per-word options (was [528], now [256]) so all combos stay full-length.
Cross-product cap (256) reached for toponym 'Letheringsett' — capped per-word options (was [5544], now [256]) so all combos stay full-length.
Cross-product cap (256) reached for toponym 'Linstead Magna' — capped per-word options (was [118, 63], now [16, 16]) so all combos stay full-length.
Cross-product cap (256) reached for toponym 'Linstead Parva' — capped per-word options (was [118, 10], now [25, 10]) so all combos stay full-length.
Cross-product cap (256) reached for toponym 'Little Amwell' — capped per-word options (was [18, 16], now [16, 16]) so all combos stay full-length.
Cross-product cap (256) reached for toponym 'Little Barford' — capped per-word options (was [18, 45], now [16, 16]) so all combos stay full-length.
Cross-product cap (256) reached for toponym 'Little Barrington' — capped per-word options (was [18, 1298], now [16, 16]) so all combos stay full-length.
Cross-product cap (256) reached for toponym 'Little Bedwyn' — capped per-word options (was [18, 27], now [16, 16]) so all combos stay full-length.
Cross-product cap (256) reached for toponym 'Little Bradley' — capped per-word options (was [18, 28], now [16, 16]) so all combos stay full-length.
Cross-product cap (256) reached for toponym 'Little Broughton' — capped per-word options (was [18, 44], now [16, 16]) so all combos stay full-length.
Cross-product cap (256) reached for toponym 'Little Bytham' — capped per-word options (was [18, 18], now [16, 16]) so all combos stay full-length.
Cross-product cap (256) reached for toponym 'Little Comberton' — capped per-word options (was [18, 110], now [16, 16]) so all combos stay full-length.
Cross-product cap (256) reached for toponym 'Little Dalby' — capped per-word options (was [18, 15], now [17, 15]) so all combos stay full-length.
Cross-product cap (256) reached for toponym 'Little Eccleston' — capped per-word options (was [18, 56], now [16, 16]) so all combos stay full-length.
Cross-product cap (256) reached for toponym 'Little Ellingham' — capped per-word options (was [18, 72], now [16, 16]) so all combos stay full-length.
Cross-product cap (256) reached for toponym 'Little Hereford' — capped per-word options (was [18, 81], now [16, 16]) so all combos stay full-length.
Cross-product cap (256) reached for toponym 'Little Linford' — capped per-word options (was [18, 57], now [16, 16]) so all combos stay full-length.
Cross-product cap (256) reached for toponym 'Little Longstone' — capped per-word options (was [18, 480], now [16, 16]) so all combos stay full-length.
Cross-product cap (256) reached for toponym 'Little Marlow' — capped per-word options (was [18, 33], now [16, 16]) so all combos stay full-length.
Cross-product cap (256) reached for toponym 'Little Melton' — capped per-word options (was [18, 33], now [16, 16]) so all combos stay full-length.
Cross-product cap (256) reached for toponym 'Little Ponton' — capped per-word options (was [18, 42], now [16, 16]) so all combos stay full-length.
Cross-product cap (256) reached for toponym 'Little Somerford' — capped per-word options (was [18, 36], now [16, 16]) so all combos stay full-length.
Cross-product cap (256) reached for toponym 'Little Sutton' — capped per-word options (was [18, 33], now [16, 16]) so all combos stay full-length.
Cross-product cap (256) reached for toponym 'Little Thorpe' — capped per-word options (was [18, 15], now [17, 15]) so all combos stay full-length.
Cross-product cap (256) reached for toponym 'Little Torrington' — capped per-word options (was [18, 1870], now [16, 16]) so all combos stay full-length.
Cross-product cap (256) reached for toponym 'Little Waldingfield' — capped per-word options (was [18, 184], now [16, 16]) so all combos stay full-length.
Cross-product cap (256) reached for toponym 'Little Walsingham' — capped per-word options (was [18, 48], now [16, 16]) so all combos stay full-length.
Cross-product cap (256) reached for toponym 'Little Warley' — capped per-word options (was [18, 35], now [16, 16]) so all combos stay full-length.
Cross-product cap (256) reached for toponym 'Little Witley' — capped per-word options (was [18, 21], now [16, 16]) so all combos stay full-length.
Cross-product cap (256) reached for toponym 'Littlebourne' — capped per-word options (was [270], now [256]) so all combos stay full-length.
Cross-product cap (256) reached for toponym 'Littlehampton' — capped per-word options (was [504], now [256]) so all combos stay full-length.
Cross-product cap (256) reached for toponym 'Littlethorpe' — capped per-word options (was [270], now [256]) so all combos stay full-length.
Cross-product cap (256) reached for toponym 'Long Ashton' — capped per-word options (was [16, 33], now [16, 16]) so all combos stay full-length.
Cross-product cap (256) reached for toponym 'Long Marston' — capped per-word options (was [16, 198], now [16, 16]) so all combos stay full-length.
Cross-product cap (256) reached for toponym 'Long Melford' — capped per-word options (was [16, 30], now [16, 16]) so all combos stay full-length.
Cross-product cap (256) reached for toponym 'Long Sutton' — capped per-word options (was [16, 33], now [16, 16]) so all combos stay full-length.
Cross-product cap (256) reached for toponym 'Longdendale' — capped per-word options (was [1216], now [256]) so all combos stay full-length.
Cross-product cap (256) reached for toponym 'Longney' — capped per-word options (was [288], now [256]) so all combos stay full-length.
Cross-product cap (256) reached for toponym 'Longstanton' — capped per-word options (was [5488], now [256]) so all combos stay full-length.
Cross-product cap (256) reached for toponym 'Longstone' — capped per-word options (was [480], now [256]) so all combos stay full-length.
Cross-product cap (256) reached for toponym 'Lothersdale' — capped per-word options (was [432], now [256]) so all combos stay full-length.
Cross-product cap (256) reached for toponym 'Lower Dean' — capped per-word options (was [19, 18], now [16, 16]) so all combos stay full-length.
Cross-product cap (256) reached for toponym 'Lower Farringdon' — capped per-word options (was [19, 396], now [16, 16]) so all combos stay full-length.
Cross-product cap (256) reached for toponym 'Lower Stondon' — capped per-word options (was [19, 42], now [16, 16]) so all combos stay full-length.
Cross-product cap (256) reached for toponym 'Lower Westmancote' — capped per-word options (was [19, 1296], now [16, 16]) so all combos stay full-length.
Cross-product cap (256) reached for toponym 'Lower Whitley' — capped per-word options (was [19, 21], now [16, 16]) so all combos stay full-length.
Cross-product cap (256) reached for toponym 'Lower Wolverton' — capped per-word options (was [19, 44], now [16, 16]) so all combos stay full-length.
Cross-product cap (256) reached for toponym 'Madingley' — capped per-word options (was [322], now [256]) so all combos stay full-length.
Cross-product cap (256) reached for toponym 'Mainsforth' — capped per-word options (was [456], now [256]) so all combos stay full-length.
Cross-product cap (256) reached for toponym 'Manaton' — capped per-word options (was [352], now [256]) so all combos stay full-length.
Cross-product cap (256) reached for toponym 'Market Overton' — capped per-word options (was [105, 44], now [16, 16]) so all combos stay full-length.
Cross-product cap (256) reached for toponym 'Market Weston' — capped per-word options (was [105, 34], now [16, 16]) so all combos stay full-length.
Cross-product cap (256) reached for toponym 'Marlesford' — capped per-word options (was [264], now [256]) so all combos stay full-length.
Cross-product cap (256) reached for toponym 'Marlingford' — capped per-word options (was [1188], now [256]) so all combos stay full-length.
Cross-product cap (256) reached for toponym 'Marston Green' — capped per-word options (was [198, 48], now [16, 16]) so all combos stay full-length.
Cross-product cap (256) reached for toponym 'Marston Magna' — capped per-word options (was [198, 63], now [16, 16]) so all combos stay full-length.
Cross-product cap (256) reached for toponym 'Merrington' — capped per-word options (was [968], now [256]) so all combos stay full-length.
Cross-product cap (256) reached for toponym 'Middle Littleton' — capped per-word options (was [5, 198], now [5, 51]) so all combos stay full-length.
Cross-product cap (256) reached for toponym 'Milborne Saint Andrew' — capped per-word options (was [12, 29, 42], now [6, 6, 7]) so all combos stay full-length.
Cross-product cap (256) reached for toponym 'Millington' — capped per-word options (was [308], now [256]) so all combos stay full-length.
Cross-product cap (256) reached for toponym 'Milton on Stour' — capped per-word options (was [11, 3, 8], now [10, 3, 8]) so all combos stay full-length.
Cross-product cap (256) reached for toponym 'Nether Alderley' — capped per-word options (was [91, 84], now [16, 16]) so all combos stay full-length.
Cross-product cap (256) reached for toponym 'Nether Broughton' — capped per-word options (was [91, 44], now [16, 16]) so all combos stay full-length.
Cross-product cap (256) reached for toponym 'Nether Burrow' — capped per-word options (was [91, 6], now [42, 6]) so all combos stay full-length.
Cross-product cap (256) reached for toponym 'Nether Stowey' — capped per-word options (was [91, 24], now [16, 16]) so all combos stay full-length.
Cross-product cap (256) reached for toponym 'Nether Whitacre' — capped per-word options (was [91, 27], now [16, 16]) so all combos stay full-length.
Cross-product cap (256) reached for toponym 'Netheravon' — capped per-word options (was [511], now [256]) so all combos stay full-length.
Cross-product cap (256) reached for toponym 'Netherbury' — capped per-word options (was [438], now [256]) so all combos stay full-length.
Cross-product cap (256) reached for toponym 'Netherfield' — capped per-word options (was [292], now [256]) so all combos stay full-length.
Cross-product cap (256) reached for toponym 'Netherton' — capped per-word options (was [803], now [256]) so all combos stay full-length.
Cross-product cap (256) reached for toponym 'Newenden' — capped per-word options (was [447], now [256]) so all combos stay full-length.
Cross-product cap (256) reached for toponym 'Newington' — capped per-word options (was [704], now [256]) so all combos stay full-length.
Cross-product cap (256) reached for toponym 'Newmarket' — capped per-word options (was [840], now [256]) so all combos stay full-length.
Cross-product cap (256) reached for toponym 'Newton Burgoland' — capped per-word options (was [88, 50], now [16, 16]) so all combos stay full-length.
Cross-product cap (256) reached for toponym 'Newton Grange' — capped per-word options (was [88, 141], now [16, 16]) so all combos stay full-length.
Cross-product cap (256) reached for toponym 'Newton Hall' — capped per-word options (was [88, 4], now [64, 4]) so all combos stay full-length.
Cross-product cap (256) reached for toponym 'Newton Longville' — capped per-word options (was [88, 48], now [16, 16]) so all combos stay full-length.
Cross-product cap (256) reached for toponym 'Normanby' — capped per-word options (was [437], now [256]) so all combos stay full-length.
Cross-product cap (256) reached for toponym 'Normanton' — capped per-word options (was [1442], now [256]) so all combos stay full-length.
Cross-product cap (256) reached for toponym 'Normanton on Soar' — capped per-word options (was [1442, 3, 4], now [21, 3, 4]) so all combos stay full-length.
Cross-product cap (256) reached for toponym 'North Barrow' — capped per-word options (was [21, 16], now [16, 16]) so all combos stay full-length.
Cross-product cap (256) reached for toponym 'North Burlingham' — capped per-word options (was [21, 48], now [16, 16]) so all combos stay full-length.
Cross-product cap (256) reached for toponym 'North Dalton' — capped per-word options (was [21, 58], now [16, 16]) so all combos stay full-length.
Cross-product cap (256) reached for toponym 'North Elkington' — capped per-word options (was [21, 363], now [16, 16]) so all combos stay full-length.
Cross-product cap (256) reached for toponym 'North Killingholme' — capped per-word options (was [21, 216], now [16, 16]) so all combos stay full-length.
Cross-product cap (256) reached for toponym 'North Kilworth' — capped per-word options (was [21, 18], now [16, 16]) so all combos stay full-length.
Cross-product cap (256) reached for toponym 'North Littleton' — capped per-word options (was [21, 198], now [16, 16]) so all combos stay full-length.
Cross-product cap (256) reached for toponym 'North Marden' — capped per-word options (was [21, 83], now [16, 16]) so all combos stay full-length.
Cross-product cap (256) reached for toponym 'North Newton' — capped per-word options (was [21, 88], now [16, 16]) so all combos stay full-length.
Cross-product cap (256) reached for toponym 'North Reston' — capped per-word options (was [21, 56], now [16, 16]) so all combos stay full-length.
Cross-product cap (256) reached for toponym 'North Somercotes' — capped per-word options (was [21, 56], now [16, 16]) so all combos stay full-length.
Cross-product cap (256) reached for toponym 'North Stoneham' — capped per-word options (was [21, 60], now [16, 16]) so all combos stay full-length.
Cross-product cap (256) reached for toponym 'North Willingham' — capped per-word options (was [21, 28], now [16, 16]) so all combos stay full-length.
Cross-product cap (256) reached for toponym 'Northbourne' — capped per-word options (was [567], now [256]) so all combos stay full-length.
Cross-product cap (256) reached for toponym 'Northenden' — capped per-word options (was [1071], now [256]) so all combos stay full-length.
Cross-product cap (256) reached for toponym 'Northey Island' — capped per-word options (was [126, 10], now [25, 10]) so all combos stay full-length.
Cross-product cap (256) reached for toponym 'Norton Bridge' — capped per-word options (was [77, 27], now [16, 16]) so all combos stay full-length.
Cross-product cap (256) reached for toponym 'Norton Canes' — capped per-word options (was [77, 23], now [16, 16]) so all combos stay full-length.
Cross-product cap (256) reached for toponym 'Norton Canon' — capped per-word options (was [77, 21], now [16, 16]) so all combos stay full-length.
Cross-product cap (256) reached for toponym 'Norton Lindsey' — capped per-word options (was [77, 78], now [16, 16]) so all combos stay full-length.
Cross-product cap (256) reached for toponym 'Otterbourne' — capped per-word options (was [540], now [256]) so all combos stay full-length.
Cross-product cap (256) reached for toponym 'Otterhampton' — capped per-word options (was [1008], now [256]) so all combos stay full-length.
Cross-product cap (256) reached for toponym 'Otterton' — capped per-word options (was [396], now [256]) so all combos stay full-length.
Cross-product cap (256) reached for toponym 'Out Newton' — capped per-word options (was [3, 88], now [3, 85]) so all combos stay full-length.
Cross-product cap (256) reached for toponym 'Pitminster' — capped per-word options (was [400], now [256]) so all combos stay full-length.
Cross-product cap (256) reached for toponym 'Portington' — capped per-word options (was [704], now [256]) so all combos stay full-length.
Cross-product cap (256) reached for toponym 'Reymerston' — capped per-word options (was [1248], now [256]) so all combos stay full-length.
Cross-product cap (256) reached for toponym 'Ringlestone' — capped per-word options (was [1320], now [256]) so all combos stay full-length.
Cross-product cap (256) reached for toponym 'Ringstead' — capped per-word options (was [374], now [256]) so all combos stay full-length.
Cross-product cap (256) reached for toponym 'Saint Buryan' — capped per-word options (was [29, 48], now [16, 16]) so all combos stay full-length.
Cross-product cap (256) reached for toponym 'Saint Lawrence' — capped per-word options (was [29, 48], now [16, 16]) so all combos stay full-length.
Cross-product cap (256) reached for toponym "Saint Martin's" — capped per-word options (was [29, 132], now [16, 16]) so all combos stay full-length.
Cross-product cap (256) reached for toponym "Saint Peter's" — capped per-word options (was [29, 32], now [16, 16]) so all combos stay full-length.
Cross-product cap (256) reached for toponym 'Sandringham' — capped per-word options (was [524], now [256]) so all combos stay full-length.
Cross-product cap (256) reached for toponym 'Skellingthorpe' — capped per-word options (was [1350], now [256]) so all combos stay full-length.
Cross-product cap (256) reached for toponym 'Somerleyton' — capped per-word options (was [308], now [256]) so all combos stay full-length.
Cross-product cap (256) reached for toponym 'South Elkington' — capped per-word options (was [3, 363], now [3, 85]) so all combos stay full-length.
Cross-product cap (256) reached for toponym 'South Killingholme' — capped per-word options (was [3, 216], now [3, 85]) so all combos stay full-length.
Cross-product cap (256) reached for toponym 'South Littleton' — capped per-word options (was [3, 198], now [3, 85]) so all combos stay full-length.
Cross-product cap (256) reached for toponym 'South Newington' — capped per-word options (was [3, 704], now [3, 85]) so all combos stay full-length.
Cross-product cap (256) reached for toponym 'South Newton' — capped per-word options (was [3, 88], now [3, 85]) so all combos stay full-length.
Cross-product cap (256) reached for toponym 'South Normanton' — capped per-word options (was [3, 1442], now [3, 85]) so all combos stay full-length.
Cross-product cap (256) reached for toponym 'Springthorpe' — capped per-word options (was [450], now [256]) so all combos stay full-length.
Cross-product cap (256) reached for toponym 'Stanbridge' — capped per-word options (was [943], now [256]) so all combos stay full-length.
Cross-product cap (256) reached for toponym 'Standerwick' — capped per-word options (was [290], now [256]) so all combos stay full-length.
Cross-product cap (256) reached for toponym 'Stanford' — capped per-word options (was [285], now [256]) so all combos stay full-length.
Cross-product cap (256) reached for toponym 'Stanford Bishop' — capped per-word options (was [285, 3], now [85, 3]) so all combos stay full-length.
Cross-product cap (256) reached for toponym 'Stanford in the Vale' — capped per-word options (was [285, 5, 6, 6], now [4, 4, 4, 4]) so all combos stay full-length.
Cross-product cap (256) reached for toponym 'Stanford on Soar' — capped per-word options (was [285, 3, 4], now [21, 3, 4]) so all combos stay full-length.
Cross-product cap (256) reached for toponym 'Stanmore' — capped per-word options (was [319], now [256]) so all combos stay full-length.
Cross-product cap (256) reached for toponym 'Stanstead' — capped per-word options (was [621], now [256]) so all combos stay full-length.
Cross-product cap (256) reached for toponym 'Stanton' — capped per-word options (was [343], now [256]) so all combos stay full-length.
Cross-product cap (256) reached for toponym 'Stanton Long' — capped per-word options (was [343, 16], now [16, 16]) so all combos stay full-length.
Cross-product cap (256) reached for toponym 'Stanton Saint John' — capped per-word options (was [343, 29, 4], now [8, 8, 4]) so all combos stay full-length.
Cross-product cap (256) reached for toponym 'Stanton by Bridge' — capped per-word options (was [343, 3, 27], now [9, 3, 9]) so all combos stay full-length.
Cross-product cap (256) reached for toponym 'Stanton by Dale' — capped per-word options (was [343, 3, 12], now [9, 3, 9]) so all combos stay full-length.
Cross-product cap (256) reached for toponym 'Stanton in Peak' — capped per-word options (was [343, 5, 4], now [12, 5, 4]) so all combos stay full-length.
Cross-product cap (256) reached for toponym 'Stantonbury' — capped per-word options (was [2533], now [256]) so all combos stay full-length.
Cross-product cap (256) reached for toponym 'Stoke Newington' — capped per-word options (was [8, 704], now [8, 32]) so all combos stay full-length.
Cross-product cap (256) reached for toponym 'Stoke Saint Mary' — capped per-word options (was [8, 29, 27], now [6, 6, 7]) so all combos stay full-length.
Cross-product cap (256) reached for toponym 'Stoke Saint Milborough' — capped per-word options (was [8, 29, 4], now [8, 8, 4]) so all combos stay full-length.
Cross-product cap (256) reached for toponym 'Ston Easton' — capped per-word options (was [14, 70], now [14, 18]) so all combos stay full-length.
Cross-product cap (256) reached for toponym 'Stoneton' — capped per-word options (was [330], now [256]) so all combos stay full-length.
Cross-product cap (256) reached for toponym 'Stoney Stanton' — capped per-word options (was [88, 343], now [16, 16]) so all combos stay full-length.
Cross-product cap (256) reached for toponym 'Stonton Wyville' — capped per-word options (was [166, 6], now [42, 6]) so all combos stay full-length.
Cross-product cap (256) reached for toponym 'Stowmarket' — capped per-word options (was [420], now [256]) so all combos stay full-length.
Cross-product cap (256) reached for toponym 'Stringston' — capped per-word options (was [1344], now [256]) so all combos stay full-length.
Cross-product cap (256) reached for toponym 'Sutton Bassett' — capped per-word options (was [33, 42], now [16, 16]) so all combos stay full-length.
Cross-product cap (256) reached for toponym 'Sutton Green' — capped per-word options (was [33, 48], now [16, 16]) so all combos stay full-length.
Cross-product cap (256) reached for toponym 'Sutton Saint Michael' — capped per-word options (was [33, 29, 6], now [6, 7, 6]) so all combos stay full-length.
Cross-product cap (256) reached for toponym 'Sutton on the Hill' — capped per-word options (was [33, 3, 6, 3], now [5, 3, 5, 3]) so all combos stay full-length.
Cross-product cap (256) reached for toponym 'Tallington' — capped per-word options (was [792], now [256]) so all combos stay full-length.
Cross-product cap (256) reached for toponym 'Temple Normanton' — capped per-word options (was [12, 1442], now [12, 21]) so all combos stay full-length.
Cross-product cap (256) reached for toponym 'Theberton' — capped per-word options (was [264], now [256]) so all combos stay full-length.
Cross-product cap (256) reached for toponym 'Thornham Magna' — capped per-word options (was [48, 63], now [16, 16]) so all combos stay full-length.
Cross-product cap (256) reached for toponym 'Thornham Parva' — capped per-word options (was [48, 10], now [25, 10]) so all combos stay full-length.
Cross-product cap (256) reached for toponym 'Thornsett' — capped per-word options (was [630], now [256]) so all combos stay full-length.
Cross-product cap (256) reached for toponym 'Thornton' — capped per-word options (was [285], now [256]) so all combos stay full-length.
Cross-product cap (256) reached for toponym 'Thornton Dale' — capped per-word options (was [285, 12], now [21, 12]) so all combos stay full-length.
Cross-product cap (256) reached for toponym 'Thorpe Langton' — capped per-word options (was [15, 165], now [15, 17]) so all combos stay full-length.
Cross-product cap (256) reached for toponym 'Thorpe Saint Andrew' — capped per-word options (was [15, 29, 42], now [6, 6, 7]) so all combos stay full-length.
Cross-product cap (256) reached for toponym 'Thorpe Saint Peter' — capped per-word options (was [15, 29, 40], now [6, 6, 7]) so all combos stay full-length.
Cross-product cap (256) reached for toponym 'Thorpe by Water' — capped per-word options (was [15, 3, 30], now [9, 3, 9]) so all combos stay full-length.
Cross-product cap (256) reached for toponym 'Thorpe on the Hill' — capped per-word options (was [15, 3, 6, 3], now [5, 3, 5, 3]) so all combos stay full-length.
Cross-product cap (256) reached for toponym 'Tonbridge' — capped per-word options (was [357], now [256]) so all combos stay full-length.
Cross-product cap (256) reached for toponym 'Tredington' — capped per-word options (was [1760], now [256]) so all combos stay full-length.
Cross-product cap (256) reached for toponym 'Trenant' — capped per-word options (was [1344], now [256]) so all combos stay full-length.
Cross-product cap (256) reached for toponym 'Treyford' — capped per-word options (was [414], now [256]) so all combos stay full-length.
Cross-product cap (256) reached for toponym 'Upper Arley' — capped per-word options (was [12, 28], now [12, 21]) so all combos stay full-length.
Cross-product cap (256) reached for toponym 'Upper Broughton' — capped per-word options (was [12, 44], now [12, 21]) so all combos stay full-length.
Cross-product cap (256) reached for toponym 'Upper Farringdon' — capped per-word options (was [12, 396], now [12, 21]) so all combos stay full-length.
Cross-product cap (256) reached for toponym 'Upper Stondon' — capped per-word options (was [12, 42], now [12, 21]) so all combos stay full-length.
Cross-product cap (256) reached for toponym 'Upper Wolverton' — capped per-word options (was [12, 44], now [12, 21]) so all combos stay full-length.
Cross-product cap (256) reached for toponym 'Upton Magna' — capped per-word options (was [14, 63], now [14, 18]) so all combos stay full-length.
Cross-product cap (256) reached for toponym 'Upton Warren' — capped per-word options (was [14, 60], now [14, 18]) so all combos stay full-length.
Cross-product cap (256) reached for toponym 'Walkeringham' — capped per-word options (was [360], now [256]) so all combos stay full-length.
Cross-product cap (256) reached for toponym 'Walkington' — capped per-word options (was [363], now [256]) so all combos stay full-length.
Cross-product cap (256) reached for toponym 'Wallingford' — capped per-word options (was [396], now [256]) so all combos stay full-length.
Cross-product cap (256) reached for toponym 'Wallington' — capped per-word options (was [484], now [256]) so all combos stay full-length.
Cross-product cap (256) reached for toponym 'Waltham Saint Lawrence' — capped per-word options (was [20, 29, 48], now [6, 6, 7]) so all combos stay full-length.
Cross-product cap (256) reached for toponym 'Waltham on the Wolds' — capped per-word options (was [20, 3, 6, 2], now [7, 3, 6, 2]) so all combos stay full-length.
Cross-product cap (256) reached for toponym 'Walton on the Wolds' — capped per-word options (was [36, 3, 6, 2], now [7, 3, 6, 2]) so all combos stay full-length.
Cross-product cap (256) reached for toponym 'Warmington' — capped per-word options (was [616], now [256]) so all combos stay full-length.
Cross-product cap (256) reached for toponym 'Warminster' — capped per-word options (was [700], now [256]) so all combos stay full-length.
Cross-product cap (256) reached for toponym 'Warrington' — capped per-word options (was [1210], now [256]) so all combos stay full-length.
Cross-product cap (256) reached for toponym 'Water Newton' — capped per-word options (was [30, 88], now [16, 16]) so all combos stay full-length.
Cross-product cap (256) reached for toponym 'Wateringbury' — capped per-word options (was [1584], now [256]) so all combos stay full-length.
Cross-product cap (256) reached for toponym 'Waterperry' — capped per-word options (was [480], now [256]) so all combos stay full-length.
Cross-product cap (256) reached for toponym 'Waterton' — capped per-word options (was [264], now [256]) so all combos stay full-length.
Cross-product cap (256) reached for toponym 'Wellingore' — capped per-word options (was [265], now [256]) so all combos stay full-length.
Cross-product cap (256) reached for toponym 'Wellington' — capped per-word options (was [583], now [256]) so all combos stay full-length.
Cross-product cap (256) reached for toponym 'West Ashton' — capped per-word options (was [10, 33], now [10, 25]) so all combos stay full-length.
Cross-product cap (256) reached for toponym 'West Ayton' — capped per-word options (was [10, 44], now [10, 25]) so all combos stay full-length.
Cross-product cap (256) reached for toponym 'West Bradenham' — capped per-word options (was [10, 54], now [10, 25]) so all combos stay full-length.
Cross-product cap (256) reached for toponym 'West Bradford' — capped per-word options (was [10, 36], now [10, 25]) so all combos stay full-length.
Cross-product cap (256) reached for toponym 'West Bradley' — capped per-word options (was [10, 28], now [10, 25]) so all combos stay full-length.
Cross-product cap (256) reached for toponym 'West Horsley' — capped per-word options (was [10, 28], now [10, 25]) so all combos stay full-length.
Cross-product cap (256) reached for toponym 'West Marden' — capped per-word options (was [10, 83], now [10, 25]) so all combos stay full-length.
Cross-product cap (256) reached for toponym 'West Melton' — capped per-word options (was [10, 33], now [10, 25]) so all combos stay full-length.
Cross-product cap (256) reached for toponym 'West Mersea' — capped per-word options (was [10, 28], now [10, 25]) so all combos stay full-length.
Cross-product cap (256) reached for toponym 'West Newton' — capped per-word options (was [10, 88], now [10, 25]) so all combos stay full-length.
Cross-product cap (256) reached for toponym 'West Overton' — capped per-word options (was [10, 44], now [10, 25]) so all combos stay full-length.
Cross-product cap (256) reached for toponym 'West Somerton' — capped per-word options (was [10, 44], now [10, 25]) so all combos stay full-length.
Cross-product cap (256) reached for toponym 'West Thorney' — capped per-word options (was [10, 150], now [10, 25]) so all combos stay full-length.
Cross-product cap (256) reached for toponym 'West Torrington' — capped per-word options (was [10, 1870], now [10, 25]) so all combos stay full-length.
Cross-product cap (256) reached for toponym 'West Walton' — capped per-word options (was [10, 36], now [10, 25]) so all combos stay full-length.
Cross-product cap (256) reached for toponym 'West Wittering' — capped per-word options (was [10, 432], now [10, 25]) so all combos stay full-length.
Cross-product cap (256) reached for toponym 'Westcott Barton' — capped per-word options (was [120, 55], now [16, 16]) so all combos stay full-length.
Cross-product cap (256) reached for toponym 'Westgate' — capped per-word options (was [270], now [256]) so all combos stay full-length.
Cross-product cap (256) reached for toponym 'Westmancote' — capped per-word options (was [1296], now [256]) so all combos stay full-length.
Cross-product cap (256) reached for toponym 'Westminster' — capped per-word options (was [1200], now [256]) so all combos stay full-length.
Cross-product cap (256) reached for toponym 'Weston Green' — capped per-word options (was [34, 48], now [16, 16]) so all combos stay full-length.
Cross-product cap (256) reached for toponym 'Weston Longville' — capped per-word options (was [34, 48], now [16, 16]) so all combos stay full-length.
Cross-product cap (256) reached for toponym 'Weston Patrick' — capped per-word options (was [34, 26], now [16, 16]) so all combos stay full-length.
Cross-product cap (256) reached for toponym 'Westoning' — capped per-word options (was [308], now [256]) so all combos stay full-length.
Cross-product cap (256) reached for toponym 'Wickham Market' — capped per-word options (was [4, 105], now [4, 64]) so all combos stay full-length.
Cross-product cap (256) reached for toponym 'Wincanton' — capped per-word options (was [344], now [256]) so all combos stay full-length.
Cross-product cap (256) reached for toponym 'Windermere' — capped per-word options (was [319], now [256]) so all combos stay full-length.
Cross-product cap (256) reached for toponym 'Wingerworth' — capped per-word options (was [480], now [256]) so all combos stay full-length.
Cross-product cap (256) reached for toponym 'Winstanley' — capped per-word options (was [1015], now [256]) so all combos stay full-length.
Cross-product cap (256) reached for toponym 'Winterborne Kingston' — capped per-word options (was [636, 154], now [16, 16]) so all combos stay full-length.
Cross-product cap (256) reached for toponym 'Winterborne Whitechurch' — capped per-word options (was [636, 12], now [21, 12]) so all combos stay full-length.
Cross-product cap (256) reached for toponym 'Winterbourne' — capped per-word options (was [795], now [256]) so all combos stay full-length.
Cross-product cap (256) reached for toponym 'Winterbourne Bassett' — capped per-word options (was [795, 42], now [16, 16]) so all combos stay full-length.
Cross-product cap (256) reached for toponym 'Winterbourne Stoke' — capped per-word options (was [795, 8], now [32, 8]) so all combos stay full-length.
Cross-product cap (256) reached for toponym 'Winterburn' — capped per-word options (was [371], now [256]) so all combos stay full-length.
Cross-product cap (256) reached for toponym 'Winteringham' — capped per-word options (was [1160], now [256]) so all combos stay full-length.
Cross-product cap (256) reached for toponym 'Winterton' — capped per-word options (was [583], now [256]) so all combos stay full-length.
Cross-product cap (256) reached for toponym 'Witham on the Hill' — capped per-word options (was [6, 3, 6, 3], now [5, 3, 5, 3]) so all combos stay full-length.
Cross-product cap (256) reached for toponym 'Wolstanton' — capped per-word options (was [343], now [256]) so all combos stay full-length.
Cross-product cap (256) reached for toponym 'Woodcote Green' — capped per-word options (was [18, 48], now [16, 16]) so all combos stay full-length.
Cross-product cap (256) reached for toponym 'Woodmancote' — capped per-word options (was [297], now [256]) so all combos stay full-length.
Cross-product cap (256) reached for toponym 'Woodmancott' — capped per-word options (was [396], now [256]) so all combos stay full-length.
Cross-product cap (256) reached for toponym 'Worlington' — capped per-word options (was [396], now [256]) so all combos stay full-length.
Cross-product cap (256) reached for toponym 'Worlingworth' — capped per-word options (was [324], now [256]) so all combos stay full-length.
Cross-product cap (256) reached for toponym 'Wormingford' — capped per-word options (was [288], now [256]) so all combos stay full-length.
Cross-product cap (256) reached for toponym 'Wymington' — capped per-word options (was [264], now [256]) so all combos stay full-length.
Cross-product cap (256) reached for toponym 'Grangemouth' — capped per-word options (was [705], now [256]) so all combos stay full-length.
Cross-product cap (256) reached for toponym 'Inveraray' — capped per-word options (was [340], now [256]) so all combos stay full-length.
Cross-product cap (256) reached for toponym 'Newmarket' — capped per-word options (was [840], now [256]) so all combos stay full-length.
Cross-product cap (256) reached for toponym 'Thornton' — capped per-word options (was [285], now [256]) so all combos stay full-length.
Cross-product cap (256) reached for toponym 'Langstone' — capped per-word options (was [450], now [256]) so all combos stay full-length.
Cross-product cap (256) reached for toponym 'Thornton' — capped per-word options (was [285], now [256]) so all combos stay full-length.
Cross-product cap (256) reached for toponym 'Treherbert' — capped per-word options (was [768], now [256]) so all combos stay full-length.
Cross-product cap (256) reached for toponym 'Waterston' — capped per-word options (was [468], now [256]) so all combos stay full-length.
Cross-product cap (256) reached for toponym 'Cardington' — capped per-word options (was [638], now [256]) so all combos stay full-length.
Cross-product cap (256) reached for toponym 'Clonbunny' — capped per-word options (was [304], now [256]) so all combos stay full-length.
Cross-product cap (256) reached for toponym 'Gortacarnan' — capped per-word options (was [4751], now [256]) so all combos stay full-length.
Cross-product cap (256) reached for toponym 'Greenridge' — capped per-word options (was [960], now [256]) so all combos stay full-length.
Cross-product cap (256) reached for toponym 'Longstone' — capped per-word options (was [480], now [256]) so all combos stay full-length.
Cross-product cap (256) reached for toponym 'Lurganbane' — capped per-word options (was [670], now [256]) so all combos stay full-length.
Cross-product cap (256) reached for toponym 'Newmarket' — capped per-word options (was [840], now [256]) so all combos stay full-length.
Cross-product cap (256) reached for toponym 'Stanney' — capped per-word options (was [570], now [256]) so all combos stay full-length.
Cross-product cap (256) reached for toponym 'Warrington' — capped per-word options (was [1210], now [256]) so all combos stay full-length.
Cross-product cap (256) reached for toponym 'Wellington' — capped per-word options (was [583], now [256]) so all combos stay full-length.
Wrote L4 DB to wyrd/generators/kenning/data/seed-runtime.db: 49323 meaning rows, 6 fantasy morphemes, 3154 canonical decompositions, 4959 proportion rows across 5 cultures.
=== re-mine: mine-wiktextract-corpus --culture all --apply (POS filter live) 05:57UTC ===
culture=breton unaccounted_fragments=8095 total_occurrences=14263
culture=english unaccounted_fragments=71271 total_occurrences=189754
culture=irish unaccounted_fragments=174343 total_occurrences=421804
culture=scottish unaccounted_fragments=14213 total_occurrences=21112
culture=welsh unaccounted_fragments=11962 total_occurrences=19084
fragments_input=259887 wiktionary_hits=38745
etymons_upserted=16426 glosses_added=16426 tags_added=1352 citations_added=16426
per-culture summary:
  breton     fragments=  8095 hits=   375
  english    fragments= 71271 hits= 22032
  irish      fragments=174343 hits=  1210
  scottish   fragments= 14213 hits=  1096
  welsh      fragments= 11962 hits=   847
per-language hits:
  modern-english             16513
  middle-english              3064
  old-english                 1940
  old-french                   900
  welsh                        841
  irish                        741
  old-irish                    645
  old-norse                    537
  scottish-gaelic              211
  breton                        85
  middle-irish                  75
  proto-celtic                   8
position derivation:
  etymons_examined=15982 reflex_rows_upserted=28941 links_added=28941 no_observed_position=1
  inner      reflexes_for=6067
  post       reflexes_for=9827
  pre        reflexes_for=13047
=== cleanup-wiktionary-empirical --apply (drops modern_english-only + any derivative) 05:59UTC ===
Found 16060 etymons cited ONLY by wiktionary-empirical
  → 0 derivative-only + 12410 modern-english-only = 12410 unique to delete
  (3650 stay — semantic+historical)

Sample DERIVATIVE-ONLY drops (first 20):

Sample MODERN-ENGLISH drops (first 20):
  [   4554]          alpha (modern-english    ): The name of the first letter of the Greek alphabet (Α, α), followed by
  [   4801]          Jesus (modern-english    ): Jesus of Nazareth, a first-century Jewish religious preacher and craft
  [   5378]      Jerusalem (modern-english    ): A city in the Holy Land between the Mediterranean Sea and Dead Sea, ho
  [   5804]   Philadelphia (modern-english    ): The largest city in Pennsylvania, United States, and the county seat o
  [   6576]          Herod (modern-english    ): The name of any of a number of members of the Herodian dynasty who rul
  [   7112]        Matthew (modern-english    ): A male given name from Hebrew of biblical origin.
  [   7153]         Andrew (modern-english    ): A male given name from Ancient Greek.
  [   8181]       Nicholas (modern-english    ): A male given name from Ancient Greek, notably born by St. Nicholas of 
  [   8563]         gospel (modern-english    ): The first section of the Christian New Testament scripture, comprising
  [   8682]         Jordan (modern-english    ): A placename:
  [   8739]            eon (modern-english    ): Eternity, the duration of the universe.
  [   9819]            bar (modern-english    ): A solid, more or less rigid object of metal or wood with a uniform cro
  [  10495]           nard (modern-english    ): A flowering plant of species Nardostachys jatamansi, in the valerian f
  [  10715]           deme (modern-english    ): A township or other subdivision of ancient Attica.
  [  11225]           myth (modern-english    ): A traditional story which embodies a belief regarding some fact or phe
  [  11292]        Bethany (modern-english    ): The village where Jesus stayed before going to Jerusalem and being cru
  [  11459]           Jude (modern-english    ): The second last book of the New Testament of the Bible.
  [  11499]        Jericho (modern-english    ): A city in the West Bank, Palestine.
  [  12998]           apse (modern-english    ): The rounded east end of a church that contains or is behind the altar.
  [  13034]           hyle (modern-english    ): Synonym of matter, physical substance.

Deleting 12410 etymons...
Done. Re-export the bundle with: wyrd kenning lexicon export-meanings
=== export #2: FINAL seed-runtime.db (vpri + de-polluted empirical) 05:59UTC ===
  collect_families 1083/54198 (2.0%) elapsed=3s eta=169s (313 roots/s)
  collect_families 2166/54198 (4.0%) elapsed=7s eta=165s (315 roots/s)
  collect_families 3249/54198 (6.0%) elapsed=10s eta=161s (316 roots/s)
  collect_families 4332/54198 (8.0%) elapsed=14s eta=159s (314 roots/s)
  collect_families 5415/54198 (10.0%) elapsed=17s eta=157s (310 roots/s)
  collect_families 6498/54198 (12.0%) elapsed=21s eta=153s (311 roots/s)
  collect_families 7581/54198 (14.0%) elapsed=24s eta=150s (312 roots/s)
  collect_families 8664/54198 (16.0%) elapsed=28s eta=146s (313 roots/s)
  collect_families 9747/54198 (18.0%) elapsed=31s eta=142s (313 roots/s)
  collect_families 10830/54198 (20.0%) elapsed=35s eta=138s (313 roots/s)
  collect_families 11913/54198 (22.0%) elapsed=38s eta=135s (313 roots/s)
  collect_families 12996/54198 (24.0%) elapsed=41s eta=131s (314 roots/s)
  collect_families 14079/54198 (26.0%) elapsed=45s eta=128s (314 roots/s)
  collect_families 15162/54198 (28.0%) elapsed=48s eta=124s (314 roots/s)
  collect_families 16245/54198 (30.0%) elapsed=52s eta=121s (314 roots/s)
  collect_families 17328/54198 (32.0%) elapsed=55s eta=117s (315 roots/s)
  collect_families 18411/54198 (34.0%) elapsed=59s eta=114s (314 roots/s)
  collect_families 19494/54198 (36.0%) elapsed=62s eta=111s (312 roots/s)
  collect_families 20577/54198 (38.0%) elapsed=66s eta=108s (311 roots/s)
  collect_families 21660/54198 (40.0%) elapsed=70s eta=105s (310 roots/s)
  collect_families 22743/54198 (42.0%) elapsed=73s eta=101s (310 roots/s)
  collect_families 23826/54198 (44.0%) elapsed=77s eta=98s (311 roots/s)
  collect_families 24909/54198 (46.0%) elapsed=80s eta=94s (311 roots/s)
  collect_families 25992/54198 (48.0%) elapsed=84s eta=91s (311 roots/s)
  collect_families 27075/54198 (50.0%) elapsed=87s eta=87s (311 roots/s)
  collect_families 28158/54198 (52.0%) elapsed=90s eta=84s (312 roots/s)
  collect_families 29241/54198 (54.0%) elapsed=94s eta=80s (312 roots/s)
  collect_families 30324/54198 (56.0%) elapsed=97s eta=77s (312 roots/s)
  collect_families 31407/54198 (57.9%) elapsed=101s eta=73s (312 roots/s)
  collect_families 32490/54198 (59.9%) elapsed=104s eta=70s (312 roots/s)
  collect_families 33573/54198 (61.9%) elapsed=108s eta=66s (312 roots/s)
  collect_families 34656/54198 (63.9%) elapsed=111s eta=63s (312 roots/s)
  collect_families 35739/54198 (65.9%) elapsed=115s eta=59s (311 roots/s)
  collect_families 36822/54198 (67.9%) elapsed=118s eta=56s (311 roots/s)
  collect_families 37905/54198 (69.9%) elapsed=122s eta=52s (311 roots/s)
  collect_families 38988/54198 (71.9%) elapsed=125s eta=49s (311 roots/s)
  collect_families 40071/54198 (73.9%) elapsed=129s eta=45s (311 roots/s)
  collect_families 41154/54198 (75.9%) elapsed=132s eta=42s (311 roots/s)
  collect_families 42237/54198 (77.9%) elapsed=136s eta=38s (311 roots/s)
  collect_families 43320/54198 (79.9%) elapsed=139s eta=35s (311 roots/s)
  collect_families 44403/54198 (81.9%) elapsed=143s eta=31s (311 roots/s)
  collect_families 45486/54198 (83.9%) elapsed=146s eta=28s (311 roots/s)
  collect_families 46569/54198 (85.9%) elapsed=149s eta=24s (312 roots/s)
  collect_families 47652/54198 (87.9%) elapsed=153s eta=21s (312 roots/s)
  collect_families 48735/54198 (89.9%) elapsed=156s eta=18s (312 roots/s)
  collect_families 49818/54198 (91.9%) elapsed=160s eta=14s (312 roots/s)
  collect_families 50901/54198 (93.9%) elapsed=163s eta=11s (312 roots/s)
  collect_families 51984/54198 (95.9%) elapsed=167s eta=7s (312 roots/s)
  collect_families 53067/54198 (97.9%) elapsed=170s eta=4s (312 roots/s)
  collect_families 54150/54198 (99.9%) elapsed=174s eta=0s (312 roots/s)
  collect_families 54198/54198 (100.0%) elapsed=174s eta=0s (312 roots/s)
Cross-product cap (256) reached for toponym 'Abbeystead' — capped per-word options (was [437], now [256]) so all combos stay full-length.
Cross-product cap (256) reached for toponym 'Acton Burnell' — capped per-word options (was [31, 49], now [16, 16]) so all combos stay full-length.
Cross-product cap (256) reached for toponym 'Aldingbourne' — capped per-word options (was [888], now [256]) so all combos stay full-length.
Cross-product cap (256) reached for toponym 'Aldington' — capped per-word options (was [518], now [256]) so all combos stay full-length.
Cross-product cap (256) reached for toponym 'Alfriston' — capped per-word options (was [271], now [256]) so all combos stay full-length.
Cross-product cap (256) reached for toponym 'Algarkirk' — capped per-word options (was [302], now [256]) so all combos stay full-length.
Cross-product cap (256) reached for toponym 'Alkington' — capped per-word options (was [452], now [256]) so all combos stay full-length.
Cross-product cap (256) reached for toponym 'Allerston' — capped per-word options (was [656], now [256]) so all combos stay full-length.
Cross-product cap (256) reached for toponym 'Allestree' — capped per-word options (was [832], now [256]) so all combos stay full-length.
Cross-product cap (256) reached for toponym 'Allington' — capped per-word options (was [842], now [256]) so all combos stay full-length.
Cross-product cap (256) reached for toponym 'Alston Sutton' — capped per-word options (was [38, 47], now [16, 16]) so all combos stay full-length.
Cross-product cap (256) reached for toponym 'Alstonefield' — capped per-word options (was [834], now [256]) so all combos stay full-length.
Cross-product cap (256) reached for toponym 'Alton Barnes' — capped per-word options (was [42, 88], now [16, 16]) so all combos stay full-length.
Cross-product cap (256) reached for toponym 'Alverstone' — capped per-word options (was [688], now [256]) so all combos stay full-length.
Cross-product cap (256) reached for toponym 'Amington' — capped per-word options (was [604], now [256]) so all combos stay full-length.
Cross-product cap (256) reached for toponym 'Angerton' — capped per-word options (was [1251], now [256]) so all combos stay full-length.
Cross-product cap (256) reached for toponym 'Ardington' — capped per-word options (was [1178], now [256]) so all combos stay full-length.
Cross-product cap (256) reached for toponym 'Arkendale' — capped per-word options (was [778], now [256]) so all combos stay full-length.
Cross-product cap (256) reached for toponym 'Arleston' — capped per-word options (was [302], now [256]) so all combos stay full-length.
Cross-product cap (256) reached for toponym 'Arlingham' — capped per-word options (was [262], now [256]) so all combos stay full-length.
Cross-product cap (256) reached for toponym 'Arlington' — capped per-word options (was [898], now [256]) so all combos stay full-length.
Cross-product cap (256) reached for toponym 'Arminghall' — capped per-word options (was [900], now [256]) so all combos stay full-length.
Cross-product cap (256) reached for toponym 'Arrington' — capped per-word options (was [1514], now [256]) so all combos stay full-length.
Cross-product cap (256) reached for toponym 'Ashby Magna' — capped per-word options (was [18, 81], now [16, 16]) so all combos stay full-length.
Cross-product cap (256) reached for toponym 'Ashendon' — capped per-word options (was [284], now [256]) so all combos stay full-length.
Cross-product cap (256) reached for toponym 'Ashingdon' — capped per-word options (was [315], now [256]) so all combos stay full-length.
Cross-product cap (256) reached for toponym 'Ashington' — capped per-word options (was [632], now [256]) so all combos stay full-length.
Cross-product cap (256) reached for toponym 'Ashperton' — capped per-word options (was [480], now [256]) so all combos stay full-length.
Cross-product cap (256) reached for toponym 'Ashwellthorpe' — capped per-word options (was [1100], now [256]) so all combos stay full-length.
Cross-product cap (256) reached for toponym 'Askerswell' — capped per-word options (was [639], now [256]) so all combos stay full-length.
Cross-product cap (256) reached for toponym 'Assington' — capped per-word options (was [466], now [256]) so all combos stay full-length.
Cross-product cap (256) reached for toponym 'Aston Botterell' — capped per-word options (was [41, 338], now [16, 16]) so all combos stay full-length.
Cross-product cap (256) reached for toponym 'Aston Fields' — capped per-word options (was [41, 14], now [18, 14]) so all combos stay full-length.
Cross-product cap (256) reached for toponym 'Aston Sandford' — capped per-word options (was [41, 101], now [16, 16]) so all combos stay full-length.
Cross-product cap (256) reached for toponym 'Aston Somerville' — capped per-word options (was [41, 158], now [16, 16]) so all combos stay full-length.
Cross-product cap (256) reached for toponym 'Aston Upthorpe' — capped per-word options (was [41, 31], now [16, 16]) so all combos stay full-length.
Cross-product cap (256) reached for toponym 'Aston by Sutton' — capped per-word options (was [41, 3, 47], now [9, 3, 9]) so all combos stay full-length.
Cross-product cap (256) reached for toponym 'Aylestone' — capped per-word options (was [756], now [256]) so all combos stay full-length.
Cross-product cap (256) reached for toponym 'Balderton' — capped per-word options (was [467], now [256]) so all combos stay full-length.
Cross-product cap (256) reached for toponym 'Ballingdon' — capped per-word options (was [889], now [256]) so all combos stay full-length.
Cross-product cap (256) reached for toponym 'Ballingham' — capped per-word options (was [521], now [256]) so all combos stay full-length.
Cross-product cap (256) reached for toponym 'Balterley' — capped per-word options (was [680], now [256]) so all combos stay full-length.
Cross-product cap (256) reached for toponym 'Barford Saint John' — capped per-word options (was [89, 52, 6], now [6, 7, 6]) so all combos stay full-length.
Cross-product cap (256) reached for toponym 'Barford Saint Michael' — capped per-word options (was [89, 52, 15], now [6, 6, 7]) so all combos stay full-length.
Cross-product cap (256) reached for toponym 'Barlestone' — capped per-word options (was [1244], now [256]) so all combos stay full-length.
Cross-product cap (256) reached for toponym 'Barmston' — capped per-word options (was [330], now [256]) so all combos stay full-length.
Cross-product cap (256) reached for toponym 'Barnsley' — capped per-word options (was [273], now [256]) so all combos stay full-length.
Cross-product cap (256) reached for toponym 'Barnston' — capped per-word options (was [549], now [256]) so all combos stay full-length.
Cross-product cap (256) reached for toponym 'Barrington' — capped per-word options (was [3167], now [256]) so all combos stay full-length.
Cross-product cap (256) reached for toponym 'Barrow upon Soar' — capped per-word options (was [36, 7, 7], now [6, 6, 7]) so all combos stay full-length.
Cross-product cap (256) reached for toponym 'Barton on Sea' — capped per-word options (was [118, 3, 8], now [10, 3, 8]) so all combos stay full-length.
Cross-product cap (256) reached for toponym 'Bassingfield' — capped per-word options (was [990], now [256]) so all combos stay full-length.
Cross-product cap (256) reached for toponym 'Bassingham' — capped per-word options (was [449], now [256]) so all combos stay full-length.
Cross-product cap (256) reached for toponym 'Bassingthorpe' — capped per-word options (was [2750], now [256]) so all combos stay full-length.
Cross-product cap (256) reached for toponym 'Beanthwaite' — capped per-word options (was [1648], now [256]) so all combos stay full-length.
Cross-product cap (256) reached for toponym 'Beckingham' — capped per-word options (was [386], now [256]) so all combos stay full-length.
Cross-product cap (256) reached for toponym 'Beckington' — capped per-word options (was [1308], now [256]) so all combos stay full-length.
Cross-product cap (256) reached for toponym 'Beddington' — capped per-word options (was [1037], now [256]) so all combos stay full-length.
Cross-product cap (256) reached for toponym 'Bedhampton' — capped per-word options (was [368], now [256]) so all combos stay full-length.
Cross-product cap (256) reached for toponym 'Bedlington' — capped per-word options (was [939], now [256]) so all combos stay full-length.
Cross-product cap (256) reached for toponym 'Bedminster' — capped per-word options (was [1076], now [256]) so all combos stay full-length.
Cross-product cap (256) reached for toponym 'Beeston Saint Andrew' — capped per-word options (was [106, 52, 44], now [6, 6, 7]) so all combos stay full-length.
Cross-product cap (256) reached for toponym 'Beeston Saint Lawrence' — capped per-word options (was [106, 52, 114], now [6, 6, 7]) so all combos stay full-length.
Cross-product cap (256) reached for toponym 'Bellingham' — capped per-word options (was [527], now [256]) so all combos stay full-length.
Cross-product cap (256) reached for toponym 'Belmesthorpe' — capped per-word options (was [778], now [256]) so all combos stay full-length.
Cross-product cap (256) reached for toponym 'Belstone' — capped per-word options (was [260], now [256]) so all combos stay full-length.
Cross-product cap (256) reached for toponym 'Benenden' — capped per-word options (was [736], now [256]) so all combos stay full-length.
Cross-product cap (256) reached for toponym 'Beningbrough' — capped per-word options (was [1522], now [256]) so all combos stay full-length.
Cross-product cap (256) reached for toponym 'Benington' — capped per-word options (was [1332], now [256]) so all combos stay full-length.
Cross-product cap (256) reached for toponym 'Bermondsey' — capped per-word options (was [476], now [256]) so all combos stay full-length.
Cross-product cap (256) reached for toponym 'Berrington' — capped per-word options (was [2523], now [256]) so all combos stay full-length.
Cross-product cap (256) reached for toponym 'Beverston' — capped per-word options (was [392], now [256]) so all combos stay full-length.
Cross-product cap (256) reached for toponym 'Bishop Burton' — capped per-word options (was [7, 47], now [7, 36]) so all combos stay full-length.
Cross-product cap (256) reached for toponym 'Bishop Norton' — capped per-word options (was [7, 115], now [7, 36]) so all combos stay full-length.
Cross-product cap (256) reached for toponym 'Bishopstone' — capped per-word options (was [260], now [256]) so all combos stay full-length.
Cross-product cap (256) reached for toponym 'Black Torrington' — capped per-word options (was [8, 4414], now [8, 32]) so all combos stay full-length.
Cross-product cap (256) reached for toponym 'Boddington' — capped per-word options (was [1025], now [256]) so all combos stay full-length.
Cross-product cap (256) reached for toponym 'Bonnington' — capped per-word options (was [3054], now [256]) so all combos stay full-length.
Cross-product cap (256) reached for toponym 'Boylestone' — capped per-word options (was [799], now [256]) so all combos stay full-length.
Cross-product cap (256) reached for toponym 'Bradbourne' — capped per-word options (was [264], now [256]) so all combos stay full-length.
Cross-product cap (256) reached for toponym 'Bradenham' — capped per-word options (was [285], now [256]) so all combos stay full-length.
Cross-product cap (256) reached for toponym 'Bradfield Saint Clare' — capped per-word options (was [74, 52, 20], now [6, 6, 7]) so all combos stay full-length.
Cross-product cap (256) reached for toponym 'Bradford on Avon' — capped per-word options (was [91, 3, 12], now [9, 3, 9]) so all combos stay full-length.
Cross-product cap (256) reached for toponym 'Bradley Green' — capped per-word options (was [75, 80], now [16, 16]) so all combos stay full-length.
Cross-product cap (256) reached for toponym 'Bradstone' — capped per-word options (was [536], now [256]) so all combos stay full-length.
Cross-product cap (256) reached for toponym 'Bridge Sollers' — capped per-word options (was [51, 45], now [16, 16]) so all combos stay full-length.
Cross-product cap (256) reached for toponym 'Brimington' — capped per-word options (was [1597], now [256]) so all combos stay full-length.
Cross-product cap (256) reached for toponym 'Brinsworth' — capped per-word options (was [412], now [256]) so all combos stay full-length.
Cross-product cap (256) reached for toponym 'Brokenborough' — capped per-word options (was [798], now [256]) so all combos stay full-length.
Cross-product cap (256) reached for toponym 'Broughton Astley' — capped per-word options (was [227, 76], now [16, 16]) so all combos stay full-length.
Cross-product cap (256) reached for toponym 'Buckhorn Weston' — capped per-word options (was [31, 57], now [16, 16]) so all combos stay full-length.
Cross-product cap (256) reached for toponym 'Buckland Dinham' — capped per-word options (was [35, 26], now [16, 16]) so all combos stay full-length.
Cross-product cap (256) reached for toponym 'Buckland Newton' — capped per-word options (was [35, 117], now [16, 16]) so all combos stay full-length.
Cross-product cap (256) reached for toponym 'Buckland Saint Mary' — capped per-word options (was [35, 52, 29], now [6, 6, 7]) so all combos stay full-length.
Cross-product cap (256) reached for toponym 'Buckland in the Moor' — capped per-word options (was [35, 5, 6, 6], now [4, 4, 4, 4]) so all combos stay full-length.
Cross-product cap (256) reached for toponym 'Buckminster' — capped per-word options (was [862], now [256]) so all combos stay full-length.
Cross-product cap (256) reached for toponym 'Burgh Castle' — capped per-word options (was [11, 48], now [11, 23]) so all combos stay full-length.
Cross-product cap (256) reached for toponym 'Burlingham' — capped per-word options (was [271], now [256]) so all combos stay full-length.
Cross-product cap (256) reached for toponym 'Burmington' — capped per-word options (was [882], now [256]) so all combos stay full-length.
Cross-product cap (256) reached for toponym 'Burnaston' — capped per-word options (was [514], now [256]) so all combos stay full-length.
Cross-product cap (256) reached for toponym 'Burneston' — capped per-word options (was [596], now [256]) so all combos stay full-length.
Cross-product cap (256) reached for toponym 'Burnham Thorpe' — capped per-word options (was [49, 25], now [16, 16]) so all combos stay full-length.
Cross-product cap (256) reached for toponym 'Burrington' — capped per-word options (was [1262], now [256]) so all combos stay full-length.
Cross-product cap (256) reached for toponym 'Burton Bradstock' — capped per-word options (was [47, 139], now [16, 16]) so all combos stay full-length.
Cross-product cap (256) reached for toponym 'Burton Lazars' — capped per-word options (was [47, 24], now [16, 16]) so all combos stay full-length.
Cross-product cap (256) reached for toponym 'Burton Overy' — capped per-word options (was [47, 17], now [16, 16]) so all combos stay full-length.
Cross-product cap (256) reached for toponym 'Burton on the Wolds' — capped per-word options (was [47, 3, 6, 9], now [4, 3, 4, 5]) so all combos stay full-length.
Cross-product cap (256) reached for toponym 'Callington' — capped per-word options (was [1095], now [256]) so all combos stay full-length.
Cross-product cap (256) reached for toponym 'Camberwell' — capped per-word options (was [504], now [256]) so all combos stay full-length.
Cross-product cap (256) reached for toponym 'Cambridge' — capped per-word options (was [348], now [256]) so all combos stay full-length.
Cross-product cap (256) reached for toponym 'Camden Town' — capped per-word options (was [60, 21], now [16, 16]) so all combos stay full-length.
Cross-product cap (256) reached for toponym 'Camerton' — capped per-word options (was [455], now [256]) so all combos stay full-length.
Cross-product cap (256) reached for toponym 'Cammeringham' — capped per-word options (was [2736], now [256]) so all combos stay full-length.
Cross-product cap (256) reached for toponym 'Car Colston' — capped per-word options (was [9, 146], now [9, 28]) so all combos stay full-length.
Cross-product cap (256) reached for toponym 'Carburton' — capped per-word options (was [396], now [256]) so all combos stay full-length.
Cross-product cap (256) reached for toponym 'Cardington' — capped per-word options (was [1991], now [256]) so all combos stay full-length.
Cross-product cap (256) reached for toponym 'Carhampton' — capped per-word options (was [683], now [256]) so all combos stay full-length.
Cross-product cap (256) reached for toponym 'Carleton' — capped per-word options (was [359], now [256]) so all combos stay full-length.
Cross-product cap (256) reached for toponym 'Carnforth' — capped per-word options (was [625], now [256]) so all combos stay full-length.
Cross-product cap (256) reached for toponym 'Carsington' — capped per-word options (was [1732], now [256]) so all combos stay full-length.
Cross-product cap (256) reached for toponym 'Castle Acre' — capped per-word options (was [48, 11], now [23, 11]) so all combos stay full-length.
Cross-product cap (256) reached for toponym 'Castle Ashby' — capped per-word options (was [48, 18], now [16, 16]) so all combos stay full-length.
Cross-product cap (256) reached for toponym 'Castle Combe' — capped per-word options (was [48, 11], now [23, 11]) so all combos stay full-length.
Cross-product cap (256) reached for toponym 'Castle Hill' — capped per-word options (was [48, 7], now [36, 7]) so all combos stay full-length.
Cross-product cap (256) reached for toponym 'Castlethorpe' — capped per-word options (was [1439], now [256]) so all combos stay full-length.
Cross-product cap (256) reached for toponym 'Castleton' — capped per-word options (was [746], now [256]) so all combos stay full-length.
Cross-product cap (256) reached for toponym 'Childerley' — capped per-word options (was [304], now [256]) so all combos stay full-length.
Cross-product cap (256) reached for toponym 'Chillesford' — capped per-word options (was [392], now [256]) so all combos stay full-length.
Cross-product cap (256) reached for toponym 'Chillingham' — capped per-word options (was [426], now [256]) so all combos stay full-length.
Cross-product cap (256) reached for toponym 'Chillington' — capped per-word options (was [1457], now [256]) so all combos stay full-length.
Cross-product cap (256) reached for toponym 'Christleton' — capped per-word options (was [610], now [256]) so all combos stay full-length.
Cross-product cap (256) reached for toponym 'Church Broughton' — capped per-word options (was [9, 227], now [9, 28]) so all combos stay full-length.
Cross-product cap (256) reached for toponym 'Church Laneham' — capped per-word options (was [9, 76], now [9, 28]) so all combos stay full-length.
Cross-product cap (256) reached for toponym 'Churchstanton' — capped per-word options (was [4296], now [256]) so all combos stay full-length.
Cross-product cap (256) reached for toponym 'Cold Ashton' — capped per-word options (was [11, 61], now [11, 23]) so all combos stay full-length.
Cross-product cap (256) reached for toponym 'Cold Aston' — capped per-word options (was [11, 41], now [11, 23]) so all combos stay full-length.
Cross-product cap (256) reached for toponym 'Cold Newton' — capped per-word options (was [11, 117], now [11, 23]) so all combos stay full-length.
Cross-product cap (256) reached for toponym 'Cold Norton' — capped per-word options (was [11, 115], now [11, 23]) so all combos stay full-length.
Cross-product cap (256) reached for toponym 'Cold Overton' — capped per-word options (was [11, 99], now [11, 23]) so all combos stay full-length.
Cross-product cap (256) reached for toponym 'Coldridge' — capped per-word options (was [303], now [256]) so all combos stay full-length.
Cross-product cap (256) reached for toponym 'Colemere' — capped per-word options (was [307], now [256]) so all combos stay full-length.
Cross-product cap (256) reached for toponym 'Colemore' — capped per-word options (was [356], now [256]) so all combos stay full-length.
Cross-product cap (256) reached for toponym 'Collierley' — capped per-word options (was [912], now [256]) so all combos stay full-length.
Cross-product cap (256) reached for toponym 'Collingbourne Kingston' — capped per-word options (was [4368, 286], now [16, 16]) so all combos stay full-length.
Cross-product cap (256) reached for toponym 'Collingham' — capped per-word options (was [743], now [256]) so all combos stay full-length.
Cross-product cap (256) reached for toponym 'Collington' — capped per-word options (was [2548], now [256]) so all combos stay full-length.
Cross-product cap (256) reached for toponym 'Colston Bassett' — capped per-word options (was [146, 267], now [16, 16]) so all combos stay full-length.
Cross-product cap (256) reached for toponym 'Combe Martin' — capped per-word options (was [11, 224], now [11, 23]) so all combos stay full-length.
Cross-product cap (256) reached for toponym 'Combe Raleigh' — capped per-word options (was [11, 33], now [11, 23]) so all combos stay full-length.
Cross-product cap (256) reached for toponym 'Comberton' — capped per-word options (was [344], now [256]) so all combos stay full-length.
Cross-product cap (256) reached for toponym 'Coney Weston' — capped per-word options (was [42, 57], now [16, 16]) so all combos stay full-length.
Cross-product cap (256) reached for toponym 'Congerstone' — capped per-word options (was [4034], now [256]) so all combos stay full-length.
Cross-product cap (256) reached for toponym 'Congleton' — capped per-word options (was [447], now [256]) so all combos stay full-length.
Cross-product cap (256) reached for toponym 'Conington' — capped per-word options (was [882], now [256]) so all combos stay full-length.
Cross-product cap (256) reached for toponym 'Corby Glen' — capped per-word options (was [25, 19], now [16, 16]) so all combos stay full-length.
Cross-product cap (256) reached for toponym 'Corhampton' — capped per-word options (was [500], now [256]) so all combos stay full-length.
Cross-product cap (256) reached for toponym 'Corringham' — capped per-word options (was [744], now [256]) so all combos stay full-length.
Cross-product cap (256) reached for toponym 'Corton Denham' — capped per-word options (was [93, 32], now [16, 16]) so all combos stay full-length.
Cross-product cap (256) reached for toponym 'Culmington' — capped per-word options (was [1640], now [256]) so all combos stay full-length.
Cross-product cap (256) reached for toponym 'Culverthorpe' — capped per-word options (was [925], now [256]) so all combos stay full-length.
Cross-product cap (256) reached for toponym 'Dallington' — capped per-word options (was [1807], now [256]) so all combos stay full-length.
Cross-product cap (256) reached for toponym 'Danthorpe' — capped per-word options (was [348], now [256]) so all combos stay full-length.
Cross-product cap (256) reached for toponym 'Denstone' — capped per-word options (was [414], now [256]) so all combos stay full-length.
Cross-product cap (256) reached for toponym 'Derrington' — capped per-word options (was [2031], now [256]) so all combos stay full-length.
Cross-product cap (256) reached for toponym 'Dersingham' — capped per-word options (was [321], now [256]) so all combos stay full-length.
Cross-product cap (256) reached for toponym 'Down Saint Mary' — capped per-word options (was [10, 52, 29], now [6, 6, 7]) so all combos stay full-length.
Cross-product cap (256) reached for toponym 'Downham Market' — capped per-word options (was [40, 141], now [16, 16]) so all combos stay full-length.
Cross-product cap (256) reached for toponym 'Downinney' — capped per-word options (was [866], now [256]) so all combos stay full-length.
Cross-product cap (256) reached for toponym 'Dunbridge' — capped per-word options (was [271], now [256]) so all combos stay full-length.
Cross-product cap (256) reached for toponym 'Dunkerton' — capped per-word options (was [698], now [256]) so all combos stay full-length.
Cross-product cap (256) reached for toponym 'Dunstone' — capped per-word options (was [264], now [256]) so all combos stay full-length.
Cross-product cap (256) reached for toponym 'Dunterton' — capped per-word options (was [1073], now [256]) so all combos stay full-length.
Cross-product cap (256) reached for toponym 'Dunton Bassett' — capped per-word options (was [81, 267], now [16, 16]) so all combos stay full-length.
Cross-product cap (256) reached for toponym 'Durrington' — capped per-word options (was [1262], now [256]) so all combos stay full-length.
Cross-product cap (256) reached for toponym 'East Anstey' — capped per-word options (was [29, 225], now [16, 16]) so all combos stay full-length.
Cross-product cap (256) reached for toponym 'East Barming' — capped per-word options (was [29, 189], now [16, 16]) so all combos stay full-length.
Cross-product cap (256) reached for toponym 'East Beckham' — capped per-word options (was [29, 34], now [16, 16]) so all combos stay full-length.
Cross-product cap (256) reached for toponym 'East Bradenham' — capped per-word options (was [29, 285], now [16, 16]) so all combos stay full-length.
Cross-product cap (256) reached for toponym 'East Brent' — capped per-word options (was [29, 71], now [16, 16]) so all combos stay full-length.
Cross-product cap (256) reached for toponym 'East Buckland' — capped per-word options (was [29, 35], now [16, 16]) so all combos stay full-length.
Cross-product cap (256) reached for toponym 'East Dean' — capped per-word options (was [29, 20], now [16, 16]) so all combos stay full-length.
Cross-product cap (256) reached for toponym 'East Down' — capped per-word options (was [29, 10], now [25, 10]) so all combos stay full-length.
Cross-product cap (256) reached for toponym 'East Farleigh' — capped per-word options (was [29, 54], now [16, 16]) so all combos stay full-length.
Cross-product cap (256) reached for toponym 'East Garston' — capped per-word options (was [29, 336], now [16, 16]) so all combos stay full-length.
Cross-product cap (256) reached for toponym 'East Halton' — capped per-word options (was [29, 63], now [16, 16]) so all combos stay full-length.
Cross-product cap (256) reached for toponym 'East Harling' — capped per-word options (was [29, 114], now [16, 16]) so all combos stay full-length.
Cross-product cap (256) reached for toponym 'East Horsley' — capped per-word options (was [29, 52], now [16, 16]) so all combos stay full-length.
Cross-product cap (256) reached for toponym 'East Kirkby' — capped per-word options (was [29, 26], now [16, 16]) so all combos stay full-length.
Cross-product cap (256) reached for toponym 'East Langton' — capped per-word options (was [29, 254], now [16, 16]) so all combos stay full-length.
Cross-product cap (256) reached for toponym 'East Malling' — capped per-word options (was [29, 160], now [16, 16]) so all combos stay full-length.
Cross-product cap (256) reached for toponym 'East Marden' — capped per-word options (was [29, 127], now [16, 16]) so all combos stay full-length.
Cross-product cap (256) reached for toponym 'East Mersea' — capped per-word options (was [29, 43], now [16, 16]) so all combos stay full-length.
Cross-product cap (256) reached for toponym 'East Molesey' — capped per-word options (was [29, 82], now [16, 16]) so all combos stay full-length.
Cross-product cap (256) reached for toponym 'East Newton' — capped per-word options (was [29, 117], now [16, 16]) so all combos stay full-length.
Cross-product cap (256) reached for toponym 'East Norton' — capped per-word options (was [29, 115], now [16, 16]) so all combos stay full-length.
Cross-product cap (256) reached for toponym 'East Orchard' — capped per-word options (was [29, 48], now [16, 16]) so all combos stay full-length.
Cross-product cap (256) reached for toponym 'East Somerton' — capped per-word options (was [29, 191], now [16, 16]) so all combos stay full-length.
Cross-product cap (256) reached for toponym 'East Stoke' — capped per-word options (was [29, 13], now [19, 13]) so all combos stay full-length.
Cross-product cap (256) reached for toponym 'East Stour' — capped per-word options (was [29, 11], now [23, 11]) so all combos stay full-length.
Cross-product cap (256) reached for toponym 'East Sutton' — capped per-word options (was [29, 47], now [16, 16]) so all combos stay full-length.
Cross-product cap (256) reached for toponym 'East Torrington' — capped per-word options (was [29, 4414], now [16, 16]) so all combos stay full-length.
Cross-product cap (256) reached for toponym 'East Walton' — capped per-word options (was [29, 71], now [16, 16]) so all combos stay full-length.
Cross-product cap (256) reached for toponym 'East Wellow' — capped per-word options (was [29, 31], now [16, 16]) so all combos stay full-length.
Cross-product cap (256) reached for toponym 'East Wittering' — capped per-word options (was [29, 1113], now [16, 16]) so all combos stay full-length.
Cross-product cap (256) reached for toponym 'East Worlington' — capped per-word options (was [29, 994], now [16, 16]) so all combos stay full-length.
Cross-product cap (256) reached for toponym 'Eastbourne' — capped per-word options (was [672], now [256]) so all combos stay full-length.
Cross-product cap (256) reached for toponym 'Eastbridge' — capped per-word options (was [1372], now [256]) so all combos stay full-length.
Cross-product cap (256) reached for toponym 'Eastburn' — capped per-word options (was [308], now [256]) so all combos stay full-length.
Cross-product cap (256) reached for toponym 'Eastbury' — capped per-word options (was [284], now [256]) so all combos stay full-length.
Cross-product cap (256) reached for toponym 'Eastgate' — capped per-word options (was [868], now [256]) so all combos stay full-length.
Cross-product cap (256) reached for toponym 'Eastling' — capped per-word options (was [476], now [256]) so all combos stay full-length.
/home/devon/521Studios/wyrd/wyrd/generators/kenning/runtime/name.py:243: DecompositionTruncatedWarning: all_decompositions on 'Eastrington' (len=11) hit the per-position cap of 10000; returned list is a deterministic but non-exhaustive subset. Use canonical_decompositions for memory-bounded best-parse enumeration, or raise the cap if exhaustiveness matters here.
  else all_decompositions(word, trie)
Cross-product cap (256) reached for toponym 'Eastrington' — capped per-word options (was [10000], now [256]) so all combos stay full-length.
Cross-product cap (256) reached for toponym 'Eastwell' — capped per-word options (was [280], now [256]) so all combos stay full-length.
Cross-product cap (256) reached for toponym 'Edwardstone' — capped per-word options (was [1319], now [256]) so all combos stay full-length.
Cross-product cap (256) reached for toponym 'Elkington' — capped per-word options (was [789], now [256]) so all combos stay full-length.
Cross-product cap (256) reached for toponym 'Ellesmere' — capped per-word options (was [372], now [256]) so all combos stay full-length.
Cross-product cap (256) reached for toponym 'Ellingham' — capped per-word options (was [258], now [256]) so all combos stay full-length.
Cross-product cap (256) reached for toponym 'Ellington' — capped per-word options (was [884], now [256]) so all combos stay full-length.
Cross-product cap (256) reached for toponym 'Elloughton' — capped per-word options (was [605], now [256]) so all combos stay full-length.
Cross-product cap (256) reached for toponym 'Elmley Castle' — capped per-word options (was [40, 48], now [16, 16]) so all combos stay full-length.
Cross-product cap (256) reached for toponym 'Elmstone' — capped per-word options (was [311], now [256]) so all combos stay full-length.
Cross-product cap (256) reached for toponym 'Elterwater' — capped per-word options (was [2412], now [256]) so all combos stay full-length.
Cross-product cap (256) reached for toponym 'Enstone' — capped per-word options (was [370], now [256]) so all combos stay full-length.
Cross-product cap (256) reached for toponym 'Essington' — capped per-word options (was [340], now [256]) so all combos stay full-length.
Cross-product cap (256) reached for toponym 'Faringdon' — capped per-word options (was [730], now [256]) so all combos stay full-length.
Cross-product cap (256) reached for toponym 'Farleton' — capped per-word options (was [287], now [256]) so all combos stay full-length.
Cross-product cap (256) reached for toponym 'Farlington' — capped per-word options (was [1919], now [256]) so all combos stay full-length.
Cross-product cap (256) reached for toponym 'Farnsfield' — capped per-word options (was [417], now [256]) so all combos stay full-length.
Cross-product cap (256) reached for toponym 'Farringdon' — capped per-word options (was [1619], now [256]) so all combos stay full-length.
Cross-product cap (256) reached for toponym 'Fernhurst' — capped per-word options (was [500], now [256]) so all combos stay full-length.
Cross-product cap (256) reached for toponym 'Field Dalling' — capped per-word options (was [11, 140], now [11, 23]) so all combos stay full-length.
Cross-product cap (256) reached for toponym 'Fordingbridge' — capped per-word options (was [7007], now [256]) so all combos stay full-length.
Cross-product cap (256) reached for toponym 'Fordington' — capped per-word options (was [2004], now [256]) so all combos stay full-length.
Cross-product cap (256) reached for toponym 'Forest Hill' — capped per-word options (was [87, 7], now [36, 7]) so all combos stay full-length.
Cross-product cap (256) reached for toponym 'Forthampton' — capped per-word options (was [1960], now [256]) so all combos stay full-length.
Cross-product cap (256) reached for toponym 'Garforth' — capped per-word options (was [310], now [256]) so all combos stay full-length.
Cross-product cap (256) reached for toponym 'Garmondsway' — capped per-word options (was [1525], now [256]) so all combos stay full-length.
Cross-product cap (256) reached for toponym 'Garsington' — capped per-word options (was [3122], now [256]) so all combos stay full-length.
Cross-product cap (256) reached for toponym 'Garstang' — capped per-word options (was [1344], now [256]) so all combos stay full-length.
Cross-product cap (256) reached for toponym 'Garston' — capped per-word options (was [336], now [256]) so all combos stay full-length.
Cross-product cap (256) reached for toponym 'Garthorpe' — capped per-word options (was [440], now [256]) so all combos stay full-length.
Cross-product cap (256) reached for toponym 'Garton on the Wolds' — capped per-word options (was [228, 3, 6, 9], now [4, 3, 4, 5]) so all combos stay full-length.
Cross-product cap (256) reached for toponym 'Gate Burton' — capped per-word options (was [33, 47], now [16, 16]) so all combos stay full-length.
Cross-product cap (256) reached for toponym 'Gilling East' — capped per-word options (was [83, 29], now [16, 16]) so all combos stay full-length.
Cross-product cap (256) reached for toponym 'Gillingham' — capped per-word options (was [316], now [256]) so all combos stay full-length.
Cross-product cap (256) reached for toponym 'Gilmorton' — capped per-word options (was [327], now [256]) so all combos stay full-length.
Cross-product cap (256) reached for toponym 'Glastonbury' — capped per-word options (was [2804], now [256]) so all combos stay full-length.
Cross-product cap (256) reached for toponym 'Greenbank' — capped per-word options (was [1073], now [256]) so all combos stay full-length.
Cross-product cap (256) reached for toponym 'Greenfield' — capped per-word options (was [779], now [256]) so all combos stay full-length.
Cross-product cap (256) reached for toponym 'Greenford' — capped per-word options (was [913], now [256]) so all combos stay full-length.
Cross-product cap (256) reached for toponym 'Greenham' — capped per-word options (was [295], now [256]) so all combos stay full-length.
Cross-product cap (256) reached for toponym 'Greenhead' — capped per-word options (was [340], now [256]) so all combos stay full-length.
Cross-product cap (256) reached for toponym 'Greenhill' — capped per-word options (was [431], now [256]) so all combos stay full-length.
Cross-product cap (256) reached for toponym 'Greenway' — capped per-word options (was [430], now [256]) so all combos stay full-length.
Cross-product cap (256) reached for toponym 'Guilden Sutton' — capped per-word options (was [57, 47], now [16, 16]) so all combos stay full-length.
Cross-product cap (256) reached for toponym 'Halberton' — capped per-word options (was [366], now [256]) so all combos stay full-length.
Cross-product cap (256) reached for toponym 'Halesowen' — capped per-word options (was [308], now [256]) so all combos stay full-length.
Cross-product cap (256) reached for toponym 'Halesworth' — capped per-word options (was [282], now [256]) so all combos stay full-length.
Cross-product cap (256) reached for toponym 'Hallington' — capped per-word options (was [1317], now [256]) so all combos stay full-length.
Cross-product cap (256) reached for toponym 'Halvergate' — capped per-word options (was [563], now [256]) so all combos stay full-length.
Cross-product cap (256) reached for toponym 'Hampton Bishop' — capped per-word options (was [84, 7], now [36, 7]) so all combos stay full-length.
Cross-product cap (256) reached for toponym 'Harborough Magna' — capped per-word options (was [101, 81], now [16, 16]) so all combos stay full-length.
Cross-product cap (256) reached for toponym 'Harbridge' — capped per-word options (was [322], now [256]) so all combos stay full-length.
Cross-product cap (256) reached for toponym 'Hardingstone' — capped per-word options (was [5205], now [256]) so all combos stay full-length.
Cross-product cap (256) reached for toponym 'Hardington' — capped per-word options (was [1697], now [256]) so all combos stay full-length.
Cross-product cap (256) reached for toponym 'Harlesden' — capped per-word options (was [282], now [256]) so all combos stay full-length.
Cross-product cap (256) reached for toponym 'Harleston' — capped per-word options (was [509], now [256]) so all combos stay full-length.
Cross-product cap (256) reached for toponym 'Harlestone' — capped per-word options (was [1180], now [256]) so all combos stay full-length.
Cross-product cap (256) reached for toponym 'Harlington' — capped per-word options (was [1501], now [256]) so all combos stay full-length.
Cross-product cap (256) reached for toponym 'Harmondsworth' — capped per-word options (was [1829], now [256]) so all combos stay full-length.
Cross-product cap (256) reached for toponym 'Harmston' — capped per-word options (was [298], now [256]) so all combos stay full-length.
Cross-product cap (256) reached for toponym 'Harperley' — capped per-word options (was [480], now [256]) so all combos stay full-length.
Cross-product cap (256) reached for toponym 'Harrington' — capped per-word options (was [2285], now [256]) so all combos stay full-length.
Cross-product cap (256) reached for toponym 'Harringworth' — capped per-word options (was [2447], now [256]) so all combos stay full-length.
Cross-product cap (256) reached for toponym 'Harrow on the Hill' — capped per-word options (was [27, 3, 6, 7], now [4, 3, 4, 5]) so all combos stay full-length.
Cross-product cap (256) reached for toponym 'Hartford' — capped per-word options (was [285], now [256]) so all combos stay full-length.
Cross-product cap (256) reached for toponym 'Harting' — capped per-word options (was [272], now [256]) so all combos stay full-length.
Cross-product cap (256) reached for toponym 'Hartland' — capped per-word options (was [262], now [256]) so all combos stay full-length.
Cross-product cap (256) reached for toponym 'Hayling Island' — capped per-word options (was [102, 12], now [21, 12]) so all combos stay full-length.
Cross-product cap (256) reached for toponym 'Headington' — capped per-word options (was [1260], now [256]) so all combos stay full-length.
Cross-product cap (256) reached for toponym 'Heath and Reach' — capped per-word options (was [19, 7, 20], now [6, 6, 7]) so all combos stay full-length.
Cross-product cap (256) reached for toponym 'Heckington' — capped per-word options (was [677], now [256]) so all combos stay full-length.
Cross-product cap (256) reached for toponym 'Henstridge' — capped per-word options (was [1344], now [256]) so all combos stay full-length.
Cross-product cap (256) reached for toponym 'High Littleton' — capped per-word options (was [5, 528], now [5, 51]) so all combos stay full-length.
Cross-product cap (256) reached for toponym 'High Newton' — capped per-word options (was [5, 117], now [5, 51]) so all combos stay full-length.
Cross-product cap (256) reached for toponym 'Higher Whitley' — capped per-word options (was [33, 42], now [16, 16]) so all combos stay full-length.
Cross-product cap (256) reached for toponym 'Hillhampton' — capped per-word options (was [498], now [256]) so all combos stay full-length.
Cross-product cap (256) reached for toponym 'Hillingdon' — capped per-word options (was [548], now [256]) so all combos stay full-length.
Cross-product cap (256) reached for toponym 'Hillington' — capped per-word options (was [1094], now [256]) so all combos stay full-length.
Cross-product cap (256) reached for toponym 'Holcombe Burnell' — capped per-word options (was [46, 49], now [16, 16]) so all combos stay full-length.
Cross-product cap (256) reached for toponym 'Hollingbourne' — capped per-word options (was [2376], now [256]) so all combos stay full-length.
Cross-product cap (256) reached for toponym 'Hollingdon' — capped per-word options (was [693], now [256]) so all combos stay full-length.
Cross-product cap (256) reached for toponym 'Hollington' — capped per-word options (was [1386], now [256]) so all combos stay full-length.
Cross-product cap (256) reached for toponym 'Hollingworth' — capped per-word options (was [1487], now [256]) so all combos stay full-length.
Cross-product cap (256) reached for toponym 'Holmesfield' — capped per-word options (was [257], now [256]) so all combos stay full-length.
Cross-product cap (256) reached for toponym 'Holystone' — capped per-word options (was [499], now [256]) so all combos stay full-length.
Cross-product cap (256) reached for toponym 'Hope Mansell' — capped per-word options (was [9, 166], now [9, 28]) so all combos stay full-length.
Cross-product cap (256) reached for toponym 'Horringer' — capped per-word options (was [474], now [256]) so all combos stay full-length.
Cross-product cap (256) reached for toponym 'Horsington' — capped per-word options (was [842], now [256]) so all combos stay full-length.
Cross-product cap (256) reached for toponym 'Horton Kirby' — capped per-word options (was [34, 12], now [21, 12]) so all combos stay full-length.
Cross-product cap (256) reached for toponym 'Hurst Wickham' — capped per-word options (was [21, 19], now [16, 16]) so all combos stay full-length.
Cross-product cap (256) reached for toponym 'Kensington' — capped per-word options (was [1563], now [256]) so all combos stay full-length.
Cross-product cap (256) reached for toponym 'Killington' — capped per-word options (was [966], now [256]) so all combos stay full-length.
Cross-product cap (256) reached for toponym 'Killingworth' — capped per-word options (was [1038], now [256]) so all combos stay full-length.
Cross-product cap (256) reached for toponym 'Kilmington' — capped per-word options (was [757], now [256]) so all combos stay full-length.
Cross-product cap (256) reached for toponym "King's Somborne" — capped per-word options (was [15, 42], now [15, 17]) so all combos stay full-length.
Cross-product cap (256) reached for toponym 'Kingerby' — capped per-word options (was [261], now [256]) so all combos stay full-length.
Cross-product cap (256) reached for toponym 'Kingskerswell' — capped per-word options (was [4018], now [256]) so all combos stay full-length.
Cross-product cap (256) reached for toponym 'Kingston' — capped per-word options (was [286], now [256]) so all combos stay full-length.
Cross-product cap (256) reached for toponym 'Kingstone' — capped per-word options (was [679], now [256]) so all combos stay full-length.
Cross-product cap (256) reached for toponym 'Kingthorpe' — capped per-word options (was [375], now [256]) so all combos stay full-length.
Cross-product cap (256) reached for toponym 'Kington Magna' — capped per-word options (was [212, 81], now [16, 16]) so all combos stay full-length.
Cross-product cap (256) reached for toponym 'Kington Saint Michael' — capped per-word options (was [212, 52, 15], now [6, 6, 7]) so all combos stay full-length.
Cross-product cap (256) reached for toponym 'Kingweston' — capped per-word options (was [948], now [256]) so all combos stay full-length.
Cross-product cap (256) reached for toponym 'Kirk Langley' — capped per-word options (was [9, 156], now [9, 28]) so all combos stay full-length.
Cross-product cap (256) reached for toponym 'Kirkby Green' — capped per-word options (was [26, 80], now [16, 16]) so all combos stay full-length.
Cross-product cap (256) reached for toponym 'Kirmington' — capped per-word options (was [884], now [256]) so all combos stay full-length.
Cross-product cap (256) reached for toponym 'Kirton in Lindsey' — capped per-word options (was [44, 5, 110], now [7, 5, 7]) so all combos stay full-length.
Cross-product cap (256) reached for toponym 'Kynaston' — capped per-word options (was [496], now [256]) so all combos stay full-length.
Cross-product cap (256) reached for toponym 'Lancaster' — capped per-word options (was [1029], now [256]) so all combos stay full-length.
Cross-product cap (256) reached for toponym 'Langney' — capped per-word options (was [342], now [256]) so all combos stay full-length.
Cross-product cap (256) reached for toponym 'Langridge' — capped per-word options (was [488], now [256]) so all combos stay full-length.
Cross-product cap (256) reached for toponym 'Langstone' — capped per-word options (was [774], now [256]) so all combos stay full-length.
Cross-product cap (256) reached for toponym 'Lea Marston' — capped per-word options (was [6, 312], now [6, 42]) so all combos stay full-length.
Cross-product cap (256) reached for toponym 'Letcombe Bassett' — capped per-word options (was [70, 267], now [16, 16]) so all combos stay full-length.
Cross-product cap (256) reached for toponym 'Letheringham' — capped per-word options (was [2932], now [256]) so all combos stay full-length.
/home/devon/521Studios/wyrd/wyrd/generators/kenning/runtime/name.py:243: DecompositionTruncatedWarning: all_decompositions on 'Letheringsett' (len=13) hit the per-position cap of 10000; returned list is a deterministic but non-exhaustive subset. Use canonical_decompositions for memory-bounded best-parse enumeration, or raise the cap if exhaustiveness matters here.
  else all_decompositions(word, trie)
Cross-product cap (256) reached for toponym 'Letheringsett' — capped per-word options (was [10000], now [256]) so all combos stay full-length.
Cross-product cap (256) reached for toponym 'Linstead Magna' — capped per-word options (was [152, 81], now [16, 16]) so all combos stay full-length.
Cross-product cap (256) reached for toponym 'Linstead Parva' — capped per-word options (was [152, 11], now [23, 11]) so all combos stay full-length.
Cross-product cap (256) reached for toponym 'Lissington' — capped per-word options (was [466], now [256]) so all combos stay full-length.
Cross-product cap (256) reached for toponym 'Lisson Grove' — capped per-word options (was [17, 18], now [16, 16]) so all combos stay full-length.
Cross-product cap (256) reached for toponym 'Little Amwell' — capped per-word options (was [34, 28], now [16, 16]) so all combos stay full-length.
Cross-product cap (256) reached for toponym 'Little Baldon' — capped per-word options (was [34, 39], now [16, 16]) so all combos stay full-length.
Cross-product cap (256) reached for toponym 'Little Barford' — capped per-word options (was [34, 89], now [16, 16]) so all combos stay full-length.
Cross-product cap (256) reached for toponym 'Little Barrington' — capped per-word options (was [34, 3167], now [16, 16]) so all combos stay full-length.
Cross-product cap (256) reached for toponym 'Little Bedwyn' — capped per-word options (was [34, 46], now [16, 16]) so all combos stay full-length.
Cross-product cap (256) reached for toponym 'Little Bowden' — capped per-word options (was [34, 22], now [16, 16]) so all combos stay full-length.
Cross-product cap (256) reached for toponym 'Little Bradley' — capped per-word options (was [34, 75], now [16, 16]) so all combos stay full-length.
Cross-product cap (256) reached for toponym 'Little Bromley' — capped per-word options (was [34, 42], now [16, 16]) so all combos stay full-length.
Cross-product cap (256) reached for toponym 'Little Broughton' — capped per-word options (was [34, 227], now [16, 16]) so all combos stay full-length.
Cross-product cap (256) reached for toponym 'Little Bytham' — capped per-word options (was [34, 40], now [16, 16]) so all combos stay full-length.
Cross-product cap (256) reached for toponym 'Little Comberton' — capped per-word options (was [34, 344], now [16, 16]) so all combos stay full-length.
Cross-product cap (256) reached for toponym 'Little Dalby' — capped per-word options (was [34, 20], now [16, 16]) so all combos stay full-length.
Cross-product cap (256) reached for toponym 'Little Downham' — capped per-word options (was [34, 40], now [16, 16]) so all combos stay full-length.
Cross-product cap (256) reached for toponym 'Little Eccleston' — capped per-word options (was [34, 182], now [16, 16]) so all combos stay full-length.
Cross-product cap (256) reached for toponym 'Little Ellingham' — capped per-word options (was [34, 258], now [16, 16]) so all combos stay full-length.
Cross-product cap (256) reached for toponym 'Little Haywood' — capped per-word options (was [34, 26], now [16, 16]) so all combos stay full-length.
Cross-product cap (256) reached for toponym 'Little Heath' — capped per-word options (was [34, 19], now [16, 16]) so all combos stay full-length.
Cross-product cap (256) reached for toponym 'Little Hereford' — capped per-word options (was [34, 170], now [16, 16]) so all combos stay full-length.
Cross-product cap (256) reached for toponym 'Little Horwood' — capped per-word options (was [34, 11], now [23, 11]) so all combos stay full-length.
Cross-product cap (256) reached for toponym 'Little Linford' — capped per-word options (was [34, 84], now [16, 16]) so all combos stay full-length.
Cross-product cap (256) reached for toponym 'Little Longstone' — capped per-word options (was [34, 1118], now [16, 16]) so all combos stay full-length.
Cross-product cap (256) reached for toponym 'Little Marlow' — capped per-word options (was [34, 49], now [16, 16]) so all combos stay full-length.
Cross-product cap (256) reached for toponym 'Little Melton' — capped per-word options (was [34, 76], now [16, 16]) so all combos stay full-length.
Cross-product cap (256) reached for toponym 'Little Ness' — capped per-word options (was [34, 8], now [32, 8]) so all combos stay full-length.
Cross-product cap (256) reached for toponym 'Little Ponton' — capped per-word options (was [34, 78], now [16, 16]) so all combos stay full-length.
Cross-product cap (256) reached for toponym 'Little Somborne' — capped per-word options (was [34, 42], now [16, 16]) so all combos stay full-length.
Cross-product cap (256) reached for toponym 'Little Somerford' — capped per-word options (was [34, 145], now [16, 16]) so all combos stay full-length.
Cross-product cap (256) reached for toponym 'Little Sutton' — capped per-word options (was [34, 47], now [16, 16]) so all combos stay full-length.
Cross-product cap (256) reached for toponym 'Little Thorpe' — capped per-word options (was [34, 25], now [16, 16]) so all combos stay full-length.
Cross-product cap (256) reached for toponym 'Little Torrington' — capped per-word options (was [34, 4414], now [16, 16]) so all combos stay full-length.
Cross-product cap (256) reached for toponym 'Little Waldingfield' — capped per-word options (was [34, 747], now [16, 16]) so all combos stay full-length.
Cross-product cap (256) reached for toponym 'Little Walsingham' — capped per-word options (was [34, 198], now [16, 16]) so all combos stay full-length.
Cross-product cap (256) reached for toponym 'Little Warley' — capped per-word options (was [34, 51], now [16, 16]) so all combos stay full-length.
Cross-product cap (256) reached for toponym 'Little Wenham' — capped per-word options (was [34, 32], now [16, 16]) so all combos stay full-length.
Cross-product cap (256) reached for toponym 'Little Witley' — capped per-word options (was [34, 42], now [16, 16]) so all combos stay full-length.
Cross-product cap (256) reached for toponym 'Little Wolford' — capped per-word options (was [34, 39], now [16, 16]) so all combos stay full-length.
Cross-product cap (256) reached for toponym 'Littleborough' — capped per-word options (was [462], now [256]) so all combos stay full-length.
Cross-product cap (256) reached for toponym 'Littlebourne' — capped per-word options (was [792], now [256]) so all combos stay full-length.
Cross-product cap (256) reached for toponym 'Littlecote' — capped per-word options (was [508], now [256]) so all combos stay full-length.
Cross-product cap (256) reached for toponym 'Littlecott' — capped per-word options (was [540], now [256]) so all combos stay full-length.
Cross-product cap (256) reached for toponym 'Littlehampton' — capped per-word options (was [2756], now [256]) so all combos stay full-length.
Cross-product cap (256) reached for toponym 'Littleport' — capped per-word options (was [576], now [256]) so all combos stay full-length.
Cross-product cap (256) reached for toponym 'Littlethorpe' — capped per-word options (was [1017], now [256]) so all combos stay full-length.
Cross-product cap (256) reached for toponym 'Littleton' — capped per-word options (was [528], now [256]) so all combos stay full-length.
Cross-product cap (256) reached for toponym 'Littleworth' — capped per-word options (was [609], now [256]) so all combos stay full-length.
Cross-product cap (256) reached for toponym 'Lockerley' — capped per-word options (was [588], now [256]) so all combos stay full-length.
Cross-product cap (256) reached for toponym 'Lockington' — capped per-word options (was [1534], now [256]) so all combos stay full-length.
Cross-product cap (256) reached for toponym 'Long Ashton' — capped per-word options (was [30, 61], now [16, 16]) so all combos stay full-length.
Cross-product cap (256) reached for toponym 'Long Buckby' — capped per-word options (was [30, 10], now [25, 10]) so all combos stay full-length.
Cross-product cap (256) reached for toponym 'Long Marston' — capped per-word options (was [30, 312], now [16, 16]) so all combos stay full-length.
Cross-product cap (256) reached for toponym 'Long Melford' — capped per-word options (was [30, 67], now [16, 16]) so all combos stay full-length.
Cross-product cap (256) reached for toponym 'Long Sutton' — capped per-word options (was [30, 47], now [16, 16]) so all combos stay full-length.
Cross-product cap (256) reached for toponym 'Longborough' — capped per-word options (was [364], now [256]) so all combos stay full-length.
Cross-product cap (256) reached for toponym 'Longden' — capped per-word options (was [265], now [256]) so all combos stay full-length.
Cross-product cap (256) reached for toponym 'Longdendale' — capped per-word options (was [3310], now [256]) so all combos stay full-length.
Cross-product cap (256) reached for toponym 'Longford' — capped per-word options (was [288], now [256]) so all combos stay full-length.
Cross-product cap (256) reached for toponym 'Longney' — capped per-word options (was [494], now [256]) so all combos stay full-length.
Cross-product cap (256) reached for toponym 'Longport' — capped per-word options (was [364], now [256]) so all combos stay full-length.
/home/devon/521Studios/wyrd/wyrd/generators/kenning/runtime/name.py:243: DecompositionTruncatedWarning: all_decompositions on 'Longstanton' (len=11) hit the per-position cap of 10000; returned list is a deterministic but non-exhaustive subset. Use canonical_decompositions for memory-bounded best-parse enumeration, or raise the cap if exhaustiveness matters here.
  else all_decompositions(word, trie)
Cross-product cap (256) reached for toponym 'Longstanton' — capped per-word options (was [10000], now [256]) so all combos stay full-length.
Cross-product cap (256) reached for toponym 'Longstock' — capped per-word options (was [314], now [256]) so all combos stay full-length.
Cross-product cap (256) reached for toponym 'Longstone' — capped per-word options (was [1118], now [256]) so all combos stay full-length.
Cross-product cap (256) reached for toponym 'Longtown' — capped per-word options (was [520], now [256]) so all combos stay full-length.
Cross-product cap (256) reached for toponym 'Longworth' — capped per-word options (was [392], now [256]) so all combos stay full-length.
Cross-product cap (256) reached for toponym 'Lothersdale' — capped per-word options (was [1365], now [256]) so all combos stay full-length.
Cross-product cap (256) reached for toponym 'Lower Dean' — capped per-word options (was [33, 20], now [16, 16]) so all combos stay full-length.
Cross-product cap (256) reached for toponym 'Lower Farringdon' — capped per-word options (was [33, 1619], now [16, 16]) so all combos stay full-length.
Cross-product cap (256) reached for toponym 'Lower Stondon' — capped per-word options (was [33, 129], now [16, 16]) so all combos stay full-length.
Cross-product cap (256) reached for toponym 'Lower Swell' — capped per-word options (was [33, 14], now [18, 14]) so all combos stay full-length.
Cross-product cap (256) reached for toponym 'Lower Welson' — capped per-word options (was [33, 46], now [16, 16]) so all combos stay full-length.
Cross-product cap (256) reached for toponym 'Lower Westmancote' — capped per-word options (was [33, 2664], now [16, 16]) so all combos stay full-length.
Cross-product cap (256) reached for toponym 'Lower Whitley' — capped per-word options (was [33, 42], now [16, 16]) so all combos stay full-length.
Cross-product cap (256) reached for toponym 'Lower Wolverton' — capped per-word options (was [33, 357], now [16, 16]) so all combos stay full-length.
Cross-product cap (256) reached for toponym 'Mablethorpe' — capped per-word options (was [486], now [256]) so all combos stay full-length.
Cross-product cap (256) reached for toponym 'Madingley' — capped per-word options (was [668], now [256]) so all combos stay full-length.
Cross-product cap (256) reached for toponym 'Mainsforth' — capped per-word options (was [588], now [256]) so all combos stay full-length.
Cross-product cap (256) reached for toponym 'Malmesbury' — capped per-word options (was [272], now [256]) so all combos stay full-length.
Cross-product cap (256) reached for toponym 'Manaton' — capped per-word options (was [590], now [256]) so all combos stay full-length.
Cross-product cap (256) reached for toponym 'Mansfield' — capped per-word options (was [262], now [256]) so all combos stay full-length.
Cross-product cap (256) reached for toponym 'Manston' — capped per-word options (was [357], now [256]) so all combos stay full-length.
Cross-product cap (256) reached for toponym 'Manthorpe' — capped per-word options (was [460], now [256]) so all combos stay full-length.
Cross-product cap (256) reached for toponym 'Manton' — capped per-word options (was [257], now [256]) so all combos stay full-length.
Cross-product cap (256) reached for toponym 'Maperton' — capped per-word options (was [461], now [256]) so all combos stay full-length.
Cross-product cap (256) reached for toponym 'Marhamchurch' — capped per-word options (was [360], now [256]) so all combos stay full-length.
Cross-product cap (256) reached for toponym 'Market Overton' — capped per-word options (was [141, 99], now [16, 16]) so all combos stay full-length.
Cross-product cap (256) reached for toponym 'Market Weston' — capped per-word options (was [141, 57], now [16, 16]) so all combos stay full-length.
Cross-product cap (256) reached for toponym 'Marlesford' — capped per-word options (was [671], now [256]) so all combos stay full-length.
Cross-product cap (256) reached for toponym 'Marlingford' — capped per-word options (was [2057], now [256]) so all combos stay full-length.
Cross-product cap (256) reached for toponym 'Marsh Baldon' — capped per-word options (was [25, 39], now [16, 16]) so all combos stay full-length.
Cross-product cap (256) reached for toponym 'Marshborough' — capped per-word options (was [507], now [256]) so all combos stay full-length.
Cross-product cap (256) reached for toponym 'Marston' — capped per-word options (was [312], now [256]) so all combos stay full-length.
Cross-product cap (256) reached for toponym 'Marston Green' — capped per-word options (was [312, 80], now [16, 16]) so all combos stay full-length.
Cross-product cap (256) reached for toponym 'Marston Magna' — capped per-word options (was [312, 81], now [16, 16]) so all combos stay full-length.
Cross-product cap (256) reached for toponym 'Marsworth' — capped per-word options (was [392], now [256]) so all combos stay full-length.
Cross-product cap (256) reached for toponym 'Meltonby' — capped per-word options (was [257], now [256]) so all combos stay full-length.
Cross-product cap (256) reached for toponym 'Mercaston' — capped per-word options (was [595], now [256]) so all combos stay full-length.
Cross-product cap (256) reached for toponym 'Merrington' — capped per-word options (was [2047], now [256]) so all combos stay full-length.
Cross-product cap (256) reached for toponym 'Merstone' — capped per-word options (was [313], now [256]) so all combos stay full-length.
Cross-product cap (256) reached for toponym 'Middle Aston' — capped per-word options (was [9, 41], now [9, 28]) so all combos stay full-length.
Cross-product cap (256) reached for toponym 'Middle Littleton' — capped per-word options (was [9, 528], now [9, 28]) so all combos stay full-length.
Cross-product cap (256) reached for toponym 'Middlestone' — capped per-word options (was [587], now [256]) so all combos stay full-length.
Cross-product cap (256) reached for toponym 'Milborne Port' — capped per-word options (was [84, 20], now [16, 16]) so all combos stay full-length.
Cross-product cap (256) reached for toponym 'Milborne Saint Andrew' — capped per-word options (was [84, 52, 44], now [6, 6, 7]) so all combos stay full-length.
Cross-product cap (256) reached for toponym 'Mildenhall' — capped per-word options (was [296], now [256]) so all combos stay full-length.
Cross-product cap (256) reached for toponym 'Milford on Sea' — capped per-word options (was [52, 3, 8], now [10, 3, 8]) so all combos stay full-length.
Cross-product cap (256) reached for toponym 'Millington' — capped per-word options (was [1526], now [256]) so all combos stay full-length.
Cross-product cap (256) reached for toponym 'Milton on Stour' — capped per-word options (was [62, 3, 11], now [9, 3, 9]) so all combos stay full-length.
Cross-product cap (256) reached for toponym 'Milverton' — capped per-word options (was [322], now [256]) so all combos stay full-length.
Cross-product cap (256) reached for toponym 'Molescroft' — capped per-word options (was [262], now [256]) so all combos stay full-length.
Cross-product cap (256) reached for toponym 'Moor Monkton' — capped per-word options (was [6, 117], now [6, 42]) so all combos stay full-length.
Cross-product cap (256) reached for toponym 'Nether Alderley' — capped per-word options (was [170, 146], now [16, 16]) so all combos stay full-length.
Cross-product cap (256) reached for toponym 'Nether Broughton' — capped per-word options (was [170, 227], now [16, 16]) so all combos stay full-length.
Cross-product cap (256) reached for toponym 'Nether Burrow' — capped per-word options (was [170, 16], now [16, 16]) so all combos stay full-length.
Cross-product cap (256) reached for toponym 'Nether Stowey' — capped per-word options (was [170, 53], now [16, 16]) so all combos stay full-length.
Cross-product cap (256) reached for toponym 'Nether Whitacre' — capped per-word options (was [170, 51], now [16, 16]) so all combos stay full-length.
Cross-product cap (256) reached for toponym 'Netheravon' — capped per-word options (was [1833], now [256]) so all combos stay full-length.
Cross-product cap (256) reached for toponym 'Netherbury' — capped per-word options (was [1602], now [256]) so all combos stay full-length.
Cross-product cap (256) reached for toponym 'Netherfield' — capped per-word options (was [1353], now [256]) so all combos stay full-length.
Cross-product cap (256) reached for toponym 'Netherton' — capped per-word options (was [2196], now [256]) so all combos stay full-length.
Cross-product cap (256) reached for toponym 'Newbridge' — capped per-word options (was [418], now [256]) so all combos stay full-length.
Cross-product cap (256) reached for toponym 'Newcastle' — capped per-word options (was [399], now [256]) so all combos stay full-length.
Cross-product cap (256) reached for toponym 'Newenden' — capped per-word options (was [862], now [256]) so all combos stay full-length.
Cross-product cap (256) reached for toponym 'Newington' — capped per-word options (was [1262], now [256]) so all combos stay full-length.
Cross-product cap (256) reached for toponym 'Newmarket' — capped per-word options (was [1105], now [256]) so all combos stay full-length.
Cross-product cap (256) reached for toponym 'Newstead' — capped per-word options (was [267], now [256]) so all combos stay full-length.
Cross-product cap (256) reached for toponym 'Newton Burgoland' — capped per-word options (was [117, 177], now [16, 16]) so all combos stay full-length.
Cross-product cap (256) reached for toponym 'Newton Grange' — capped per-word options (was [117, 197], now [16, 16]) so all combos stay full-length.
Cross-product cap (256) reached for toponym 'Newton Hall' — capped per-word options (was [117, 8], now [32, 8]) so all combos stay full-length.
Cross-product cap (256) reached for toponym 'Newton Longville' — capped per-word options (was [117, 313], now [16, 16]) so all combos stay full-length.
Cross-product cap (256) reached for toponym 'Normanby' — capped per-word options (was [551], now [256]) so all combos stay full-length.
Cross-product cap (256) reached for toponym 'Normanton' — capped per-word options (was [2473], now [256]) so all combos stay full-length.
Cross-product cap (256) reached for toponym 'Normanton on Soar' — capped per-word options (was [2473, 3, 7], now [12, 3, 7]) so all combos stay full-length.
Cross-product cap (256) reached for toponym 'North Barrow' — capped per-word options (was [27, 36], now [16, 16]) so all combos stay full-length.
Cross-product cap (256) reached for toponym 'North Bradon' — capped per-word options (was [27, 45], now [16, 16]) so all combos stay full-length.
Cross-product cap (256) reached for toponym 'North Burlingham' — capped per-word options (was [27, 271], now [16, 16]) so all combos stay full-length.
Cross-product cap (256) reached for toponym 'North Cliffe' — capped per-word options (was [27, 10], now [25, 10]) so all combos stay full-length.
Cross-product cap (256) reached for toponym 'North Dalton' — capped per-word options (was [27, 88], now [16, 16]) so all combos stay full-length.
Cross-product cap (256) reached for toponym 'North Elkington' — capped per-word options (was [27, 789], now [16, 16]) so all combos stay full-length.
Cross-product cap (256) reached for toponym 'North Elmham' — capped per-word options (was [27, 20], now [16, 16]) so all combos stay full-length.
Cross-product cap (256) reached for toponym 'North Killingholme' — capped per-word options (was [27, 1096], now [16, 16]) so all combos stay full-length.
Cross-product cap (256) reached for toponym 'North Kilworth' — capped per-word options (was [27, 45], now [16, 16]) so all combos stay full-length.
Cross-product cap (256) reached for toponym 'North Littleton' — capped per-word options (was [27, 528], now [16, 16]) so all combos stay full-length.
Cross-product cap (256) reached for toponym 'North Marden' — capped per-word options (was [27, 127], now [16, 16]) so all combos stay full-length.
Cross-product cap (256) reached for toponym 'North Newton' — capped per-word options (was [27, 117], now [16, 16]) so all combos stay full-length.
Cross-product cap (256) reached for toponym 'North Reston' — capped per-word options (was [27, 94], now [16, 16]) so all combos stay full-length.
Cross-product cap (256) reached for toponym 'North Somercotes' — capped per-word options (was [27, 253], now [16, 16]) so all combos stay full-length.
Cross-product cap (256) reached for toponym 'North Stoke' — capped per-word options (was [27, 13], now [19, 13]) so all combos stay full-length.
Cross-product cap (256) reached for toponym 'North Stoneham' — capped per-word options (was [27, 173], now [16, 16]) so all combos stay full-length.
Cross-product cap (256) reached for toponym 'North Willingham' — capped per-word options (was [27, 242], now [16, 16]) so all combos stay full-length.
Cross-product cap (256) reached for toponym 'North Witham' — capped per-word options (was [27, 30], now [16, 16]) so all combos stay full-length.
Cross-product cap (256) reached for toponym 'Northbourne' — capped per-word options (was [976], now [256]) so all combos stay full-length.
Cross-product cap (256) reached for toponym 'Northenden' — capped per-word options (was [2946], now [256]) so all combos stay full-length.
Cross-product cap (256) reached for toponym 'Northey Island' — capped per-word options (was [182, 12], now [21, 12]) so all combos stay full-length.
Cross-product cap (256) reached for toponym 'Northleach' — capped per-word options (was [340], now [256]) so all combos stay full-length.
Cross-product cap (256) reached for toponym 'Norton Bridge' — capped per-word options (was [115, 51], now [16, 16]) so all combos stay full-length.
Cross-product cap (256) reached for toponym 'Norton Canes' — capped per-word options (was [115, 37], now [16, 16]) so all combos stay full-length.
Cross-product cap (256) reached for toponym 'Norton Canon' — capped per-word options (was [115, 40], now [16, 16]) so all combos stay full-length.
Cross-product cap (256) reached for toponym 'Norton Lindsey' — capped per-word options (was [115, 110], now [16, 16]) so all combos stay full-length.
Cross-product cap (256) reached for toponym 'Old Basford' — capped per-word options (was [3, 94], now [3, 85]) so all combos stay full-length.
Cross-product cap (256) reached for toponym 'Old Malden' — capped per-word options (was [3, 87], now [3, 85]) so all combos stay full-length.
Cross-product cap (256) reached for toponym 'Old Milverton' — capped per-word options (was [3, 322], now [3, 85]) so all combos stay full-length.
Cross-product cap (256) reached for toponym 'Old Warden' — capped per-word options (was [3, 97], now [3, 85]) so all combos stay full-length.
Cross-product cap (256) reached for toponym 'Orchardleigh' — capped per-word options (was [286], now [256]) so all combos stay full-length.
Cross-product cap (256) reached for toponym 'Otterbourne' — capped per-word options (was [962], now [256]) so all combos stay full-length.
Cross-product cap (256) reached for toponym 'Otterburn' — capped per-word options (was [442], now [256]) so all combos stay full-length.
Cross-product cap (256) reached for toponym 'Otterden' — capped per-word options (was [474], now [256]) so all combos stay full-length.
Cross-product cap (256) reached for toponym 'Otterhampton' — capped per-word options (was [3337], now [256]) so all combos stay full-length.
Cross-product cap (256) reached for toponym 'Otterton' — capped per-word options (was [589], now [256]) so all combos stay full-length.
Cross-product cap (256) reached for toponym 'Out Newton' — capped per-word options (was [5, 117], now [5, 51]) so all combos stay full-length.
Cross-product cap (256) reached for toponym 'Over Whitacre' — capped per-word options (was [7, 51], now [7, 36]) so all combos stay full-length.
Cross-product cap (256) reached for toponym 'Pencarrow' — capped per-word options (was [288], now [256]) so all combos stay full-length.
Cross-product cap (256) reached for toponym 'Peterborough' — capped per-word options (was [604], now [256]) so all combos stay full-length.
Cross-product cap (256) reached for toponym 'Peterchurch' — capped per-word options (was [409], now [256]) so all combos stay full-length.
Cross-product cap (256) reached for toponym 'Pitminster' — capped per-word options (was [1181], now [256]) so all combos stay full-length.
Cross-product cap (256) reached for toponym 'Pontesbury' — capped per-word options (was [356], now [256]) so all combos stay full-length.
Cross-product cap (256) reached for toponym 'Portington' — capped per-word options (was [1904], now [256]) so all combos stay full-length.
Cross-product cap (256) reached for toponym 'Portlemouth' — capped per-word options (was [308], now [256]) so all combos stay full-length.
Cross-product cap (256) reached for toponym 'Rainton' — capped per-word options (was [316], now [256]) so all combos stay full-length.
Cross-product cap (256) reached for toponym 'Redbridge' — capped per-word options (was [349], now [256]) so all combos stay full-length.
Cross-product cap (256) reached for toponym 'Redlingfield' — capped per-word options (was [797], now [256]) so all combos stay full-length.
Cross-product cap (256) reached for toponym 'Reymerston' — capped per-word options (was [2116], now [256]) so all combos stay full-length.
Cross-product cap (256) reached for toponym 'Ringland' — capped per-word options (was [345], now [256]) so all combos stay full-length.
Cross-product cap (256) reached for toponym 'Ringlestone' — capped per-word options (was [4640], now [256]) so all combos stay full-length.
Cross-product cap (256) reached for toponym 'Ringmore' — capped per-word options (was [513], now [256]) so all combos stay full-length.
Cross-product cap (256) reached for toponym 'Ringstead' — capped per-word options (was [513], now [256]) so all combos stay full-length.
Cross-product cap (256) reached for toponym 'Rochester' — capped per-word options (was [617], now [256]) so all combos stay full-length.
Cross-product cap (256) reached for toponym 'Rockingham' — capped per-word options (was [427], now [256]) so all combos stay full-length.
Cross-product cap (256) reached for toponym 'Rodington' — capped per-word options (was [616], now [256]) so all combos stay full-length.
Cross-product cap (256) reached for toponym 'Rolleston' — capped per-word options (was [415], now [256]) so all combos stay full-length.
Cross-product cap (256) reached for toponym 'Rollestone' — capped per-word options (was [970], now [256]) so all combos stay full-length.
Cross-product cap (256) reached for toponym 'Rosliston' — capped per-word options (was [322], now [256]) so all combos stay full-length.
Cross-product cap (256) reached for toponym 'Rosthwaite' — capped per-word options (was [636], now [256]) so all combos stay full-length.
Cross-product cap (256) reached for toponym 'Saint Buryan' — capped per-word options (was [52, 87], now [16, 16]) so all combos stay full-length.
Cross-product cap (256) reached for toponym 'Saint Lawrence' — capped per-word options (was [52, 114], now [16, 16]) so all combos stay full-length.
Cross-product cap (256) reached for toponym "Saint Martin's" — capped per-word options (was [52, 182], now [16, 16]) so all combos stay full-length.
Cross-product cap (256) reached for toponym "Saint Peter's" — capped per-word options (was [52, 43], now [16, 16]) so all combos stay full-length.
Cross-product cap (256) reached for toponym 'Saintbury' — capped per-word options (was [538], now [256]) so all combos stay full-length.
Cross-product cap (256) reached for toponym 'Sandridge' — capped per-word options (was [279], now [256]) so all combos stay full-length.
Cross-product cap (256) reached for toponym 'Sandringham' — capped per-word options (was [1421], now [256]) so all combos stay full-length.
Cross-product cap (256) reached for toponym 'Skellingthorpe' — capped per-word options (was [4325], now [256]) so all combos stay full-length.
Cross-product cap (256) reached for toponym 'Sollers Hope' — capped per-word options (was [45, 9], now [28, 9]) so all combos stay full-length.
Cross-product cap (256) reached for toponym 'Somerleyton' — capped per-word options (was [1769], now [256]) so all combos stay full-length.
Cross-product cap (256) reached for toponym 'South Barrow' — capped per-word options (was [9, 36], now [9, 28]) so all combos stay full-length.
Cross-product cap (256) reached for toponym 'South Bradon' — capped per-word options (was [9, 45], now [9, 28]) so all combos stay full-length.
Cross-product cap (256) reached for toponym 'South Brent' — capped per-word options (was [9, 71], now [9, 28]) so all combos stay full-length.
Cross-product cap (256) reached for toponym 'South Burlingham' — capped per-word options (was [9, 271], now [9, 28]) so all combos stay full-length.
Cross-product cap (256) reached for toponym 'South Dalton' — capped per-word options (was [9, 88], now [9, 28]) so all combos stay full-length.
Cross-product cap (256) reached for toponym 'South Elkington' — capped per-word options (was [9, 789], now [9, 28]) so all combos stay full-length.
Cross-product cap (256) reached for toponym 'South Killingholme' — capped per-word options (was [9, 1096], now [9, 28]) so all combos stay full-length.
Cross-product cap (256) reached for toponym 'South Kilworth' — capped per-word options (was [9, 45], now [9, 28]) so all combos stay full-length.
Cross-product cap (256) reached for toponym 'South Littleton' — capped per-word options (was [9, 528], now [9, 28]) so all combos stay full-length.
Cross-product cap (256) reached for toponym 'South Newington' — capped per-word options (was [9, 1262], now [9, 28]) so all combos stay full-length.
Cross-product cap (256) reached for toponym 'South Newton' — capped per-word options (was [9, 117], now [9, 28]) so all combos stay full-length.
Cross-product cap (256) reached for toponym 'South Normanton' — capped per-word options (was [9, 2473], now [9, 28]) so all combos stay full-length.
Cross-product cap (256) reached for toponym 'South Somercotes' — capped per-word options (was [9, 253], now [9, 28]) so all combos stay full-length.
Cross-product cap (256) reached for toponym 'South Weston' — capped per-word options (was [9, 57], now [9, 28]) so all combos stay full-length.
Cross-product cap (256) reached for toponym 'South Willingham' — capped per-word options (was [9, 242], now [9, 28]) so all combos stay full-length.
Cross-product cap (256) reached for toponym 'South Witham' — capped per-word options (was [9, 30], now [9, 28]) so all combos stay full-length.
Cross-product cap (256) reached for toponym 'Springfield' — capped per-word options (was [423], now [256]) so all combos stay full-length.
Cross-product cap (256) reached for toponym 'Springthorpe' — capped per-word options (was [1175], now [256]) so all combos stay full-length.
Cross-product cap (256) reached for toponym 'Stanbridge' — capped per-word options (was [1825], now [256]) so all combos stay full-length.
Cross-product cap (256) reached for toponym 'Stanbury' — capped per-word options (was [382], now [256]) so all combos stay full-length.
Cross-product cap (256) reached for toponym 'Standerwick' — capped per-word options (was [960], now [256]) so all combos stay full-length.
Cross-product cap (256) reached for toponym 'Stanford' — capped per-word options (was [405], now [256]) so all combos stay full-length.
Cross-product cap (256) reached for toponym 'Stanford Bishop' — capped per-word options (was [405, 7], now [36, 7]) so all combos stay full-length.
Cross-product cap (256) reached for toponym 'Stanford in the Vale' — capped per-word options (was [405, 5, 6, 11], now [4, 4, 4, 4]) so all combos stay full-length.
Cross-product cap (256) reached for toponym 'Stanford on Soar' — capped per-word options (was [405, 3, 7], now [12, 3, 7]) so all combos stay full-length.
Cross-product cap (256) reached for toponym 'Stanley' — capped per-word options (was [270], now [256]) so all combos stay full-length.
Cross-product cap (256) reached for toponym 'Stanmore' — capped per-word options (was [627], now [256]) so all combos stay full-length.
Cross-product cap (256) reached for toponym 'Stanstead' — capped per-word options (was [782], now [256]) so all combos stay full-length.
Cross-product cap (256) reached for toponym 'Stanton' — capped per-word options (was [538], now [256]) so all combos stay full-length.
Cross-product cap (256) reached for toponym 'Stanton Long' — capped per-word options (was [538, 30], now [16, 16]) so all combos stay full-length.
Cross-product cap (256) reached for toponym 'Stanton Saint John' — capped per-word options (was [538, 52, 6], now [6, 7, 6]) so all combos stay full-length.
Cross-product cap (256) reached for toponym 'Stanton by Bridge' — capped per-word options (was [538, 3, 51], now [9, 3, 9]) so all combos stay full-length.
Cross-product cap (256) reached for toponym 'Stanton by Dale' — capped per-word options (was [538, 3, 17], now [9, 3, 9]) so all combos stay full-length.
Cross-product cap (256) reached for toponym 'Stanton in Peak' — capped per-word options (was [538, 5, 7], now [7, 5, 7]) so all combos stay full-length.
Cross-product cap (256) reached for toponym 'Stantonbury' — capped per-word options (was [6102], now [256]) so all combos stay full-length.
Cross-product cap (256) reached for toponym 'Stanwell' — capped per-word options (was [329], now [256]) so all combos stay full-length.
Cross-product cap (256) reached for toponym 'Stinsford' — capped per-word options (was [332], now [256]) so all combos stay full-length.
Cross-product cap (256) reached for toponym 'Stoke Canon' — capped per-word options (was [13, 40], now [13, 19]) so all combos stay full-length.
Cross-product cap (256) reached for toponym 'Stoke Holy Cross' — capped per-word options (was [13, 9, 16], now [6, 6, 7]) so all combos stay full-length.
Cross-product cap (256) reached for toponym 'Stoke Newington' — capped per-word options (was [13, 1262], now [13, 19]) so all combos stay full-length.
Cross-product cap (256) reached for toponym 'Stoke Orchard' — capped per-word options (was [13, 48], now [13, 19]) so all combos stay full-length.
Cross-product cap (256) reached for toponym 'Stoke Rochford' — capped per-word options (was [13, 90], now [13, 19]) so all combos stay full-length.
Cross-product cap (256) reached for toponym 'Stoke Saint Mary' — capped per-word options (was [13, 52, 29], now [6, 6, 7]) so all combos stay full-length.
Cross-product cap (256) reached for toponym 'Stoke Saint Milborough' — capped per-word options (was [13, 52, 56], now [6, 6, 7]) so all combos stay full-length.
Cross-product cap (256) reached for toponym 'Ston Easton' — capped per-word options (was [19, 127], now [16, 16]) so all combos stay full-length.
Cross-product cap (256) reached for toponym 'Stonehouse' — capped per-word options (was [350], now [256]) so all combos stay full-length.
Cross-product cap (256) reached for toponym 'Stoneleigh' — capped per-word options (was [384], now [256]) so all combos stay full-length.
Cross-product cap (256) reached for toponym 'Stonesfield' — capped per-word options (was [741], now [256]) so all combos stay full-length.
Cross-product cap (256) reached for toponym 'Stoneton' — capped per-word options (was [668], now [256]) so all combos stay full-length.
Cross-product cap (256) reached for toponym 'Stoney Stanton' — capped per-word options (was [126, 538], now [16, 16]) so all combos stay full-length.
Cross-product cap (256) reached for toponym 'Stonton Wyville' — capped per-word options (was [276, 24], now [16, 16]) so all combos stay full-length.
Cross-product cap (256) reached for toponym 'Stourbridge' — capped per-word options (was [492], now [256]) so all combos stay full-length.
Cross-product cap (256) reached for toponym 'Stowmarket' — capped per-word options (was [824], now [256]) so all combos stay full-length.
Cross-product cap (256) reached for toponym 'Streetly' — capped per-word options (was [288], now [256]) so all combos stay full-length.
Cross-product cap (256) reached for toponym 'Stringston' — capped per-word options (was [2234], now [256]) so all combos stay full-length.
Cross-product cap (256) reached for toponym 'Sutton Bassett' — capped per-word options (was [47, 267], now [16, 16]) so all combos stay full-length.
Cross-product cap (256) reached for toponym 'Sutton Green' — capped per-word options (was [47, 80], now [16, 16]) so all combos stay full-length.
Cross-product cap (256) reached for toponym 'Sutton Saint Michael' — capped per-word options (was [47, 52, 15], now [6, 6, 7]) so all combos stay full-length.
Cross-product cap (256) reached for toponym 'Sutton on the Hill' — capped per-word options (was [47, 3, 6, 7], now [4, 3, 4, 5]) so all combos stay full-length.
Cross-product cap (256) reached for toponym 'Tallington' — capped per-word options (was [3547], now [256]) so all combos stay full-length.
Cross-product cap (256) reached for toponym 'Temple Normanton' — capped per-word options (was [30, 2473], now [16, 16]) so all combos stay full-length.
Cross-product cap (256) reached for toponym 'Templecombe' — capped per-word options (was [320], now [256]) so all combos stay full-length.
Cross-product cap (256) reached for toponym 'Theberton' — capped per-word options (was [532], now [256]) so all combos stay full-length.
Cross-product cap (256) reached for toponym 'Thornborough' — capped per-word options (was [590], now [256]) so all combos stay full-length.
Cross-product cap (256) reached for toponym 'Thornbury' — capped per-word options (was [418], now [256]) so all combos stay full-length.
Cross-product cap (256) reached for toponym 'Thorncombe' — capped per-word options (was [370], now [256]) so all combos stay full-length.
Cross-product cap (256) reached for toponym 'Thorndon' — capped per-word options (was [259], now [256]) so all combos stay full-length.
Cross-product cap (256) reached for toponym 'Thornford' — capped per-word options (was [447], now [256]) so all combos stay full-length.
Cross-product cap (256) reached for toponym 'Thornham Magna' — capped per-word options (was [156, 81], now [16, 16]) so all combos stay full-length.
Cross-product cap (256) reached for toponym 'Thornham Parva' — capped per-word options (was [156, 11], now [23, 11]) so all combos stay full-length.
Cross-product cap (256) reached for toponym 'Thornholme' — capped per-word options (was [555], now [256]) so all combos stay full-length.
Cross-product cap (256) reached for toponym 'Thornley' — capped per-word options (was [296], now [256]) so all combos stay full-length.
Cross-product cap (256) reached for toponym 'Thornsett' — capped per-word options (was [1180], now [256]) so all combos stay full-length.
Cross-product cap (256) reached for toponym 'Thornton' — capped per-word options (was [571], now [256]) so all combos stay full-length.
Cross-product cap (256) reached for toponym 'Thornton Dale' — capped per-word options (was [571, 17], now [16, 16]) so all combos stay full-length.
Cross-product cap (256) reached for toponym 'Thorpe Acre' — capped per-word options (was [25, 11], now [23, 11]) so all combos stay full-length.
Cross-product cap (256) reached for toponym 'Thorpe Langton' — capped per-word options (was [25, 254], now [16, 16]) so all combos stay full-length.
Cross-product cap (256) reached for toponym 'Thorpe Parva' — capped per-word options (was [25, 11], now [23, 11]) so all combos stay full-length.
Cross-product cap (256) reached for toponym 'Thorpe Saint Andrew' — capped per-word options (was [25, 52, 44], now [6, 6, 7]) so all combos stay full-length.
Cross-product cap (256) reached for toponym 'Thorpe Saint Peter' — capped per-word options (was [25, 52, 53], now [6, 6, 7]) so all combos stay full-length.
Cross-product cap (256) reached for toponym 'Thorpe by Water' — capped per-word options (was [25, 3, 40], now [9, 3, 9]) so all combos stay full-length.
Cross-product cap (256) reached for toponym 'Thorpe on the Hill' — capped per-word options (was [25, 3, 6, 7], now [4, 3, 4, 5]) so all combos stay full-length.
Cross-product cap (256) reached for toponym 'Tilehurst' — capped per-word options (was [302], now [256]) so all combos stay full-length.
Cross-product cap (256) reached for toponym 'Timberland' — capped per-word options (was [362], now [256]) so all combos stay full-length.
Cross-product cap (256) reached for toponym 'Tiverton' — capped per-word options (was [437], now [256]) so all combos stay full-length.
Cross-product cap (256) reached for toponym 'Tonbridge' — capped per-word options (was [764], now [256]) so all combos stay full-length.
Cross-product cap (256) reached for toponym 'Tredington' — capped per-word options (was [4238], now [256]) so all combos stay full-length.
Cross-product cap (256) reached for toponym 'Tregony' — capped per-word options (was [324], now [256]) so all combos stay full-length.
Cross-product cap (256) reached for toponym 'Tremore' — capped per-word options (was [370], now [256]) so all combos stay full-length.
Cross-product cap (256) reached for toponym 'Trenant' — capped per-word options (was [1666], now [256]) so all combos stay full-length.
Cross-product cap (256) reached for toponym 'Treswell' — capped per-word options (was [266], now [256]) so all combos stay full-length.
Cross-product cap (256) reached for toponym 'Treyford' — capped per-word options (was [594], now [256]) so all combos stay full-length.
Cross-product cap (256) reached for toponym 'Upper Arley' — capped per-word options (was [16, 34], now [16, 16]) so all combos stay full-length.
Cross-product cap (256) reached for toponym 'Upper Broughton' — capped per-word options (was [16, 227], now [16, 16]) so all combos stay full-length.
Cross-product cap (256) reached for toponym 'Upper Dean' — capped per-word options (was [16, 20], now [16, 16]) so all combos stay full-length.
Cross-product cap (256) reached for toponym 'Upper Farringdon' — capped per-word options (was [16, 1619], now [16, 16]) so all combos stay full-length.
Cross-product cap (256) reached for toponym 'Upper Stondon' — capped per-word options (was [16, 129], now [16, 16]) so all combos stay full-length.
Cross-product cap (256) reached for toponym 'Upper Welson' — capped per-word options (was [16, 46], now [16, 16]) so all combos stay full-length.
Cross-product cap (256) reached for toponym 'Upper Wolverton' — capped per-word options (was [16, 357], now [16, 16]) so all combos stay full-length.
Cross-product cap (256) reached for toponym 'Upperthorpe' — capped per-word options (was [417], now [256]) so all combos stay full-length.
Cross-product cap (256) reached for toponym 'Upton Magna' — capped per-word options (was [19, 81], now [16, 16]) so all combos stay full-length.
Cross-product cap (256) reached for toponym 'Upton Warren' — capped per-word options (was [19, 92], now [16, 16]) so all combos stay full-length.
Cross-product cap (256) reached for toponym 'Walberton' — capped per-word options (was [446], now [256]) so all combos stay full-length.
Cross-product cap (256) reached for toponym 'Walderton' — capped per-word options (was [512], now [256]) so all combos stay full-length.
Cross-product cap (256) reached for toponym 'Walhampton' — capped per-word options (was [332], now [256]) so all combos stay full-length.
Cross-product cap (256) reached for toponym 'Walkeringham' — capped per-word options (was [1947], now [256]) so all combos stay full-length.
Cross-product cap (256) reached for toponym 'Walkington' — capped per-word options (was [999], now [256]) so all combos stay full-length.
Cross-product cap (256) reached for toponym 'Wallingford' — capped per-word options (was [1232], now [256]) so all combos stay full-length.
Cross-product cap (256) reached for toponym 'Wallington' — capped per-word options (was [1569], now [256]) so all combos stay full-length.
Cross-product cap (256) reached for toponym 'Waltham Saint Lawrence' — capped per-word options (was [63, 52, 114], now [6, 6, 7]) so all combos stay full-length.
Cross-product cap (256) reached for toponym 'Waltham on the Wolds' — capped per-word options (was [63, 3, 6, 9], now [4, 3, 4, 5]) so all combos stay full-length.
Cross-product cap (256) reached for toponym 'Walton on the Wolds' — capped per-word options (was [71, 3, 6, 9], now [4, 3, 4, 5]) so all combos stay full-length.
Cross-product cap (256) reached for toponym 'Warlingham' — capped per-word options (was [421], now [256]) so all combos stay full-length.
Cross-product cap (256) reached for toponym 'Warmington' — capped per-word options (was [2158], now [256]) so all combos stay full-length.
Cross-product cap (256) reached for toponym 'Warminster' — capped per-word options (was [1831], now [256]) so all combos stay full-length.
Cross-product cap (256) reached for toponym 'Warrington' — capped per-word options (was [2369], now [256]) so all combos stay full-length.
Cross-product cap (256) reached for toponym 'Water Newton' — capped per-word options (was [40, 117], now [16, 16]) so all combos stay full-length.
Cross-product cap (256) reached for toponym 'Wateringbury' — capped per-word options (was [4572], now [256]) so all combos stay full-length.
Cross-product cap (256) reached for toponym 'Waterperry' — capped per-word options (was [992], now [256]) so all combos stay full-length.
Cross-product cap (256) reached for toponym 'Waterstock' — capped per-word options (was [503], now [256]) so all combos stay full-length.
Cross-product cap (256) reached for toponym 'Waterton' — capped per-word options (was [471], now [256]) so all combos stay full-length.
Cross-product cap (256) reached for toponym 'Wellesbourne' — capped per-word options (was [864], now [256]) so all combos stay full-length.
Cross-product cap (256) reached for toponym 'Wellingborough' — capped per-word options (was [1820], now [256]) so all combos stay full-length.
Cross-product cap (256) reached for toponym 'Wellingham' — capped per-word options (was [530], now [256]) so all combos stay full-length.
Cross-product cap (256) reached for toponym 'Wellingore' — capped per-word options (was [1479], now [256]) so all combos stay full-length.
Cross-product cap (256) reached for toponym 'Wellington' — capped per-word options (was [1823], now [256]) so all combos stay full-length.
Cross-product cap (256) reached for toponym 'Wenhaston' — capped per-word options (was [289], now [256]) so all combos stay full-length.
Cross-product cap (256) reached for toponym 'West Ashby' — capped per-word options (was [17, 18], now [16, 16]) so all combos stay full-length.
Cross-product cap (256) reached for toponym 'West Ashton' — capped per-word options (was [17, 61], now [16, 16]) so all combos stay full-length.
Cross-product cap (256) reached for toponym 'West Ayton' — capped per-word options (was [17, 58], now [16, 16]) so all combos stay full-length.
Cross-product cap (256) reached for toponym 'West Beckham' — capped per-word options (was [17, 34], now [16, 16]) so all combos stay full-length.
Cross-product cap (256) reached for toponym 'West Bradenham' — capped per-word options (was [17, 285], now [16, 16]) so all combos stay full-length.
Cross-product cap (256) reached for toponym 'West Bradford' — capped per-word options (was [17, 91], now [16, 16]) so all combos stay full-length.
Cross-product cap (256) reached for toponym 'West Bradley' — capped per-word options (was [17, 75], now [16, 16]) so all combos stay full-length.
Cross-product cap (256) reached for toponym 'West Buckland' — capped per-word options (was [17, 35], now [16, 16]) so all combos stay full-length.
Cross-product cap (256) reached for toponym 'West Burton' — capped per-word options (was [17, 47], now [16, 16]) so all combos stay full-length.
Cross-product cap (256) reached for toponym 'West Dean' — capped per-word options (was [17, 20], now [16, 16]) so all combos stay full-length.
Cross-product cap (256) reached for toponym 'West Derby' — capped per-word options (was [17, 18], now [16, 16]) so all combos stay full-length.
Cross-product cap (256) reached for toponym 'West Farleigh' — capped per-word options (was [17, 54], now [16, 16]) so all combos stay full-length.
Cross-product cap (256) reached for toponym 'West Halton' — capped per-word options (was [17, 63], now [16, 16]) so all combos stay full-length.
Cross-product cap (256) reached for toponym 'West Horsley' — capped per-word options (was [17, 52], now [16, 16]) so all combos stay full-length.
Cross-product cap (256) reached for toponym 'West Marden' — capped per-word options (was [17, 127], now [16, 16]) so all combos stay full-length.
Cross-product cap (256) reached for toponym 'West Melton' — capped per-word options (was [17, 76], now [16, 16]) so all combos stay full-length.
Cross-product cap (256) reached for toponym 'West Mersea' — capped per-word options (was [17, 43], now [16, 16]) so all combos stay full-length.
Cross-product cap (256) reached for toponym 'West Molesey' — capped per-word options (was [17, 82], now [16, 16]) so all combos stay full-length.
Cross-product cap (256) reached for toponym 'West Newton' — capped per-word options (was [17, 117], now [16, 16]) so all combos stay full-length.
Cross-product cap (256) reached for toponym 'West Overton' — capped per-word options (was [17, 99], now [16, 16]) so all combos stay full-length.
Cross-product cap (256) reached for toponym 'West Somerton' — capped per-word options (was [17, 191], now [16, 16]) so all combos stay full-length.
Cross-product cap (256) reached for toponym 'West Thorney' — capped per-word options (was [17, 255], now [16, 16]) so all combos stay full-length.
Cross-product cap (256) reached for toponym 'West Torrington' — capped per-word options (was [17, 4414], now [16, 16]) so all combos stay full-length.
Cross-product cap (256) reached for toponym 'West Walton' — capped per-word options (was [17, 71], now [16, 16]) so all combos stay full-length.
Cross-product cap (256) reached for toponym 'West Wickham' — capped per-word options (was [17, 19], now [16, 16]) so all combos stay full-length.
Cross-product cap (256) reached for toponym 'West Wittering' — capped per-word options (was [17, 1113], now [16, 16]) so all combos stay full-length.
Cross-product cap (256) reached for toponym 'West Wycombe' — capped per-word options (was [17, 24], now [16, 16]) so all combos stay full-length.
Cross-product cap (256) reached for toponym 'Westbourne' — capped per-word options (was [312], now [256]) so all combos stay full-length.
Cross-product cap (256) reached for toponym 'Westcott Barton' — capped per-word options (was [158, 118], now [16, 16]) so all combos stay full-length.
Cross-product cap (256) reached for toponym 'Westerfield' — capped per-word options (was [540], now [256]) so all combos stay full-length.
Cross-product cap (256) reached for toponym 'Westgate' — capped per-word options (was [405], now [256]) so all combos stay full-length.
Cross-product cap (256) reached for toponym 'Westleton' — capped per-word options (was [418], now [256]) so all combos stay full-length.
Cross-product cap (256) reached for toponym 'Westmancote' — capped per-word options (was [2664], now [256]) so all combos stay full-length.
Cross-product cap (256) reached for toponym 'Westminster' — capped per-word options (was [3024], now [256]) so all combos stay full-length.
Cross-product cap (256) reached for toponym 'Weston Colville' — capped per-word options (was [57, 97], now [16, 16]) so all combos stay full-length.
Cross-product cap (256) reached for toponym 'Weston Green' — capped per-word options (was [57, 80], now [16, 16]) so all combos stay full-length.
Cross-product cap (256) reached for toponym 'Weston Longville' — capped per-word options (was [57, 313], now [16, 16]) so all combos stay full-length.
Cross-product cap (256) reached for toponym 'Weston Patrick' — capped per-word options (was [57, 60], now [16, 16]) so all combos stay full-length.
Cross-product cap (256) reached for toponym 'Westoning' — capped per-word options (was [606], now [256]) so all combos stay full-length.
Cross-product cap (256) reached for toponym 'Weybridge' — capped per-word options (was [345], now [256]) so all combos stay full-length.
Cross-product cap (256) reached for toponym 'White Waltham' — capped per-word options (was [13, 63], now [13, 19]) so all combos stay full-length.
Cross-product cap (256) reached for toponym 'Whitestone' — capped per-word options (was [609], now [256]) so all combos stay full-length.
Cross-product cap (256) reached for toponym 'Wickersley' — capped per-word options (was [287], now [256]) so all combos stay full-length.
Cross-product cap (256) reached for toponym 'Wickham Market' — capped per-word options (was [19, 141], now [16, 16]) so all combos stay full-length.
Cross-product cap (256) reached for toponym 'Willersley' — capped per-word options (was [287], now [256]) so all combos stay full-length.
Cross-product cap (256) reached for toponym 'Williamthorpe' — capped per-word options (was [447], now [256]) so all combos stay full-length.
Cross-product cap (256) reached for toponym 'Willingdon' — capped per-word options (was [415], now [256]) so all combos stay full-length.
Cross-product cap (256) reached for toponym 'Willington' — capped per-word options (was [828], now [256]) so all combos stay full-length.
Cross-product cap (256) reached for toponym 'Willoughton' — capped per-word options (was [506], now [256]) so all combos stay full-length.
Cross-product cap (256) reached for toponym 'Wilmington' — capped per-word options (was [507], now [256]) so all combos stay full-length.
Cross-product cap (256) reached for toponym 'Wincanton' — capped per-word options (was [1045], now [256]) so all combos stay full-length.
Cross-product cap (256) reached for toponym 'Windermere' — capped per-word options (was [802], now [256]) so all combos stay full-length.
Cross-product cap (256) reached for toponym 'Winestead' — capped per-word options (was [284], now [256]) so all combos stay full-length.
Cross-product cap (256) reached for toponym 'Wingerworth' — capped per-word options (was [1323], now [256]) so all combos stay full-length.
Cross-product cap (256) reached for toponym 'Winstanley' — capped per-word options (was [1615], now [256]) so all combos stay full-length.
Cross-product cap (256) reached for toponym 'Winstone' — capped per-word options (was [264], now [256]) so all combos stay full-length.
Cross-product cap (256) reached for toponym 'Winterborne Kingston' — capped per-word options (was [1596, 286], now [16, 16]) so all combos stay full-length.
Cross-product cap (256) reached for toponym 'Winterborne Whitechurch' — capped per-word options (was [1596, 116], now [16, 16]) so all combos stay full-length.
Cross-product cap (256) reached for toponym 'Winterbourne' — capped per-word options (was [1828], now [256]) so all combos stay full-length.
Cross-product cap (256) reached for toponym 'Winterbourne Bassett' — capped per-word options (was [1828, 267], now [16, 16]) so all combos stay full-length.
Cross-product cap (256) reached for toponym 'Winterbourne Stoke' — capped per-word options (was [1828, 13], now [19, 13]) so all combos stay full-length.
Cross-product cap (256) reached for toponym 'Winterburn' — capped per-word options (was [836], now [256]) so all combos stay full-length.
Cross-product cap (256) reached for toponym 'Winteringham' — capped per-word options (was [4446], now [256]) so all combos stay full-length.
Cross-product cap (256) reached for toponym 'Winterton' — capped per-word options (was [1117], now [256]) so all combos stay full-length.
Cross-product cap (256) reached for toponym 'Witham on the Hill' — capped per-word options (was [30, 3, 6, 7], now [4, 3, 4, 5]) so all combos stay full-length.
Cross-product cap (256) reached for toponym 'Withernsea' — capped per-word options (was [1170], now [256]) so all combos stay full-length.
Cross-product cap (256) reached for toponym 'Wolstanton' — capped per-word options (was [1611], now [256]) so all combos stay full-length.
Cross-product cap (256) reached for toponym 'Wolvercote' — capped per-word options (was [306], now [256]) so all combos stay full-length.
Cross-product cap (256) reached for toponym 'Wolverhampton' — capped per-word options (was [1909], now [256]) so all combos stay full-length.
Cross-product cap (256) reached for toponym 'Wolverton' — capped per-word options (was [357], now [256]) so all combos stay full-length.
Cross-product cap (256) reached for toponym 'Wood Dalling' — capped per-word options (was [5, 140], now [5, 51]) so all combos stay full-length.
Cross-product cap (256) reached for toponym 'Wood Enderby' — capped per-word options (was [5, 132], now [5, 51]) so all combos stay full-length.
Cross-product cap (256) reached for toponym 'Wood Norton' — capped per-word options (was [5, 115], now [5, 51]) so all combos stay full-length.
Cross-product cap (256) reached for toponym 'Woodcote Green' — capped per-word options (was [48, 80], now [16, 16]) so all combos stay full-length.
Cross-product cap (256) reached for toponym 'Woodmancote' — capped per-word options (was [950], now [256]) so all combos stay full-length.
Cross-product cap (256) reached for toponym 'Woodmancott' — capped per-word options (was [948], now [256]) so all combos stay full-length.
Cross-product cap (256) reached for toponym 'Woodnewton' — capped per-word options (was [548], now [256]) so all combos stay full-length.
Cross-product cap (256) reached for toponym 'Worlingham' — capped per-word options (was [290], now [256]) so all combos stay full-length.
Cross-product cap (256) reached for toponym 'Worlington' — capped per-word options (was [994], now [256]) so all combos stay full-length.
Cross-product cap (256) reached for toponym 'Worlingworth' — capped per-word options (was [1065], now [256]) so all combos stay full-length.
Cross-product cap (256) reached for toponym 'Wormingford' — capped per-word options (was [990], now [256]) so all combos stay full-length.
Cross-product cap (256) reached for toponym 'Worminghall' — capped per-word options (was [750], now [256]) so all combos stay full-length.
Cross-product cap (256) reached for toponym 'Wymington' — capped per-word options (was [632], now [256]) so all combos stay full-length.
Cross-product cap (256) reached for toponym 'Grangemouth' — capped per-word options (was [1501], now [256]) so all combos stay full-length.
Cross-product cap (256) reached for toponym 'Inveraray' — capped per-word options (was [580], now [256]) so all combos stay full-length.
Cross-product cap (256) reached for toponym 'Inverlochy' — capped per-word options (was [658], now [256]) so all combos stay full-length.
Cross-product cap (256) reached for toponym 'Kingston' — capped per-word options (was [286], now [256]) so all combos stay full-length.
Cross-product cap (256) reached for toponym 'Newbridge' — capped per-word options (was [418], now [256]) so all combos stay full-length.
Cross-product cap (256) reached for toponym 'Newmarket' — capped per-word options (was [1105], now [256]) so all combos stay full-length.
Cross-product cap (256) reached for toponym 'Newstead' — capped per-word options (was [267], now [256]) so all combos stay full-length.
Cross-product cap (256) reached for toponym 'Springfield' — capped per-word options (was [423], now [256]) so all combos stay full-length.
Cross-product cap (256) reached for toponym 'Stanley' — capped per-word options (was [270], now [256]) so all combos stay full-length.
Cross-product cap (256) reached for toponym 'Stenhousemuir' — capped per-word options (was [1800], now [256]) so all combos stay full-length.
Cross-product cap (256) reached for toponym 'Stonehouse' — capped per-word options (was [350], now [256]) so all combos stay full-length.
Cross-product cap (256) reached for toponym 'Thornton' — capped per-word options (was [571], now [256]) so all combos stay full-length.
Cross-product cap (256) reached for toponym 'Aston Park' — capped per-word options (was [41, 12], now [21, 12]) so all combos stay full-length.
Cross-product cap (256) reached for toponym 'Bryngwyn' — capped per-word options (was [420], now [256]) so all combos stay full-length.
Cross-product cap (256) reached for toponym 'Castleton' — capped per-word options (was [746], now [256]) so all combos stay full-length.
Cross-product cap (256) reached for toponym 'Greenfield' — capped per-word options (was [779], now [256]) so all combos stay full-length.
Cross-product cap (256) reached for toponym 'Greenhill' — capped per-word options (was [431], now [256]) so all combos stay full-length.
Cross-product cap (256) reached for toponym 'Greenway' — capped per-word options (was [430], now [256]) so all combos stay full-length.
Cross-product cap (256) reached for toponym 'Langstone' — capped per-word options (was [774], now [256]) so all combos stay full-length.
Cross-product cap (256) reached for toponym 'Newbridge' — capped per-word options (was [418], now [256]) so all combos stay full-length.
Cross-product cap (256) reached for toponym 'Newcastle' — capped per-word options (was [399], now [256]) so all combos stay full-length.
Cross-product cap (256) reached for toponym 'Springfield' — capped per-word options (was [423], now [256]) so all combos stay full-length.
Cross-product cap (256) reached for toponym 'Thornton' — capped per-word options (was [571], now [256]) so all combos stay full-length.
Cross-product cap (256) reached for toponym 'Treharris' — capped per-word options (was [450], now [256]) so all combos stay full-length.
Cross-product cap (256) reached for toponym 'Treherbert' — capped per-word options (was [2358], now [256]) so all combos stay full-length.
Cross-product cap (256) reached for toponym 'Waterston' — capped per-word options (was [814], now [256]) so all combos stay full-length.
Cross-product cap (256) reached for toponym 'Cardington' — capped per-word options (was [1991], now [256]) so all combos stay full-length.
Cross-product cap (256) reached for toponym 'Castleore' — capped per-word options (was [505], now [256]) so all combos stay full-length.
Cross-product cap (256) reached for toponym 'Clashbane' — capped per-word options (was [274], now [256]) so all combos stay full-length.
Cross-product cap (256) reached for toponym 'Clonbunny' — capped per-word options (was [567], now [256]) so all combos stay full-length.
Cross-product cap (256) reached for toponym 'Derryowen' — capped per-word options (was [406], now [256]) so all combos stay full-length.
Cross-product cap (256) reached for toponym 'Eastwell' — capped per-word options (was [280], now [256]) so all combos stay full-length.
/home/devon/521Studios/wyrd/wyrd/generators/kenning/runtime/name.py:243: DecompositionTruncatedWarning: all_decompositions on 'Gortacarnan' (len=11) hit the per-position cap of 10000; returned list is a deterministic but non-exhaustive subset. Use canonical_decompositions for memory-bounded best-parse enumeration, or raise the cap if exhaustiveness matters here.
  else all_decompositions(word, trie)
Cross-product cap (256) reached for toponym 'Gortacarnan' — capped per-word options (was [10000], now [256]) so all combos stay full-length.
Cross-product cap (256) reached for toponym 'Greenfield' — capped per-word options (was [779], now [256]) so all combos stay full-length.
Cross-product cap (256) reached for toponym 'Greenhill' — capped per-word options (was [431], now [256]) so all combos stay full-length.
Cross-product cap (256) reached for toponym 'Greenridge' — capped per-word options (was [1768], now [256]) so all combos stay full-length.
Cross-product cap (256) reached for toponym 'Killaghaduff' — capped per-word options (was [264], now [256]) so all combos stay full-length.
Cross-product cap (256) reached for toponym 'Kingston' — capped per-word options (was [286], now [256]) so all combos stay full-length.
Cross-product cap (256) reached for toponym 'Littleton' — capped per-word options (was [528], now [256]) so all combos stay full-length.
Cross-product cap (256) reached for toponym 'Longford' — capped per-word options (was [288], now [256]) so all combos stay full-length.
Cross-product cap (256) reached for toponym 'Longstone' — capped per-word options (was [1118], now [256]) so all combos stay full-length.
Cross-product cap (256) reached for toponym 'Longtown' — capped per-word options (was [520], now [256]) so all combos stay full-length.
Cross-product cap (256) reached for toponym 'Lurganbane' — capped per-word options (was [1274], now [256]) so all combos stay full-length.
Cross-product cap (256) reached for toponym 'Milverton' — capped per-word options (was [322], now [256]) so all combos stay full-length.
Cross-product cap (256) reached for toponym 'Newbridge' — capped per-word options (was [418], now [256]) so all combos stay full-length.
Cross-product cap (256) reached for toponym 'Newcastle' — capped per-word options (was [399], now [256]) so all combos stay full-length.
Cross-product cap (256) reached for toponym 'Newmarket' — capped per-word options (was [1105], now [256]) so all combos stay full-length.
Cross-product cap (256) reached for toponym 'Northbrook' — capped per-word options (was [410], now [256]) so all combos stay full-length.
Cross-product cap (256) reached for toponym 'Springfield' — capped per-word options (was [423], now [256]) so all combos stay full-length.
Cross-product cap (256) reached for toponym 'Stanney' — capped per-word options (was [731], now [256]) so all combos stay full-length.
Cross-product cap (256) reached for toponym 'Stonehouse' — capped per-word options (was [350], now [256]) so all combos stay full-length.
Cross-product cap (256) reached for toponym 'Warrington' — capped per-word options (was [2369], now [256]) so all combos stay full-length.
Cross-product cap (256) reached for toponym 'Wellington' — capped per-word options (was [1823], now [256]) so all combos stay full-length.
Wrote L4 DB to wyrd/generators/kenning/data/seed-runtime.db: 74501 meaning rows, 6 fantasy morphemes, 3154 canonical decompositions, 31817 proportion rows across 5 cultures.
=== FINAL after-reports (vs empirical-less intermediate) 06:03UTC ===
=== after-reports start 06:03UTC ===
report: 0
stats: 0
enrichment-status: 0
era-coverage: 0
language-report: 0
export-meanings: 0
rando: 1
drift-report (culture=english, count=1000, seed=0, priors=yes)...
  sample sizes: proportions=1000, vector=1000
  wrote: data/mining/reports/after-rebuild-20260529/drift_english.md
drift english md: 0
drift-report (culture=english, count=1000, seed=0, priors=yes)...
  sample sizes: proportions=1000, vector=1000
  wrote: data/mining/reports/after-rebuild-20260529/drift_english.json
drift english json: 0
drift-report (culture=scottish, count=1000, seed=0, priors=yes)...
  sample sizes: proportions=1000, vector=1000
  wrote: data/mining/reports/after-rebuild-20260529/drift_scottish.md
drift scottish md: 0
drift-report (culture=scottish, count=1000, seed=0, priors=yes)...
  sample sizes: proportions=1000, vector=1000
  wrote: data/mining/reports/after-rebuild-20260529/drift_scottish.json
drift scottish json: 0
drift-report (culture=welsh, count=1000, seed=0, priors=yes)...
  sample sizes: proportions=1000, vector=1000
  wrote: data/mining/reports/after-rebuild-20260529/drift_welsh.md
drift welsh md: 0
drift-report (culture=welsh, count=1000, seed=0, priors=yes)...
  sample sizes: proportions=1000, vector=1000
  wrote: data/mining/reports/after-rebuild-20260529/drift_welsh.json
drift welsh json: 0
drift-report (culture=irish, count=1000, seed=0, priors=yes)...
  sample sizes: proportions=1000, vector=1000
  wrote: data/mining/reports/after-rebuild-20260529/drift_irish.md
drift irish md: 0
drift-report (culture=irish, count=1000, seed=0, priors=yes)...
  sample sizes: proportions=1000, vector=1000
  wrote: data/mining/reports/after-rebuild-20260529/drift_irish.json
drift irish json: 0
drift-report (culture=breton, count=1000, seed=0, priors=yes)...
  sample sizes: proportions=1000, vector=1000
  wrote: data/mining/reports/after-rebuild-20260529/drift_breton.md
drift breton md: 0
drift-report (culture=breton, count=1000, seed=0, priors=yes)...
  sample sizes: proportions=1000, vector=1000
  wrote: data/mining/reports/after-rebuild-20260529/drift_breton.json
drift breton json: 0
=== after-reports done 06:08UTC ===
=== wyrd-36ez semantic-coherence audit on cleaned bundle 06:23UTC ===
